Close,Open,High,Low,Change(%),Ticker,Category,Date
762.9149780273438,767.6799926757812,768.6300048828125,762.1699829101562,-0.62,IVV,ETF (指數/股息/債券),2026-10-31
765.8499755859375,763.4336734731619,778.510009765625,751.02001953125,0.32,IVV,ETF (指數/股息/債券),2026-09-30
768.5189208984375,750.8400481341856,780.8334052330835,750.4910202195201,2.35,IVV,ETF (指數/股息/債券),2026-08-31
748.1577758789062,746.2532701275338,756.9025237596793,730.3891767580201,0.26,IVV,ETF (指數/股息/債券),2026-07-31
746.73193359375,754.7755528457494,759.7577198802588,721.9190328527233,-1.07,IVV,ETF (指數/股息/債券),2026-06-30
755.8296508789062,720.5267868260336,757.4208029611876,714.3513470891763,4.9,IVV,ETF (指數/股息/債券),2026-05-31
718.0606079101562,653.182855069438,719.134628047013,644.481433733731,9.93,IVV,ETF (指數/股息/債券),2026-04-30
649.5829467773438,676.1743325123203,686.0725467450134,628.6299328199977,-3.93,IVV,ETF (指數/股息/債券),2026-03-31
683.7318725585938,686.9751363274992,694.5327329598148,673.2385267549696,-0.47,IVV,ETF (指數/股息/債券),2026-02-28
689.335693359375,683.0971499661607,695.2268855046833,674.0121408155044,0.91,IVV,ETF (指數/股息/債券),2026-01-31
679.3282470703125,674.2233085574513,689.0083035364773,666.6529881833358,0.76,IVV,ETF (指數/股息/債券),2025-12-31
678.8485717773438,680.9734935511465,681.1019180205333,646.3925512236106,-0.31,IVV,ETF (指數/股息/債券),2025-11-30
677.2178955078125,658.5784240060134,684.9661799232379,648.3593483779248,2.83,IVV,ETF (指數/股息/債券),2025-10-31
661.47412109375,631.2474228849677,662.7094808439015,628.6953690944864,4.79,IVV,ETF (指數/股息/債券),2025-09-30
638.8148193359375,620.1327894078528,643.1207206454591,613.1861631572136,3.01,IVV,ETF (指數/股息/債券),2025-08-31
625.5916137695312,610.2203420421332,633.5137158885844,609.4123569626485,2.52,IVV,ETF (指數/股息/債券),2025-07-31
611.7968139648438,580.0805620773853,612.9988982939701,577.4579133274484,5.47,IVV,ETF (指數/股息/債券),2025-06-30
581.652099609375,553.0385869195397,587.8010811904205,548.7852516498133,5.17,IVV,ETF (指數/股息/債券),2025-05-31
548.0682983398438,550.0918657706519,559.9341493594342,475.41946621057235,-0.37,IVV,ETF (指數/股息/債券),2025-04-30
551.9384765625,586.6358224454381,587.732552828631,539.6600806606211,-5.91,IVV,ETF (指數/股息/債券),2025-03-31
584.6383056640625,583.2085980901505,603.4197435970746,573.1421776797765,0.25,IVV,ETF (指數/股息/債券),2025-02-28
592.0999755859375,579.8693634806566,601.0402253210037,565.9937278534939,2.11,IVV,ETF (指數/股息/債券),2025-01-31
576.4519653320312,591.3062993745934,597.2783475055388,571.545995060702,-2.51,IVV,ETF (指數/股息/債券),2024-12-31
590.42822265625,560.1392865562678,591.647974535184,556.8313101053764,5.41,IVV,ETF (指數/股息/債券),2024-11-30
557.4166870117188,562.1982318648527,574.6786491357647,554.2259024961552,-0.85,IVV,ETF (指數/股息/債券),2024-10-31
562.8617553710938,547.760581696769,563.496053474112,527.2315764539017,2.76,IVV,ETF (指數/股息/債券),2024-09-30
550.8904418945312,540.0232703501877,551.4542281687799,498.6640435198541,2.01,IVV,ETF (指數/股息/債券),2024-08-31
537.8362426757812,533.2289452248176,552.3386620978804,525.2583100358164,0.86,IVV,ETF (指數/股息/債券),2024-07-31
531.9166870117188,515.2843177217804,537.768246610236,509.0238601846098,3.23,IVV,ETF (指數/股息/債券),2024-06-30
513.58837890625,488.2365252726637,519.1899082475874,486.46305478468486,5.19,IVV,ETF (指數/股息/債券),2024-05-31
488.8568115234375,510.0995743563418,510.68107453404565,480.9681735656622,-4.16,IVV,ETF (指數/股息/債券),2024-04-30
509.48907470703125,494.1062631430069,510.8748918989137,490.116609832482,3.11,IVV,ETF (指數/股息/債券),2024-03-31
493.11126708984375,470.3805416425324,495.21728879241186,469.64634753395245,4.83,IVV,ETF (指數/股息/債券),2024-02-29
468.7189636230469,458.28577933522394,477.2007783112122,452.7311151593768,2.28,IVV,ETF (指數/股息/債券),2024-01-31
461.4060974121094,440.55863995058724,463.4926965608707,439.17306850808217,4.73,IVV,ETF (指數/股息/債券),2023-12-31
441.06854248046875,405.0938109111752,442.9735639412867,404.56464042058235,8.88,IVV,ETF (指數/股息/債券),2023-11-30
404.0449523925781,412.2713878915083,423.3938423051172,395.46260508969385,-2.0,IVV,ETF (指數/股息/債券),2023-10-31
413.17578125,436.4729382423916,436.86562564389175,408.1052088536549,-5.34,IVV,ETF (指數/股息/債券),2023-09-30
433.5708923339844,439.3653697234926,440.2082081045499,416.90571283197687,-1.32,IVV,ETF (指數/股息/債券),2023-08-31
440.7444763183594,426.425994932826,442.3727352745795,420.79423690260853,3.36,IVV,ETF (指數/股息/債券),2023-07-31
426.88568115234375,400.9705679874043,427.75725132262977,399.7675614986404,6.46,IVV,ETF (指數/股息/債券),2023-06-30
400.4645690917969,398.4213160118634,405.2384945904723,387.20253871887616,0.51,IVV,ETF (指數/股息/債券),2023-05-31
398.77459716796875,392.1388699221275,398.85096697320364,387.20262036456836,1.69,IVV,ETF (指數/股息/債券),2023-04-30
392.4920959472656,377.6784945349759,392.83583290277033,363.5590100110736,3.92,IVV,ETF (指數/股息/債券),2023-03-31
378.3915710449219,387.07245159696384,399.57546538285726,376.02409776701313,-2.24,IVV,ETF (指數/股息/債券),2023-02-28
388.2228698730469,367.1245349223527,389.8963880042973,360.9253016150575,5.75,IVV,ETF (指數/股息/債券),2023-01-31
365.3085021972656,388.79566665127714,390.24812247314884,357.96834099565257,-6.04,IVV,ETF (指數/股息/債券),2022-12-31
387.50811767578125,370.8933198858233,387.50811767578125,350.57694369722606,4.48,IVV,ETF (指數/股息/債券),2022-11-30
367.12542724609375,343.23040724485145,370.30643931263154,330.9041676835836,6.96,IVV,ETF (指數/股息/債券),2022-10-31
339.53826904296875,371.93800242620847,389.87090789157907,339.4246682202256,-8.71,IVV,ETF (指數/股息/債券),2022-09-30
374.08544921875,387.42204683983533,408.79279790420577,374.00068583411667,-3.44,IVV,ETF (指數/股息/債券),2022-08-31
390.1911926269531,356.5104495080772,391.057710773275,351.2831993971723,9.45,IVV,ETF (指數/股息/債券),2022-07-31
357.10382080078125,391.5233559471138,393.6827992386035,342.8629879891694,-8.79,IVV,ETF (指數/股息/債券),2022-06-30
389.53277587890625,388.3591370929307,405.1471266262014,358.8299591734401,0.3,IVV,ETF (指數/股息/債券),2022-05-31
388.3028564453125,427.4560064029746,431.70939717085406,387.75829110040445,-9.16,IVV,ETF (指數/股息/債券),2022-04-30
425.9819641113281,408.9529845465552,435.7092463684076,390.1523294131481,4.16,IVV,ETF (指數/股息/債券),2022-03-31
410.5625915527344,423.6360104844563,430.60785773573207,385.9318714845853,-3.09,IVV,ETF (指數/股息/債券),2022-02-28
422.77496337890625,447.6772299196517,451.1303900130069,395.4397674261733,-5.56,IVV,ETF (指數/股息/債券),2022-01-31
446.3763732910156,432.33115473079135,450.21319665995355,420.4745521997597,3.25,IVV,ETF (指數/股息/債券),2021-12-31
426.90191650390625,431.09972985050376,443.5719448924356,426.43548957390936,-0.97,IVV,ETF (指數/股息/債券),2021-11-30
430.0362854003906,403.64589813317895,430.4094497135798,399.27076900885754,6.54,IVV,ETF (指數/股息/債券),2021-10-31
401.8921813964844,422.4211337752791,423.84304630151354,401.6231260455728,-4.86,IVV,ETF (指數/股息/債券),2021-09-30
421.6405334472656,411.01850444513485,422.92308610569233,407.0503159546881,2.58,IVV,ETF (指數/股息/債券),2021-08-31
409.2713317871094,400.2662806402159,412.3566469669897,393.85391901554027,2.25,IVV,ETF (指數/股息/債券),2021-07-31
399.5321960449219,393.1124749753867,400.18270128506805,387.04213335517716,1.63,IVV,ETF (指數/股息/債券),2021-06-30
390.7124328613281,390.1286536902859,393.28848431260786,376.52574986052656,0.15,IVV,ETF (指數/股息/債券),2021-05-31
388.14569091796875,370.53980562747097,391.2962984858965,370.3359464483129,4.75,IVV,ETF (指數/股息/債券),2021-04-30
368.6310119628906,357.5662599620947,370.1692172279837,344.710949872949,3.09,IVV,ETF (指數/股息/債券),2021-03-31
352.5700378417969,346.47492186994066,365.3884528308337,344.19384009545973,1.76,IVV,ETF (指數/股息/債券),2021-02-28
343.10400390625,347.87858063111224,357.5847109615214,338.1539768305138,-1.37,IVV,ETF (指數/股息/債券),2021-01-31
346.6780090332031,337.35352584298926,347.27828762646294,335.2570025645935,2.76,IVV,ETF (指數/股息/債券),2020-12-31
334.0617370605469,304.69388342720043,336.2408822185071,301.9354742389187,9.64,IVV,ETF (指數/股息/債券),2020-11-30
301.236572265625,311.5438875320552,326.64158472763,297.65064707563903,-3.31,IVV,ETF (指數/股息/債券),2020-10-31
308.9970397949219,321.89656754576276,329.74991919019266,295.07622763276794,-4.01,IVV,ETF (指數/股息/債券),2020-09-30
321.0636291503906,301.7415080477075,322.89425114888707,301.1923157146934,6.4,IVV,ETF (指數/股息/債券),2020-08-31
300.0572204589844,284.42380850207115,302.1075170909676,283.9753149287636,5.5,IVV,ETF (指數/股息/債券),2020-07-31
283.46258544921875,277.68877587403426,295.83743822704105,271.3805833722863,2.08,IVV,ETF (指數/股息/債券),2020-06-30
278.18115234375,260.8711179957826,280.66959250999486,250.6710969025919,6.64,IVV,ETF (指數/股息/債券),2020-05-31
265.40142822265625,226.75247453920113,269.6674450300696,222.97873628979073,17.04,IVV,ETF (指數/股息/債券),2020-04-30
235.53964233398438,271.1587324487005,285.4804345102792,199.5418432373144,-13.14,IVV,ETF (指數/股息/債券),2020-03-31
268.0517578125,294.23091722563146,308.56150208572734,259.71787449165384,-8.9,IVV,ETF (指數/股息/債券),2020-02-29
292.8086853027344,294.3848815139102,302.95428382723503,291.48617864331044,-0.54,IVV,ETF (指數/股息/債券),2020-01-31
292.8086853027344,284.80806549058263,294.5751660706034,278.0126286183136,2.81,IVV,ETF (指數/股息/債券),2019-12-31
284.47509765625,276.00546436711295,285.5731739991728,275.8434589438275,3.07,IVV,ETF (指數/股息/債券),2019-11-30
274.49334716796875,269.4800121106133,275.61837350516385,257.79712856772096,1.86,IVV,ETF (指數/股息/債券),2019-10-31
268.68798828125,261.75912292578715,272.6321798414165,260.5858395462122,2.65,IVV,ETF (指數/股息/債券),2019-09-30
263.5594177246094,268.0823570968339,271.0200484723262,253.77005153138458,-1.69,IVV,ETF (指數/股息/債券),2019-08-31
268.001708984375,267.2314243055319,272.2559441632302,265.126670179962,0.29,IVV,ETF (指數/股息/債券),2019-07-31
263.9892883300781,246.71062869157552,266.18355727442787,244.7077460403734,7.0,IVV,ETF (指數/股息/債券),2019-06-30
246.84413146972656,264.1402632833566,264.3182810575899,246.67499699554452,-6.55,IVV,ETF (指數/股息/債券),2019-05-31
263.4368896484375,255.15843617617952,263.89986565364035,254.9002791743012,3.24,IVV,ETF (指數/股息/債券),2019-04-30
253.3068084716797,250.2119147544155,255.54115441605077,243.03006381050793,1.24,IVV,ETF (指數/股息/債券),2019-03-31
248.54498291015625,240.99074269910616,250.97443364534354,238.92493087497144,3.13,IVV,ETF (指數/股息/債券),2019-02-28
240.76907348632812,219.4807114030146,241.19467394899357,217.29956004807022,9.7,IVV,ETF (指數/股息/債券),2019-01-31
223.08938598632812,248.71898282942632,248.85107336630864,208.50119904484646,-10.3,IVV,ETF (指數/股息/債券),2018-12-31
244.81785583496094,240.99573590445527,249.5116253072464,233.3870935671536,1.59,IVV,ETF (指數/股息/債券),2018-11-30
240.2032928466797,259.17215602820625,260.1407409212139,230.59544541193347,-7.32,IVV,ETF (指數/股息/債券),2018-10-31
257.78961181640625,255.97779553849918,260.14262105238896,253.19829846608226,0.71,IVV,ETF (指數/股息/債券),2018-09-30
256.41619873046875,248.54237047619935,257.6349337424768,246.49060134918093,3.17,IVV,ETF (指數/股息/債券),2018-08-31
248.38461303710938,237.93293201194203,251.10268110957483,237.7049778989953,4.39,IVV,ETF (指數/股息/債券),2018-07-31
239.41473388671875,239.40420761682842,245.61795043415637,237.0211081689561,0.0,IVV,ETF (指數/股息/債券),2018-06-30
238.0165557861328,231.95117919517207,241.0187276120695,227.6137691368539,2.61,IVV,ETF (指數/股息/債券),2018-05-31
232.4136962890625,230.72062336110818,238.37433550877725,223.7912352058528,0.73,IVV,ETF (指數/股息/債券),2018-04-30
231.59336853027344,237.5814661496883,245.43534226772863,226.56653044856552,-2.52,IVV,ETF (指數/股息/債券),2018-03-31
237.47720336914062,246.0088815738363,247.7464778331399,221.34358986801013,-3.47,IVV,ETF (指數/股息/債券),2018-02-28
246.86886596679688,234.43647030018593,250.81321802264284,234.02813414278233,5.3,IVV,ETF (指數/股息/債券),2018-01-31
233.57630920410156,230.5440568542157,235.066586748287,227.0505908356885,1.32,IVV,ETF (指數/股息/債券),2017-12-31
230.78614807128906,224.64659671809895,231.63356050770346,222.56264122692363,2.73,IVV,ETF (指數/股息/債券),2017-11-30
223.79917907714844,218.939438556727,224.516904400802,218.87025906383343,2.22,IVV,ETF (指數/股息/債券),2017-10-31
218.714599609375,214.76066226376267,218.79243478471236,212.17115856232368,1.84,IVV,ETF (指數/股息/債券),2017-09-30
214.33908081054688,214.3476930521726,215.59520570389273,209.44392292405936,-0.0,IVV,ETF (指數/股息/債券),2017-08-31
213.7541046142578,210.34727063700112,214.81229601477781,208.16204007710354,1.62,IVV,ETF (指數/股息/債券),2017-07-31
209.40951538085938,208.51005042510405,211.95280316409867,207.83512508652862,0.43,IVV,ETF (指數/股息/債券),2017-06-30
208.02188110351562,205.70105435908826,208.62996705461165,202.89200171218033,1.13,IVV,ETF (指數/股息/債券),2017-05-31
205.16148376464844,203.20031399789994,206.43761584067164,200.41703875034588,0.97,IVV,ETF (指數/股息/債券),2017-04-30
203.2003173828125,204.52208148601125,206.18479070693607,199.62909134802553,-0.65,IVV,ETF (指數/股息/債券),2017-03-31
202.96173095703125,195.85044342012162,203.6012386291,194.5970198226294,3.63,IVV,ETF (指數/股息/債券),2017-02-28
195.20240783691406,193.04513577248244,197.05263677176254,192.056045115016,1.12,IVV,ETF (指數/股息/債券),2017-01-31
191.84288024902344,188.190322699312,194.73544392822143,186.87620109327932,1.94,IVV,ETF (指數/股息/債券),2016-12-31
187.81724548339844,181.54341941815704,189.14832683873803,177.67732613322605,3.46,IVV,ETF (指數/股息/債券),2016-11-30
181.17037963867188,184.00208643129494,184.7651330508885,180.08518126346573,-1.54,IVV,ETF (指數/股息/債券),2016-10-31
759.47998046875,764.3599853515625,765.3300170898438,758.7901000976562,-0.64,SPY,ETF (指數/股息/債券),2026-10-31
762.6300048828125,760.1224772031874,775.1400146484375,747.7432005092232,0.33,SPY,ETF (指數/股息/債券),2026-09-30
765.1499633789062,747.5836183167282,777.4394855444215,746.9451890027125,2.35,SPY,ETF (指數/股息/債券),2026-08-31
745.1796264648438,743.1545925484338,753.7084197839658,727.2939826612791,0.27,SPY,ETF (指數/股息/債券),2026-07-31
744.9202270507812,751.5527103892452,756.5674107365072,714.8050317832251,-0.88,SPY,ETF (指數/股息/債券),2026-06-30
752.6671142578125,717.6146516977453,754.2590862562773,711.3861936216806,4.88,SPY,ETF (指數/股息/債券),2026-05-31
715.0377197265625,650.6041659517412,716.1620290590424,641.858474913505,9.9,SPY,ETF (指數/股息/債券),2026-04-30
647.0621337890625,673.4400139353526,683.2831159083878,626.108284608157,-3.92,SPY,ETF (指數/股息/債券),2026-03-31
680.6734619140625,684.2356737126761,691.7370759669038,670.5426469985775,-0.52,SPY,ETF (指數/股息/債券),2026-02-28
686.6071166992188,680.395719787287,692.4316225777728,671.3264922720098,0.91,SPY,ETF (指數/股息/債券),2026-01-31
676.635009765625,671.5647168500374,686.2994739503212,664.0358872930294,0.75,SPY,ETF (指數/股息/債券),2025-12-31
676.0958251953125,678.3514127088982,678.480029971011,643.9031662606766,-0.33,SPY,ETF (指數/股息/債券),2025-11-30
674.780029296875,656.0916952927918,682.338503435176,645.8719162752307,2.85,SPY,ETF (指數/股息/債券),2025-10-31
659.0694580078125,628.9518765829083,660.2172101260659,626.406454480519,4.79,SPY,ETF (指數/股息/債券),2025-09-30
636.400634765625,617.9020886786027,640.7712386679527,610.9860743719428,2.99,SPY,ETF (指數/股息/債券),2025-08-31
623.6046752929688,608.0954226976304,631.2704491095576,607.2667196950123,2.55,SPY,ETF (指數/股息/債券),2025-07-31
609.5653076171875,578.1695751189003,610.9169326524568,575.5136188023458,5.43,SPY,ETF (指數/股息/債券),2025-06-30
579.7730102539062,551.2265048528457,585.8227258062999,546.9672292946763,5.18,SPY,ETF (指數/股息/債券),2025-05-31
545.49169921875,548.3542481941281,558.1615443859063,473.9385334512268,-0.52,SPY,ETF (指數/股息/債券),2025-04-30
550.2625732421875,584.6933298193593,585.8310134980443,537.9468400615768,-5.89,SPY,ETF (指數/股息/債券),2025-03-31
582.7318115234375,581.2509726905776,601.4148744301086,571.2180179577261,0.25,SPY,ETF (指數/股息/債券),2025-02-28
590.2246704101562,578.0342755155312,599.0120815203885,564.2646890570356,2.11,SPY,ETF (指數/股息/債券),2025-01-31
574.7879028320312,589.3688921712513,595.3313805479372,569.7175591199479,-2.47,SPY,ETF (指數/股息/債券),2024-12-31
588.9583129882812,558.4327703071272,589.7402555167076,555.0802349340614,5.47,SPY,ETF (指數/股息/債券),2024-11-30
555.8132934570312,560.465907913519,572.8989075595229,552.519332659213,-0.83,SPY,ETF (指數/股息/債券),2024-10-31
560.8178100585938,546.1522480402451,561.7464186568862,525.659610039857,2.69,SPY,ETF (指數/股息/債券),2024-09-30
549.2803955078125,538.4542703754322,549.7871307787254,497.234761759116,2.01,SPY,ETF (指數/股息/債券),2024-08-31
536.7391967773438,531.6915058832783,550.72262227623,523.7204457786454,0.95,SPY,ETF (指數/股息/債券),2024-07-31
530.3174438476562,513.8480057418088,536.2226934820135,507.6120852543447,3.21,SPY,ETF (指數/股息/債券),2024-06-30
512.245361328125,487.00076428433056,517.7819613409337,485.22323354848663,5.18,SPY,ETF (指數/股息/債券),2024-05-31
487.58355712890625,508.80690155295423,509.3411160418204,479.6964327690104,-4.17,SPY,ETF (指數/股息/債券),2024-04-30
508.0686340332031,492.8515431020925,509.5644462989382,488.91052345565936,3.09,SPY,ETF (指數/股息/債券),2024-03-31
491.9799499511719,469.27310972065493,493.9650440524054,468.4693941088524,4.84,SPY,ETF (指數/股息/債券),2024-02-29
467.5785217285156,457.1982964831812,476.04156568160744,451.6498156943496,2.27,SPY,ETF (指數/股息/債券),2024-01-31
460.2484130859375,439.5455132066452,462.4174204811319,438.1375099737289,4.71,SPY,ETF (指數/股息/債券),2023-12-31
440.153076171875,404.27734347074426,442.0047102493057,403.746904694568,8.87,SPY,ETF (指數/股息/債券),2023-11-30
403.31292724609375,411.4331625829839,422.54312271495667,394.6429661954743,-1.97,SPY,ETF (指數/股息/債券),2023-10-31
412.2625732421875,435.5019052625726,435.9824113556043,407.257352172029,-5.34,SPY,ETF (指數/股息/債券),2023-09-30
432.7919006347656,438.48102764934566,439.42283016702106,416.12785816689336,-1.3,SPY,ETF (指數/股息/債券),2023-08-31
439.94183349609375,425.6515644045463,441.5274969763578,420.0200085430969,3.36,SPY,ETF (指數/股息/債券),2023-07-31
425.9975280761719,400.3026421930234,426.97775005705444,399.0579614953215,6.42,SPY,ETF (指數/股息/債券),2023-06-30
400.0728454589844,397.7940605397827,404.6015986704079,386.56310465857086,0.57,SPY,ETF (指數/股息/債券),2023-05-31
398.2345275878906,391.4557374933837,398.2441114946902,386.6013964074548,1.73,SPY,ETF (指數/股息/債券),2023-04-30
391.9728088378906,377.1481633851746,392.2696177717363,363.0698240200609,3.93,SPY,ETF (指數/股息/債券),2023-03-31
377.9588928222656,386.49553736704746,398.9905560204561,375.45991929796907,-2.21,SPY,ETF (指數/股息/債券),2023-02-28
387.7068786621094,366.61805852310664,389.3092897646847,360.380097012264,5.75,SPY,ETF (指數/股息/債券),2023-01-31
364.7676086425781,388.1089126426204,389.74196862339903,357.4614135029072,-6.01,SPY,ETF (指數/股息/債券),2022-12-31
387.073974609375,370.42058959281826,387.073974609375,350.1497148774445,4.5,SPY,ETF (指數/股息/債券),2022-11-30
366.68914794921875,342.82934672559077,369.83190549665636,330.5149387795829,6.96,SPY,ETF (指數/股息/債券),2022-10-31
339.1264953613281,371.50548804103204,389.3200838556924,338.9935866635343,-8.72,SPY,ETF (指數/股息/債券),2022-09-30
373.6708679199219,386.8804412732961,408.2314897011034,373.53850294031076,-3.41,SPY,ETF (指數/股息/債券),2022-08-31
389.5659484863281,356.0643267434046,390.54935081366597,350.84478066367626,9.41,SPY,ETF (指數/股息/債券),2022-07-31
356.7167663574219,390.8843473141323,393.0216120684309,342.4575241953979,-8.74,SPY,ETF (指數/股息/債券),2022-06-30
388.7754821777344,387.96568189359846,404.5266391412948,358.2799877872286,0.21,SPY,ETF (指數/股息/債券),2022-05-31
387.8997497558594,426.7932275717615,431.0488230339406,387.15595335566474,-9.11,SPY,ETF (指數/股息/債券),2022-04-30
425.220947265625,408.32350426508583,435.04083957177517,389.62673813828656,4.14,SPY,ETF (指數/股息/債券),2022-03-31
409.8158874511719,423.0030224285111,429.986099950846,385.42190131277073,-3.12,SPY,ETF (指數/股息/債券),2022-02-28
422.2803039550781,447.04963382232506,450.5037227535474,394.9204805481449,-5.54,SPY,ETF (指數/股息/債券),2022-01-31
445.7919006347656,431.7731054531582,449.5838309519996,419.8759779470982,3.25,SPY,ETF (指數/股息/債券),2021-12-31
426.0863037109375,430.5196789876019,442.903184949133,425.84311598471567,-1.03,SPY,ETF (指數/股息/債券),2021-11-30
429.5376892089844,403.0966548978282,429.8276307113878,398.77562464377587,6.56,SPY,ETF (指數/股息/債券),2021-10-31
401.37567138671875,421.9287838685606,423.3178604728421,401.0389476922281,-4.87,SPY,ETF (指數/股息/債券),2021-09-30
420.9964294433594,410.5359142126354,422.40420486497374,406.5829539631261,2.55,SPY,ETF (指數/股息/債券),2021-08-31
408.8297424316406,399.84225108335767,411.89695566429737,393.40922985130334,2.25,SPY,ETF (指數/股息/債券),2021-07-31
399.0870056152344,392.68390661909086,399.75827397212026,386.6312846967765,1.63,SPY,ETF (指數/股息/債券),2021-06-30
390.3328552246094,389.76597643845156,392.9162817949607,375.4272975032886,0.15,SPY,ETF (指數/股息/債券),2021-05-31
387.78662109375,370.22334769217844,390.9646739287683,370.0189059510316,4.74,SPY,ETF (指數/股息/債券),2021-04-30
368.2997741699219,357.1495498565867,369.85167684984475,344.4507609972597,3.12,SPY,ETF (指數/股息/債券),2021-03-31
352.3052978515625,346.1550437581806,365.09668916164804,343.061399921302,1.78,SPY,ETF (指數/股息/債券),2021-02-28
342.77435302734375,347.62773872628424,357.390355390859,337.9114732173505,-1.4,SPY,ETF (指數/股息/債券),2021-01-31
346.3032531738281,337.16899213449574,350.54540085962697,335.0383910387043,2.71,SPY,ETF (指數/股息/債券),2020-12-31
333.9316711425781,304.5469055175781,336.071405953707,301.816846466365,9.65,SPY,ETF (指數/股息/債券),2020-11-30
301.1712646484375,311.4549648105674,326.51633596319084,297.5373591944508,-3.3,SPY,ETF (指數/股息/債券),2020-10-31
308.8724365234375,321.71445732028485,329.55961577116307,294.9548113676943,-3.99,SPY,ETF (指數/股息/債券),2020-09-30
320.8876953125,301.60565582987266,322.7157660361152,301.0636656116189,6.39,SPY,ETF (指數/股息/債券),2020-08-31
299.9520263671875,284.3812825777224,300.604251536004,283.9219659839804,5.48,SPY,ETF (指數/股息/債券),2020-07-31
283.2696228027344,277.6933091449905,295.79346983737577,271.4008357686363,2.01,SPY,ETF (指數/股息/債券),2020-06-30
278.33367919921875,260.9469235088545,280.63831387567654,249.67887870539946,6.66,SPY,ETF (指數/股息/債券),2020-05-31
265.67529296875,226.80454835925843,269.6996490647606,223.0729450503608,17.14,SPY,ETF (指數/股息/債券),2020-04-30
235.74026489257812,271.1508409072188,285.3626359732163,199.62241092920152,-13.06,SPY,ETF (指數/股息/債券),2020-03-31
269.3778076171875,294.0096870424728,308.3123098154446,259.63052370677684,-8.38,SPY,ETF (指數/股息/債券),2020-02-29
292.5367431640625,294.18253984463786,302.7386140999866,291.29100260562666,-0.56,SPY,ETF (指數/股息/債券),2020-01-31
292.6548767089844,284.6450724653287,294.4188253533874,277.89520698160726,2.81,SPY,ETF (指數/股息/債券),2019-12-31
284.3917541503906,275.89560817239567,285.4504089355469,275.7327208372592,3.08,SPY,ETF (指數/股息/債券),2019-11-30
274.4569091796875,269.3989896786448,275.56076834015374,257.7088892026817,1.88,SPY,ETF (指數/股息/債券),2019-10-31
268.5213317871094,261.7029833463762,272.5648223935264,260.53211690558965,2.61,SPY,ETF (指數/股息/債券),2019-09-30
263.396240234375,268.0346112139535,270.9797396278574,253.7321417770538,-1.73,SPY,ETF (指數/股息/債券),2019-08-31
267.88140869140625,267.2058881698985,272.2047062863685,265.0893468337903,0.25,SPY,ETF (指數/股息/債券),2019-07-31
263.89154052734375,246.75879961480473,266.1611896327849,244.76902502898528,6.94,SPY,ETF (指數/股息/債券),2019-06-30
246.72291564941406,264.15588846112246,264.3620460215108,246.69602791522783,-6.6,SPY,ETF (指數/股息/債券),2019-05-31
263.5285339355469,255.17501552412202,263.91387848418856,254.90611080417543,3.27,SPY,ETF (指數/股息/債券),2019-04-30
253.18527221679688,250.2545318099578,255.60523563223617,243.09776452384176,1.17,SPY,ETF (指數/股息/債券),2019-03-31
248.68386840820312,241.07200867067843,251.03076413065634,239.00173668991644,3.16,SPY,ETF (指數/股息/債券),2019-02-28
240.87574768066406,219.50361636785237,241.3576317452046,217.4422797539412,9.74,SPY,ETF (指數/股息/債券),2019-01-31
223.01953125,248.65967132888062,248.76612896599661,208.5989713794765,-10.31,SPY,ETF (指數/股息/債券),2018-12-31
244.55197143554688,240.95890437208678,249.49364660842488,233.39121689288703,1.49,SPY,ETF (指數/股息/債券),2018-11-30
240.09840393066406,259.154977845118,260.1309763243409,230.5345014729558,-7.35,SPY,ETF (指數/股息/債券),2018-10-31
257.9217834472656,255.98241183802043,260.1397370028223,253.21793504593447,0.76,SPY,ETF (指數/股息/債券),2018-09-30
256.3974609375,248.66958615526875,257.66036537146607,246.5499363158962,3.11,SPY,ETF (指數/股息/債券),2018-08-31
248.46644592285156,238.02719794520482,251.15135351236918,237.78872074552748,4.39,SPY,ETF (指數/股息/債券),2018-07-31
239.5904083251953,239.51295569565073,245.72918916887124,237.12636684148768,0.03,SPY,ETF (指數/股息/債券),2018-06-30
238.22044372558594,232.0042120242767,241.13068187161053,227.7662998275908,2.68,SPY,ETF (指數/股息/債券),2018-05-31
232.56698608398438,230.84361696405603,238.53699002557937,223.9152399272108,0.75,SPY,ETF (指數/股息/債券),2018-04-30
231.37120056152344,237.6817492889229,245.56333825543905,226.69366700379408,-2.66,SPY,ETF (指數/股息/債券),2018-03-31
237.89195251464844,246.14137815853812,247.8840718862473,221.48951938838374,-3.35,SPY,ETF (指數/股息/債券),2018-02-28
246.86810302734375,234.5554051831879,251.0104010295829,234.17008203378253,5.25,SPY,ETF (指數/股息/債券),2018-01-31
233.69715881347656,230.67906235051507,235.22090712007656,227.19395804711638,1.31,SPY,ETF (指數/股息/債券),2017-12-31
230.89686584472656,224.82409696890787,231.80297375843676,222.72429174904417,2.7,SPY,ETF (指數/股息/債券),2017-11-30
224.0486297607422,219.11718667853842,224.6933946976007,218.9429208582323,2.25,SPY,ETF (指數/股息/債券),2017-10-31
218.8907012939453,214.94007174878718,218.96912625058613,212.36515826603326,1.84,SPY,ETF (指數/股息/債券),2017-09-30
214.56724548339844,214.54123658283703,215.7983577120531,209.66022052315,0.01,SPY,ETF (指數/股息/債券),2017-08-31
213.94305419921875,210.57050989003255,215.00937718029547,208.36839057474916,1.6,SPY,ETF (指數/股息/債券),2017-07-31
209.6342315673828,208.76350897391356,212.17440501626334,208.0389868383951,0.42,SPY,ETF (指數/股息/債券),2017-06-30
208.30624389648438,205.92501831054688,208.85839735058266,203.12104390989,1.16,SPY,ETF (指數/股息/債券),2017-05-31
205.40736389160156,203.44027595415443,206.65835577553025,200.6017303466797,0.97,SPY,ETF (指數/股息/債券),2017-04-30
203.388427734375,204.78390138887448,206.44183400167162,199.82524742676122,-0.68,SPY,ETF (指數/股息/債券),2017-03-31
203.13453674316406,195.454810309385,203.85615985944892,194.8449055413025,3.93,SPY,ETF (指數/股息/債券),2017-02-28
195.45481872558594,193.3159308613331,197.3275949446261,192.3194669230717,1.11,SPY,ETF (指數/股息/債券),2017-01-31
192.0187225341797,188.50235854620826,195.00131562296514,187.1530445543357,1.87,SPY,ETF (指數/股息/債券),2016-12-31
188.2035369873047,181.84122284602958,189.4332926218375,177.95557612132646,3.5,SPY,ETF (指數/股息/債券),2016-11-30
181.51678466796875,184.30931360142856,185.06079165273607,180.37236468400783,-1.52,SPY,ETF (指數/股息/債券),2016-10-31
372.9800109863281,375.3599853515625,375.67498779296875,372.5899963378906,-0.63,VTI,ETF (指數/股息/債券),2026-10-31
374.239990234375,374.8539744480888,381.0982310237787,368.0012573734976,-0.16,VTI,ETF (指數/股息/債券),2026-09-30
377.19805908203125,368.5698545525225,384.15052366726695,368.0711132067139,2.34,VTI,ETF (指數/股息/債券),2026-08-31
367.2830810546875,368.41025467837034,372.03109445342034,359.2932784198505,-0.31,VTI,ETF (指數/股息/債券),2026-07-31
369.1084899902344,370.17825356953045,372.6847251541784,354.3637522086738,-0.29,VTI,ETF (指數/股息/債券),2026-06-30
370.5363464355469,353.647656780171,371.1231695483347,350.63395838503175,4.78,VTI,ETF (指數/股息/債券),2026-05-31
352.2750549316406,321.1732530829303,352.7823216375996,316.51845089896915,9.68,VTI,ETF (指數/股息/債券),2026-04-30
319.0845642089844,332.16753212819674,337.2440853445451,308.7305172458662,-3.94,VTI,ETF (指數/股息/債券),2026-03-31
335.8955993652344,336.6689950015382,341.3786983132629,330.36295771687145,-0.23,VTI,ETF (指數/股息/債券),2026-02-28
337.68035888671875,334.2893510891451,341.49766328407003,331.76099937617283,1.01,VTI,ETF (指數/股息/債券),2026-01-31
332.4253234863281,330.18987883639295,337.4423678145879,326.89744839656015,0.68,VTI,ETF (指數/股息/債券),2025-12-31
332.5133056640625,333.1954980845175,333.3339320623373,315.8337668298194,-0.2,VTI,ETF (指數/股息/債券),2025-11-30
331.63336181640625,323.23917939841925,335.23225697229225,317.98912305993514,2.6,VTI,ETF (指數/股息/債券),2025-10-31
324.4652099609375,310.10723319255084,325.72498766807746,308.90434874558696,4.63,VTI,ETF (指數/股息/債券),2025-09-30
313.7356262207031,303.65903257678787,315.9047266663479,300.1292433458933,3.32,VTI,ETF (指數/股息/債券),2025-08-31
306.5282287597656,298.7883349315007,310.42279221903516,298.5516816883549,2.59,VTI,ETF (指數/股息/債券),2025-07-31
299.66583251953125,284.4218173075299,300.2574204932743,282.6917240526953,5.36,VTI,ETF (指數/股息/債券),2025-06-30
284.95263671875,270.6008204535205,288.14736200837655,268.9297232137688,5.3,VTI,ETF (指數/股息/債券),2025-05-31
268.1826171875,269.244249503317,274.5033240223341,232.40132405857213,-0.39,VTI,ETF (指數/股息/債券),2025-04-30
270.16827392578125,287.90197813751274,288.6954179541234,264.16214593080764,-6.16,VTI,ETF (指數/股息/債券),2025-03-31
286.97137451171875,287.32402031923283,297.1881753819796,281.4760671172435,-0.12,VTI,ETF (指數/股息/債券),2025-02-28
292.49609375,285.49225023704304,296.4828889646268,278.8116539825926,2.45,VTI,ETF (指數/股息/債券),2025-01-31
283.8857727050781,293.21751314311047,295.8050411693901,281.3150175772336,-3.18,VTI,ETF (指數/股息/債券),2024-12-31
292.787841796875,275.8568389328145,293.29559676147426,274.24575516304463,6.14,VTI,ETF (指數/股息/債券),2024-11-30
274.4019775390625,276.3255850933947,282.867514602252,272.29293552972814,-0.7,VTI,ETF (指數/股息/債券),2024-10-31
276.48175048828125,269.44058085245945,276.78976721878513,258.8498049447051,2.61,VTI,ETF (指數/股息/債券),2024-09-30
270.9785461425781,265.9849376749813,271.1245520599812,244.3264837405812,1.88,VTI,ETF (指數/股息/債券),2024-08-31
265.3229675292969,261.3514299617394,271.78644341961024,258.8790332690566,1.52,VTI,ETF (指數/股息/債券),2024-07-31
260.3975524902344,253.80297203336116,263.2204424207561,250.33045439743734,2.6,VTI,ETF (指數/股息/債券),2024-06-30
252.6195526123047,240.99929937302315,255.9950883776786,240.1651226888303,4.82,VTI,ETF (指數/股息/債券),2024-05-31
241.1448211669922,252.50320305721465,252.56139902868935,237.2261015865775,-4.5,VTI,ETF (指數/股息/債券),2024-04-30
252.0958251953125,244.58223506681549,252.75539933441814,242.52346972069896,3.07,VTI,ETF (指數/股息/債券),2024-03-31
244.13763427734375,232.84802473130154,244.83356979648607,232.0167692374798,4.85,VTI,ETF (指數/股息/債券),2024-02-29
231.85244750976562,227.77348653825103,236.17303793057476,224.63211324995854,1.79,VTI,ETF (指數/股息/債券),2024-01-31
229.29103088378906,217.50307206876738,230.76025070994282,217.1180850427361,5.42,VTI,ETF (指數/股息/債券),2023-12-31
217.76290893554688,199.36096520493066,218.65800820823418,199.10110080150363,9.23,VTI,ETF (指數/股息/債券),2023-11-30
199.0240936279297,204.23093776900762,209.21643529403062,194.83745699253302,-2.55,VTI,ETF (指數/股息/債券),2023-10-31
204.4330596923828,216.08555007239326,216.50748213562937,201.95958714793898,-5.39,VTI,ETF (指數/股息/債券),2023-09-30
214.74302673339844,218.3006641254591,218.63629587109475,206.1989463153859,-1.63,VTI,ETF (指數/股息/債券),2023-08-31
218.97190856933594,211.2333738381661,219.56648502839536,207.92503955859527,3.66,VTI,ETF (指數/股息/債券),2023-07-31
211.23333740234375,198.03082586609588,211.78951918531126,197.40988110997262,6.67,VTI,ETF (指數/股息/債券),2023-06-30
197.91615295410156,196.78891093018453,200.30435219560846,191.2482557658966,0.57,VTI,ETF (指數/股息/債券),2023-05-31
197.07553100585938,194.61085425426936,197.58178369649258,191.44887263701062,1.27,VTI,ETF (指數/股息/債券),2023-04-30
194.97390747070312,189.70163531290368,195.05987972514632,180.94824697351845,2.78,VTI,ETF (指數/股息/債券),2023-03-31
189.83486938476562,194.01172812204337,200.6433908081067,188.54086679617117,-2.15,VTI,ETF (指數/股息/債券),2023-02-28
194.50648498535156,183.04144135679584,195.09641715931087,179.75890059868425,6.26,VTI,ETF (指數/股息/債券),2023-01-31
181.90921020507812,193.95202147876668,194.70953594974995,178.28413355061895,-6.21,VTI,ETF (指數/股息/債券),2022-12-31
193.222900390625,185.5909612556273,193.2607841855025,175.29826920407348,4.11,VTI,ETF (指數/股息/債券),2022-11-30
183.72557067871094,171.8799574873089,185.14591482819367,165.55469953779664,6.89,VTI,ETF (指數/股息/債券),2022-10-31
169.93882751464844,186.12636987855123,195.16869210172237,169.75891559679096,-8.7,VTI,ETF (指數/股息/債券),2022-09-30
187.22015380859375,193.26407232292652,204.795607807492,187.16358273543614,-3.13,VTI,ETF (指數/股息/債券),2022-08-31
194.47097778320312,177.4423910881715,194.97070811451835,174.9814674348503,9.6,VTI,ETF (指數/股息/債券),2022-07-31
177.84783935546875,195.03030240294387,196.46719676167007,170.61276119498174,-8.81,VTI,ETF (指數/股息/債券),2022-06-30
193.80003356933594,194.54197056736095,202.7687808299356,179.05560088656546,-0.38,VTI,ETF (指數/股息/債券),2022-05-31
194.28839111328125,214.7427808939399,216.8276476141871,194.12873976971474,-9.53,VTI,ETF (指數/股息/債券),2022-04-30
213.81301879882812,206.54798290005382,219.15668455324237,195.92191242598187,3.52,VTI,ETF (指數/股息/債券),2022-03-31
207.06285095214844,213.40104760423472,217.02420882588262,193.79668704130813,-2.97,VTI,ETF (指數/股息/債券),2022-02-28
212.34315490722656,226.9574599823902,228.49290113079127,198.57141003134856,-6.44,VTI,ETF (指數/股息/債券),2022-01-31
226.0399932861328,220.54086920603893,228.2307010704379,213.64689839741106,2.49,VTI,ETF (指數/股息/債券),2021-12-31
217.779541015625,221.7908888640511,227.248258336483,217.4530434935834,-1.81,VTI,ETF (指數/股息/債券),2021-11-30
221.00729370117188,208.12430131686222,221.2684981322893,205.73612954353965,6.19,VTI,ETF (指數/股息/債券),2021-10-31
207.1540985107422,217.4383852129736,218.21021092247727,206.73473563603255,-4.73,VTI,ETF (指數/股息/債券),2021-09-30
216.83387756347656,211.8866197028752,217.57783586918922,208.67834119954284,2.33,VTI,ETF (指數/股息/債券),2021-08-31
210.80789184570312,207.74837763349498,212.72357172838846,202.55935625057856,1.47,VTI,ETF (指數/股息/債券),2021-07-31
207.2090301513672,203.52569606586968,207.74838293679002,200.32721535709376,1.81,VTI,ETF (指數/股息/債券),2021-06-30
202.19065856933594,202.6356995752947,203.02507500829546,193.95805463541208,-0.22,VTI,ETF (指數/股息/債券),2021-05-31
201.2729034423828,192.82701492196037,203.63695007902655,192.42835563917728,4.38,VTI,ETF (指數/股息/債券),2021-04-30
191.6217803955078,187.71431994808813,193.39702379449852,179.3612221488045,2.08,VTI,ETF (指數/股息/債券),2021-03-31
184.87759399414062,180.99670312242293,192.55619776963917,179.74927281896925,2.14,VTI,ETF (指數/股息/債券),2021-02-28
179.25030517578125,180.54393011036595,186.96588064493525,175.34170271255283,-0.72,VTI,ETF (指數/股息/債券),2021-01-31
179.85092163085938,174.08936454456375,180.13736251082065,172.82856824922848,3.31,VTI,ETF (指數/股息/債券),2020-12-31
171.81625366210938,155.33402313563866,173.35309331562877,153.8339765923599,10.61,VTI,ETF (指數/股息/債券),2020-11-30
153.67752075195312,158.03041407565073,166.23935019653487,151.86456851818383,-2.75,VTI,ETF (指數/股息/債券),2020-10-31
156.73284912109375,162.8564652435887,166.50421964579854,149.25532211050808,-3.76,VTI,ETF (指數/股息/債券),2020-09-30
162.48069763183594,152.57310165599128,163.26890555205196,152.2798085121776,6.49,VTI,ETF (指數/股息/債券),2020-08-31
151.7024383544922,143.80199211137207,152.3256401479115,143.5362074468275,5.49,VTI,ETF (指數/股息/債券),2020-07-31
143.4629364013672,140.15784809952646,149.81072606877078,136.7182699975299,2.36,VTI,ETF (指數/股息/債券),2020-06-30
140.23997497558594,130.57802690839725,141.59025856316813,126.244251931798,7.4,VTI,ETF (指數/股息/債券),2020-05-31
133.0596466064453,113.2521528464767,135.52300080404027,111.09896541591826,17.49,VTI,ETF (指數/股息/債券),2020-04-30
117.61328887939453,137.4587283737973,144.62167565884354,99.40131487115357,-14.44,VTI,ETF (指數/股息/債券),2020-03-31
136.5780792236328,149.20638398941568,156.65991109108137,131.91169240858176,-8.46,VTI,ETF (指數/股息/債券),2020-02-29
148.45286560058594,149.50594507209576,153.71847953887254,147.82646431355548,-0.7,VTI,ETF (指數/股息/債券),2020-01-31
148.54367065429688,144.70861060771662,149.50599474354638,141.2051752768363,2.65,VTI,ETF (指數/股息/債券),2019-12-31
144.49195861816406,139.95903637463005,145.14202880859375,139.8867977992583,3.24,VTI,ETF (指數/股息/債券),2019-11-30
139.2185821533203,136.7986755170306,139.90487519223842,130.83912117191142,1.77,VTI,ETF (指數/股息/債券),2019-10-31
136.34725952148438,133.01978097739183,138.70397180792736,132.4624889890493,2.5,VTI,ETF (指數/股息/債券),2019-09-30
133.9635772705078,136.88481497858146,138.2870217898356,129.31651930382148,-2.13,VTI,ETF (指數/股息/債券),2019-08-31
136.81288146972656,136.4893391226943,138.88022030479988,135.28487886654605,0.24,VTI,ETF (指數/股息/債券),2019-07-31
134.9073944091797,125.98969512179889,135.67138524928734,125.03148988889644,7.08,VTI,ETF (指數/股息/債券),2019-06-30
125.98968505859375,135.04330520619752,135.10598398380066,125.90909219434961,-6.7,VTI,ETF (指數/股息/債券),2019-05-31
134.67616271972656,130.52995397619327,134.9448584352913,130.3777184245692,3.18,VTI,ETF (指數/股息/債券),2019-04-30
129.58966064453125,128.5988690579961,130.78994857442834,124.62631632569972,0.77,VTI,ETF (指數/股息/債券),2019-03-31
127.7794189453125,123.53966354074566,129.04417383294714,122.13235881116789,3.43,VTI,ETF (指數/股息/債券),2019-02-28
123.38826751708984,112.00513961230158,123.60203971269405,110.95412649940718,10.16,VTI,ETF (指數/股息/債券),2019-01-31
113.67964935302734,127.1572950937121,127.51148826759179,106.30467512349927,-10.6,VTI,ETF (指數/股息/債券),2018-12-31
125.16497039794922,123.11946166875897,127.56465602650043,119.22328595222278,1.66,VTI,ETF (指數/股息/債券),2018-11-30
122.69439697265625,133.19639340734534,133.506322613743,117.83306784586028,-7.88,VTI,ETF (指數/股息/債券),2018-10-31
132.5145721435547,132.09659754431792,133.81507582336053,130.5455302276602,0.32,VTI,ETF (指數/股息/債券),2018-09-30
132.25523376464844,127.95454303176038,132.8721135979627,126.97626645720126,3.36,VTI,ETF (指數/股息/債券),2018-08-31
127.86639404296875,122.99286747947754,129.32055723654835,122.87829544162172,3.96,VTI,ETF (指數/股息/債券),2018-07-31
123.75955200195312,123.67595655843616,126.94928167816416,122.49052974264741,0.07,VTI,ETF (指數/股息/債券),2018-06-30
122.8948974609375,119.38460980151015,124.31655898196007,117.29602871976172,2.94,VTI,ETF (指數/股息/債券),2018-05-31
119.63912200927734,118.72644652434492,122.72817086244268,115.18984028362003,0.77,VTI,ETF (指數/股息/債券),2018-04-30
119.103759765625,121.55000013191419,125.98130499299205,116.7431214804344,-2.01,VTI,ETF (指數/股息/債券),2018-03-31
121.48882293701172,125.8414141779977,126.75040257870467,113.48282125882058,-3.46,VTI,ETF (指數/股息/債券),2018-02-28
126.23479461669922,120.39633055215356,128.36737798140274,120.12538631596615,4.85,VTI,ETF (指數/股息/債券),2018-01-31
119.95928192138672,118.53032806699571,120.70220448464013,116.58207015420693,1.21,VTI,ETF (指數/股息/債券),2017-12-31
118.58251190185547,115.52965678415316,119.08697189805268,114.12064508696602,2.64,VTI,ETF (指數/股息/債券),2017-11-30
115.09477996826172,112.75513403654776,115.39918984355765,112.67685920478726,2.07,VTI,ETF (指數/股息/債券),2017-10-31
112.65076446533203,110.18396997962874,112.6855488546752,108.85031453949554,2.24,VTI,ETF (指數/股息/債券),2017-09-30
109.96747589111328,110.14067190560495,110.60836541986309,107.20486777925784,-0.16,VTI,ETF (指數/股息/債券),2017-08-31
109.80294799804688,108.2440830446203,110.50441902228846,107.0056929157356,1.44,VTI,ETF (指數/股息/債券),2017-07-31
107.77645874023438,107.04091971670277,108.92020013096634,106.85988971369807,0.69,VTI,ETF (指數/股息/債券),2017-06-30
106.76505279541016,105.97198486328125,107.1271292166989,104.17891543052579,0.75,VTI,ETF (指數/股息/債券),2017-05-31
105.69611358642578,104.6961217539579,106.42024555237353,103.05824279785156,0.96,VTI,ETF (指數/股息/債券),2017-04-30
104.58407592773438,105.39310390273414,106.18263463006183,102.48929367855045,-0.77,VTI,ETF (指數/股息/債券),2017-03-31
104.52632904052734,101.14509271247353,105.00690642830007,100.42423426667065,3.34,VTI,ETF (指數/股息/債券),2017-02-28
100.80184173583984,99.67759969288738,101.79733273163873,99.11119779910075,1.13,VTI,ETF (指數/股息/債券),2017-01-31
98.96531677246094,97.2507505832389,100.45746116677002,96.43201312359122,1.76,VTI,ETF (指數/股息/債券),2016-12-31
97.03750610351562,93.04614512739862,97.69422149658203,90.9908040323231,4.29,VTI,ETF (指數/股息/債券),2016-11-30
92.8670654296875,94.74334208002857,95.0418461028454,92.50885327361644,-1.98,VTI,ETF (指數/股息/債券),2016-10-31
232.568603515625,233.3800048828125,234.14999389648438,232.3300018310547,-0.35,VIG,ETF (指數/股息/債券),2026-10-31
233.30999755859375,241.08257831819645,242.34760975264976,233.17999267578125,-3.22,VIG,ETF (指數/股息/債券),2026-09-30
241.1224365234375,239.13025695386952,246.4813615182801,238.1640527881028,0.83,VIG,ETF (指數/股息/債券),2026-08-31
238.23377990722656,235.16583132564554,241.63042461049636,234.31916773667572,1.3,VIG,ETF (指數/股息/債券),2026-07-31
235.69375610351562,231.8558330926498,236.3711021756415,229.11832533076353,1.66,VIG,ETF (指數/股息/債券),2026-06-30
232.7385711669922,227.62062780247683,232.91711278463697,224.61531413409443,2.25,VIG,ETF (指數/股息/債券),2026-05-31
226.84698486328125,213.97270669982612,227.15445724934938,211.89972765368935,6.02,VIG,ETF (指數/股息/債券),2026-04-30
213.30816650390625,223.13919953589055,225.23374901866717,208.29929128868534,-4.41,VIG,ETF (指數/股息/債券),2026-03-31
224.9669952392578,221.26198535290285,227.76302218363114,220.995237847958,1.67,VIG,ETF (指數/股息/債券),2026-02-28
221.33116149902344,217.84352916709807,223.25775784689432,216.84564224997973,1.6,VIG,ETF (指數/股息/債券),2026-01-31
217.14205932617188,218.1811937073788,221.0053643772212,215.18970144729687,-0.48,VIG,ETF (指數/股息/債券),2025-12-31
219.11602783203125,213.6349183300595,219.25379273260577,209.51178650629546,2.57,VIG,ETF (指數/股息/債券),2025-11-30
213.59556579589844,212.00142856139644,216.97082144871382,209.14769444878112,0.75,VIG,ETF (指數/股息/債券),2025-10-31
212.3458251953125,205.24014856039682,212.9926454097911,204.57368121369524,3.46,VIG,ETF (指數/股息/債券),2025-09-30
206.72006225585938,200.6925293140339,207.91576019994523,199.12438327148567,3.0,VIG,ETF (指數/股息/債券),2025-08-31
201.9568328857422,200.37889232070359,205.12251679409994,199.24199850286635,0.79,VIG,ETF (指數/股息/債券),2025-07-31
200.59451293945312,192.8087465059766,200.86893625141474,191.81332342598856,4.04,VIG,ETF (指數/股息/債券),2025-06-30
193.16006469726562,186.328742656118,194.99475712208707,185.5285117002673,3.67,VIG,ETF (指數/股息/債券),2025-05-31
186.42637634277344,188.61238309240235,190.55442063969062,165.23956114668852,-1.16,VIG,ETF (指數/股息/債券),2025-04-30
189.31503295898438,197.95416476412674,198.2163836228077,184.2405257963309,-4.36,VIG,ETF (指數/股息/債券),2025-03-31
197.2840118408203,194.0401588632315,199.33331482991008,193.61283424397215,1.67,VIG,ETF (指數/股息/債券),2025-02-28
196.4002227783203,191.16534395723224,198.34266389782132,186.54235005527525,2.74,VIG,ETF (指數/股息/債券),2025-01-31
190.1941375732422,198.0422441284323,198.11958383991148,188.33445365302586,-3.96,VIG,ETF (指數/股息/債券),2024-12-31
197.90684509277344,188.6922011427422,198.40964169566624,187.6769599265341,4.88,VIG,ETF (指數/股息/債券),2024-11-30
187.76397705078125,191.31251240498457,195.1705195681167,187.76397705078125,-1.85,VIG,ETF (指數/股息/債券),2024-10-31
191.50592041015625,188.1183677911444,191.844351010347,182.2836045202583,1.8,VIG,ETF (指數/股息/債券),2024-09-30
188.80201721191406,182.84206080720372,188.94645105170605,174.3498790337182,3.26,VIG,ETF (指數/股息/債券),2024-08-31
182.73614501953125,176.3429451698836,183.8722913394723,175.03349105547187,3.63,VIG,ETF (指數/股息/債券),2024-07-31
175.76524353027344,173.43909197155293,178.49798522099096,171.31206188202228,1.34,VIG,ETF (指數/股息/債券),2024-06-30
173.3241424560547,167.22089424670753,176.62006342472347,166.62688245156406,3.65,VIG,ETF (指數/股息/債券),2024-05-31
167.73828125,175.1349617829909,175.1349617829909,165.91781834104714,-4.22,VIG,ETF (指數/股息/債券),2024-04-30
174.96250915527344,170.2009412555765,175.35534234757253,168.9415518620863,2.8,VIG,ETF (指數/股息/債券),2024-03-31
170.19139099121094,164.76256595570086,171.05005951285415,164.42862708894475,3.29,VIG,ETF (指數/股息/債券),2024-02-29
164.57174682617188,161.58549522475525,166.75661657698197,160.1161572209957,1.85,VIG,ETF (指數/股息/債券),2024-01-31
162.57766723632812,156.05830212149405,162.9974957855049,155.92545482637877,4.18,VIG,ETF (指數/股息/債券),2023-12-31
156.1247100830078,145.45890708139328,156.2196072083573,145.1172977290292,7.33,VIG,ETF (指數/股息/債券),2023-11-30
145.2786407470703,147.1005585304387,150.19398433946563,142.02385781740998,-1.24,VIG,ETF (指數/股息/債券),2023-10-31
147.442138671875,154.75891089459898,154.93831645893303,146.28919502829442,-4.73,VIG,ETF (指數/股息/債券),2023-09-30
154.0035858154297,156.6473874696549,157.25169269002248,150.51935045242683,-1.69,VIG,ETF (指數/股息/債券),2023-08-31
156.9778594970703,153.10653516745143,157.99763672456282,150.4910305625847,2.53,VIG,ETF (指數/股息/債券),2023-07-31
153.3709259033203,144.1085047499958,153.71084851259846,140.9605704690164,6.43,VIG,ETF (指數/股息/債券),2023-06-30
144.00511169433594,147.97996913120159,148.91025225472671,142.79293702895762,-2.69,VIG,ETF (指數/股息/債券),2023-05-31
148.06451416015625,144.700495687806,148.06451416015625,144.12728097430747,2.32,VIG,ETF (指數/股息/債券),2023-04-30
144.71926879882812,141.74707567061165,144.925914858727,136.66099359446267,2.1,VIG,ETF (指數/股息/債券),2023-03-31
142.09300231933594,145.6457866436784,148.45067571075126,141.22352006944965,-2.44,VIG,ETF (指數/股息/債券),2023-02-28
146.09457397460938,142.68204290599422,146.80513835750267,140.72801010366388,2.39,VIG,ETF (指數/股息/債券),2023-01-31
141.97146606445312,147.98781443728214,149.65177611009113,139.44711163043843,-4.07,VIG,ETF (指數/股息/債券),2022-12-31
147.4765167236328,139.02673922803314,147.56947954975942,133.07746864059874,6.08,VIG,ETF (指數/股息/債券),2022-11-30
138.1529541015625,126.78429068559035,139.04530992962276,123.2983778974771,8.97,VIG,ETF (指數/股息/債券),2022-10-31
125.64093780517578,136.29085868386795,142.2664157105545,125.53868433174245,-7.81,VIG,ETF (指數/股息/債券),2022-09-30
136.8366241455078,140.86043822388058,148.26051305933257,136.79038497037772,-2.86,VIG,ETF (指數/股息/債券),2022-08-31
141.7299346923828,132.48911237292023,142.0259303468281,130.11179669274324,6.97,VIG,ETF (指數/股息/債券),2022-07-31
132.7110595703125,141.93063107005332,142.50127231431466,126.55117150608233,-6.5,VIG,ETF (指數/股息/債券),2022-06-30
141.50723266601562,141.87536924799517,146.18271780371757,131.31870612469433,-0.26,VIG,ETF (指數/股息/債券),2022-05-31
141.60850524902344,149.75378058194883,151.89823020745555,141.3876108059993,-5.44,VIG,ETF (指數/股息/債券),2022-04-30
149.24757385253906,144.22665839210097,151.89822691701352,139.83694458007812,3.48,VIG,ETF (指數/股息/債券),2022-03-31
144.86810302734375,149.26694721371206,151.6771495488523,138.17823364998486,-2.95,VIG,ETF (指數/股息/債券),2022-02-28
149.04701232910156,157.49643266606375,158.42201765200127,142.47624946823152,-5.36,VIG,ETF (指數/股息/債券),2022-01-31
157.3956298828125,149.4528078368093,158.29371354984397,146.8986798620148,5.31,VIG,ETF (指數/股息/債券),2021-12-31
147.76528930664062,150.31938792200677,154.09581365533833,147.55547611578967,-1.7,VIG,ETF (指數/股息/債券),2021-11-30
149.82681274414062,140.5589830477476,150.55656868715042,139.37313639152887,6.59,VIG,ETF (指數/股息/債券),2021-10-31
140.11203002929688,147.67534388315076,148.25659075569413,140.05728707788307,-5.12,VIG,ETF (指數/股息/債券),2021-09-30
147.47555541992188,145.5865996414652,148.1748504638672,144.40601142107755,1.3,VIG,ETF (指數/股息/債券),2021-08-31
145.05078125,140.8914288154,145.4685255488822,139.81978363761954,2.95,VIG,ETF (指數/股息/債券),2021-07-31
140.57354736328125,141.47076898050048,141.57021856741034,136.01010131835938,-0.63,VIG,ETF (指數/股息/債券),2021-06-30
140.76556396484375,139.0116042638329,142.90825015278165,136.78762660943943,1.26,VIG,ETF (指數/股息/債券),2021-05-31
138.3335723876953,133.33397709152462,139.1924213382337,132.9271430494419,3.75,VIG,ETF (指數/股息/債券),2021-04-30
132.9723358154297,126.78751569540938,134.18381387062936,122.5354287485901,4.88,VIG,ETF (指數/股息/債券),2021-03-31
125.4091796875,124.5893970324731,129.42702967588406,123.83267516018137,0.66,VIG,ETF (指數/股息/債券),2021-02-28
123.46329498291016,127.57124298468008,128.85947644967436,123.0488918939379,-3.22,VIG,ETF (指數/股息/債券),2021-01-31
127.17489624023438,125.23869444388143,127.38209099241163,123.46331103842039,1.55,VIG,ETF (指數/股息/債券),2020-12-31
124.0551986694336,114.26419600156103,125.98288569348078,113.48414136837745,8.57,VIG,ETF (指數/股息/債券),2020-11-30
112.73995971679688,116.1470537926886,121.15913486916004,111.3053822825362,-2.93,VIG,ETF (指數/股息/債券),2020-10-31
115.35802459716797,116.58139987006975,119.8397958593969,111.14464996681696,-1.05,VIG,ETF (指數/股息/債券),2020-09-30
116.58135223388672,110.21621209760184,117.59014846854586,109.99303006918187,5.78,VIG,ETF (指數/股息/債券),2020-08-31
109.81451416015625,104.72592432324784,111.25176992685556,104.24385036373084,4.86,VIG,ETF (指數/股息/債券),2020-07-31
104.6098861694336,104.34502117699626,109.55785369873047,100.26891036710178,0.25,VIG,ETF (指數/股息/債券),2020-06-30
104.51374053955078,99.51408018767948,105.23307754744346,95.09163785308846,5.02,VIG,ETF (指數/股息/債券),2020-05-31
100.88165283203125,88.33361842045521,103.26161737493796,87.38341289524472,14.21,VIG,ETF (指數/股息/債券),2020-04-30
91.81473541259766,102.1555978538811,108.15641995949449,77.51592794614862,-10.12,VIG,ETF (指數/股息/債券),2020-03-31
101.55463409423828,111.26730973861817,115.69503083276143,98.6470122293174,-8.73,VIG,ETF (指數/股息/債券),2020-02-29
110.79891967773438,110.59564752818372,114.28984550607291,109.76487731988688,0.18,VIG,ETF (指數/股息/債券),2020-01-31
110.17142486572266,107.86322979184952,110.61332624682015,105.63806053539122,2.14,VIG,ETF (指數/股息/債券),2019-12-31
107.7752914428711,105.73480073507048,108.21504699468133,105.16312368955516,1.93,VIG,ETF (指數/股息/債券),2019-11-30
105.19832611083984,105.38300340012974,105.92831501839026,101.1173859359475,-0.18,VIG,ETF (指數/股息/債券),2019-10-31
105.17194366455078,103.12918646250272,106.11448801387715,102.62141808021201,1.98,VIG,ETF (指數/股息/債券),2019-09-30
103.67195129394531,103.1554437318457,104.38107829694661,98.33163831700682,0.5,VIG,ETF (指數/股息/債券),2019-08-31
103.06790161132812,101.89476879316506,104.75752449506369,100.98428977101494,1.15,VIG,ETF (指數/股息/債券),2019-07-31
100.81795501708984,94.62080898781855,101.86850925530858,94.32438653406429,6.55,VIG,ETF (指數/股息/債券),2019-06-30
94.55107879638672,99.18055303530494,99.18055303530494,94.37671339533182,-4.67,VIG,ETF (指數/股息/債券),2019-05-31
99.14568328857422,96.19012204016073,99.24158625690343,95.71934099661884,3.07,VIG,ETF (指數/股息/債券),2019-04-30
95.58855438232422,95.07117441074361,95.6583031913449,91.94727052394408,0.54,VIG,ETF (指數/股息/債券),2019-03-31
94.50715637207031,90.45471360406752,95.18399875206407,89.84728819372054,4.48,VIG,ETF (指數/股息/債券),2019-02-28
90.36798858642578,83.7556685705441,90.53286412471103,82.42799722914543,7.89,VIG,ETF (指數/股息/債券),2019-01-31
84.99655151367188,94.39422136335573,94.4805036117152,79.55573573871027,-9.96,VIG,ETF (指數/股息/債券),2018-12-31
93.14311218261719,89.62275987463948,93.60905213300641,88.9324693171152,3.93,VIG,ETF (指數/股息/債券),2018-11-30
89.4415512084961,95.93869943208745,96.13713492112362,86.22316363824199,-6.77,VIG,ETF (指數/股息/債券),2018-10-31
95.51591491699219,93.68006534712417,96.72945767435432,93.43955274370555,1.96,VIG,ETF (指數/股息/債券),2018-09-30
93.93777465820312,91.18045473483511,94.3071087200279,90.2269941758365,3.02,VIG,ETF (指數/股息/債券),2018-08-31
91.37799835205078,86.75672013144464,91.7645619063965,86.59351232319342,5.33,VIG,ETF (指數/股息/債券),2018-07-31
87.2892837524414,87.4701394013771,89.699609069737,86.49043520976872,-0.21,VIG,ETF (指數/股息/債券),2018-06-30
87.02595520019531,85.21504539633278,88.16203207827684,83.01122096846741,2.13,VIG,ETF (指數/股息/債券),2018-05-31
85.5140151977539,86.1119546765251,88.28164368541567,83.49810309972344,-0.69,VIG,ETF (指數/股息/債券),2018-04-30
86.31697082519531,87.51888540519188,90.01163392937107,84.08177314176368,-1.37,VIG,ETF (指數/股息/債券),2018-03-31
87.48484802246094,90.77734843304759,91.44945893372586,82.36320938517254,-3.63,VIG,ETF (指數/股息/債券),2018-02-28
91.16020202636719,87.08500492224799,92.72561607614088,86.88932454562371,4.68,VIG,ETF (指數/股息/債券),2018-01-31
86.80424499511719,85.44455677741935,87.26366254220957,83.95517774761413,1.59,VIG,ETF (指數/股息/債券),2017-12-31
85.57144165039062,82.05957857430587,85.91839527615619,81.71263137529705,4.28,VIG,ETF (指數/股息/債券),2017-11-30
81.89879608154297,80.29938280991263,82.7111836622345,80.19783210332591,1.99,VIG,ETF (指數/股息/債券),2017-10-31
80.21479034423828,78.66318485695722,80.22325452034306,77.55966625594169,1.97,VIG,ETF (指數/股息/債券),2017-09-30
78.35150146484375,78.84009032922532,79.14337117525162,77.1637157153397,-0.62,VIG,ETF (指數/股息/債券),2017-08-31
78.63790893554688,78.33466878399118,78.9833084516771,77.48383532116702,0.39,VIG,ETF (指數/股息/債券),2017-07-31
78.0650863647461,78.02722008073478,79.19168299726864,77.17216730620154,0.05,VIG,ETF (指數/股息/債券),2017-06-30
77.85130310058594,76.75385364204762,77.90156553579564,75.31292778720066,1.43,VIG,ETF (指數/股息/債券),2017-05-31
76.64495849609375,75.39670085072215,77.07219141001787,74.3327865600586,1.66,VIG,ETF (指數/股息/債券),2017-04-30
75.346435546875,75.90111918479246,76.4430926435162,74.45865472952417,-0.73,VIG,ETF (指數/股息/債券),2017-03-31
75.40081024169922,72.09896811569864,75.71766380324284,71.72374567978248,4.58,VIG,ETF (指數/股息/債券),2017-02-28
72.27405548095703,71.33185011574487,72.71597770890644,70.96497475535519,1.32,VIG,ETF (指數/股息/債券),2017-01-31
71.02336120605469,70.31829374891609,72.38062945185949,69.8379081376322,1.0,VIG,ETF (指數/股息/債券),2016-12-31
70.20233917236328,68.30564341247957,70.77380645507309,67.28689951749256,2.78,VIG,ETF (指數/股息/債券),2016-11-30
68.17312622070312,69.35750465007123,69.39063600391965,67.66788150966174,-1.71,VIG,ETF (指數/股息/債券),2016-10-31
154.7050018310547,155.1999969482422,155.50999450683594,154.24000549316406,-0.32,VYM,ETF (指數/股息/債券),2026-10-31
155.1999969482422,163.00472754385055,164.1483683481605,155.17999267578125,-4.79,VYM,ETF (指數/股息/債券),2026-09-30
162.96493530273438,161.30416188637784,166.68428135920058,160.85665028370627,1.03,VYM,ETF (指數/股息/債券),2026-08-31
161.06549072265625,156.82901702282476,163.49200904965778,156.69974533383765,2.7,VYM,ETF (指數/股息/債券),2026-07-31
157.15719604492188,156.79192969728754,159.5791012527114,154.92394453155305,0.23,VYM,ETF (指數/股息/債券),2026-06-30
157.3355255126953,155.5367191252996,157.8198019243022,152.94724716135758,1.16,VYM,ETF (指數/股息/債券),2026-05-31
155.35882568359375,146.7404021790022,155.51696539136336,145.0898609954219,5.87,VYM,ETF (指數/股息/債券),2026-04-30
146.37472534179688,151.562179468003,152.7511017028466,143.03408136384448,-3.42,VYM,ETF (指數/股息/債券),2026-03-31
152.34823608398438,146.96374907542872,154.54920481715882,146.88514127674614,3.66,VYM,ETF (指數/股息/債券),2026-02-28
147.34693908691406,141.50061759249928,147.8775204997876,140.81281810449616,4.13,VYM,ETF (指數/股息/債券),2026-01-31
141.0191650390625,141.14474084906925,144.3463598832613,139.6903437750274,-0.09,VYM,ETF (指數/股息/債券),2025-12-31
141.96466064453125,137.20126666598497,141.96466064453125,135.04407134879838,3.47,VYM,ETF (指數/股息/債券),2025-11-30
137.2207794189453,137.3086253467584,139.08515497753487,134.1362961598941,-0.06,VYM,ETF (指數/股息/債券),2025-10-31
137.58193969726562,134.22120240052723,137.94713555608845,133.44497696202384,2.5,VYM,ETF (指數/股息/債券),2025-09-30
135.0459442138672,129.3988273302146,135.50198640452237,128.08892026749677,4.36,VYM,ETF (指數/股息/債券),2025-08-31
130.1459503173828,129.23386913843035,132.61051564370837,128.78752643829742,0.71,VYM,ETF (指數/股息/債券),2025-07-31
129.35031127929688,124.23413130205726,129.49586473578714,123.29916924459242,4.12,VYM,ETF (指數/股息/債券),2025-06-30
124.35942840576172,119.6653549011101,125.74741749947108,119.07738922547217,3.92,VYM,ETF (指數/股息/債券),2025-05-31
119.90631103515625,123.88713207052618,124.90882438396551,108.00243855623386,-3.21,VYM,ETF (指數/股息/債券),2025-04-30
124.30160522460938,128.66796368844768,129.05099833409815,120.67230042853205,-3.39,VYM,ETF (指數/股息/債券),2025-03-31
128.36155700683594,125.17285834381806,129.3669850832477,124.7228017673867,2.55,VYM,ETF (指數/股息/債券),2025-02-28
126.74323272705078,122.98960965967815,127.90189215459516,120.41375735513836,3.05,VYM,ETF (指數/股息/債券),2025-01-31
122.17566680908203,128.059420292613,128.13544425020294,120.06902645710663,-4.59,VYM,ETF (指數/股息/債券),2024-12-31
128.04043579101562,122.01566374290447,128.35402920453393,120.6377553772222,4.94,VYM,ETF (指數/股息/債券),2024-11-30
121.42649841308594,121.635563762284,125.2941317437137,120.76130470358112,-0.17,VYM,ETF (指數/股息/債券),2024-10-31
121.82561492919922,119.54353524377292,122.05368278442307,114.93699134925366,1.91,VYM,ETF (指數/股息/債券),2024-09-30
120.22317504882812,117.31577264962317,120.35532934411529,110.7552227281917,2.48,VYM,ETF (指數/股息/債券),2024-08-31
117.36297607421875,112.36940449750276,118.0615070024059,111.47262843618398,4.44,VYM,ETF (指數/股息/債券),2024-07-31
111.95405578613281,112.38563733700296,113.48327672598353,110.07389780480368,-0.38,VYM,ETF (指數/股息/債券),2024-06-30
112.31076049804688,108.69809098162557,113.85503401621216,108.35181517665418,3.32,VYM,ETF (指數/股息/債券),2024-05-31
109.00696563720703,113.30283890209029,113.36835322809236,107.04151556114503,-3.79,VYM,ETF (指數/股息/債券),2024-04-30
113.2373275756836,107.71982380072811,113.51810734628789,107.38476934219192,5.12,VYM,ETF (指數/股息/債券),2024-03-31
107.42200469970703,104.72295577727756,107.93387675836324,103.5968025637625,2.58,VYM,ETF (指數/股息/債券),2024-02-29
104.67642974853516,103.52236282598695,105.95149150797005,101.88430883006014,1.11,VYM,ETF (指數/股息/債券),2024-01-31
103.89462280273438,98.27870915118876,104.26690297120517,98.10362059600997,5.71,VYM,ETF (指數/股息/債券),2023-12-31
98.36164093017578,92.78653147242566,98.42614612958856,92.44557139040963,6.01,VYM,ETF (指數/股息/債券),2023-11-30
92.56535339355469,94.91521327251542,96.16845387571516,90.67627969297148,-2.48,VYM,ETF (指數/股息/債券),2023-10-31
95.2100830078125,99.00822709289741,99.51135932942678,94.77698175213436,-3.84,VYM,ETF (指數/股息/債券),2023-09-30
98.51422119140625,100.81952025697582,101.08481155014734,96.60232107583114,-2.29,VYM,ETF (指數/股息/債券),2023-08-31
100.92929077148438,96.96822769249877,101.35924782196008,95.5319935758004,4.08,VYM,ETF (指數/股息/債券),2023-07-31
97.03226470947266,92.17298922283611,97.73477209142925,91.50158635266286,5.27,VYM,ETF (指數/股息/債券),2023-06-30
91.96430969238281,96.9363293569608,97.48978519840409,91.60137133785082,-5.13,VYM,ETF (指數/股息/債券),2023-05-31
96.93632507324219,95.99272119742513,97.82549700619089,94.76787957927658,0.98,VYM,ETF (指數/股息/債券),2023-04-30
95.72052764892578,96.12557838492421,98.05347891084395,90.62148895341649,-0.42,VYM,ETF (指數/股息/債券),2023-03-31
96.28773498535156,99.3868214200798,100.67510265063018,96.00844673110579,-3.12,VYM,ETF (指數/股息/債券),2023-02-28
99.79222869873047,97.76519085751819,100.56699377198666,96.57600889946106,2.07,VYM,ETF (指數/股息/債券),2023-01-31
97.48592376708984,101.37312353482203,101.57845497184252,95.39584338038412,-3.83,VYM,ETF (指數/股息/債券),2022-12-31
101.01602172851562,95.82013093357169,101.05173302588707,92.72226548714683,5.42,VYM,ETF (指數/股息/債券),2022-11-30
95.0613021850586,85.9104834405932,95.55231720569505,84.44634035586847,10.65,VYM,ETF (指數/股息/債券),2022-10-31
84.70524597167969,91.5706617200308,95.53158008994012,84.63383019676316,-7.5,VYM,ETF (指數/股息/債券),2022-09-30
91.95169067382812,93.62645558530758,98.04812771856054,91.92510843846402,-1.79,VYM,ETF (指數/股息/債券),2022-08-31
94.26445770263672,90.04657553756537,94.42395790560518,87.53000641821096,4.68,VYM,ETF (指數/股息/債券),2022-07-31
90.11743927001953,98.22908560304595,98.51901097118187,86.64997648006282,-8.26,VYM,ETF (指數/股息/債券),2022-06-30
97.78981018066406,94.69737267695415,98.54534456067454,91.13929417260172,3.27,VYM,ETF (指數/股息/債券),2022-05-31
94.46894836425781,99.0988354913586,101.49723979882464,94.33716666088499,-4.67,VYM,ETF (指數/股息/債券),2022-04-30
98.61563110351562,95.61455501133487,100.49569150021003,93.86785146585532,3.14,VYM,ETF (指數/股息/債券),2022-03-31
95.96391296386719,97.46607281697104,99.54464646366196,91.65827986650817,-1.54,VYM,ETF (指數/股息/債券),2022-02-28
97.39620208740234,98.02500943007675,101.01188583065267,93.23031684858327,-0.64,VYM,ETF (指數/股息/債券),2022-01-31
97.9114761352539,92.73702592438745,98.44420598331159,91.21305425249223,5.58,VYM,ETF (指數/股息/債券),2021-12-31
91.72390747070312,94.26964424848968,96.23522212519914,91.62865885580139,-2.7,VYM,ETF (指數/股息/債券),2021-11-30
93.8973159790039,89.97481106063444,94.63331821400386,89.21282212527689,4.36,VYM,ETF (指數/股息/債券),2021-10-31
89.48992156982422,92.60761683841267,92.78815460205078,87.77545093007204,-3.37,VYM,ETF (指數/股息/債券),2021-09-30
92.46147155761719,90.91400090740092,93.1836270707035,90.01992997391532,1.7,VYM,ETF (指數/股息/債券),2021-08-31
90.57010650634766,90.43256754116119,91.19769952858702,87.24305117237334,0.15,VYM,ETF (指數/股息/債券),2021-07-31
90.07148742675781,91.87813524746831,92.20241877489717,87.56841874977574,-1.97,VYM,ETF (指數/股息/債券),2021-06-30
91.15274047851562,89.0191979698182,92.77419616123075,88.87411546624429,2.4,VYM,ETF (指數/股息/債券),2021-05-31
88.47299194335938,86.27974643216614,89.0789383568162,85.9042504738595,2.54,VYM,ETF (指數/股息/債券),2021-04-30
86.2712173461914,81.73076347746996,87.0392684710686,80.391194292495,5.56,VYM,ETF (指數/股息/債券),2021-03-31
80.67098236083984,77.72052764892578,83.47728730253026,77.16096355016515,3.8,VYM,ETF (指數/股息/債券),2021-02-28
77.14401245117188,77.8222737339999,81.46795039836995,75.94857123930228,-0.87,VYM,ETF (指數/股息/債券),2021-01-31
77.58488464355469,75.94893560514866,77.77243894497937,75.4314098536587,2.15,VYM,ETF (指數/股息/債券),2020-12-31
75.03296661376953,67.76415405617183,76.52035142637284,67.16752102412691,10.73,VYM,ETF (指數/股息/債券),2020-11-30
66.83979034423828,68.25991503856864,71.42798159981128,65.52045251974201,-2.08,VYM,ETF (指數/股息/債券),2020-10-31
68.00785064697266,69.71798351733622,71.65087230231418,65.56248011367518,-2.45,VYM,ETF (指數/股息/債券),2020-09-30
69.80963897705078,67.8933779556849,70.89270892460534,67.49346959636205,2.82,VYM,ETF (指數/股息/債券),2020-08-31
67.6517562866211,65.83550460263413,69.0431159759215,64.1608794680259,2.76,VYM,ETF (指數/股息/債券),2020-07-31
65.63555908203125,65.94247087773519,71.56548160659995,63.56100850496947,-0.47,VYM,ETF (指數/股息/債券),2020-06-30
66.14036560058594,63.34535243420258,66.76696333923432,59.800058796137925,4.41,VYM,ETF (指數/股息/債券),2020-05-31
64.31825256347656,56.00741837180233,66.2063143870856,55.37256596580554,14.84,VYM,ETF (指數/股息/債券),2020-04-30
58.33247756958008,67.95625889833435,71.72160526765136,49.52693849111938,-14.16,VYM,ETF (指數/股息/債券),2020-03-31
67.53059387207031,75.11041179714184,77.64792987625044,65.63155196692483,-10.09,VYM,ETF (指數/股息/債券),2020-02-29
74.78299713134766,77.02582796556813,77.62336574710791,74.5210604402334,-2.91,VYM,ETF (指數/股息/債券),2020-01-31
76.7065658569336,74.56410897465328,77.00125535083698,73.10285901204887,2.87,VYM,ETF (指數/股息/債券),2019-12-31
74.49105072021484,73.0622861564723,74.78330101885916,73.05416639047844,1.96,VYM,ETF (指數/股息/債券),2019-11-30
72.78626251220703,72.24233749502824,73.08662090532444,69.06010446851626,0.75,VYM,ETF (指數/股息/債券),2019-10-31
72.03128814697266,68.9443250415064,72.5090120950915,68.56612806654556,4.48,VYM,ETF (指數/股息/債券),2019-09-30
69.3305435180664,70.83529007058006,71.39856427250237,67.04528231700836,-2.12,VYM,ETF (指數/股息/債券),2019-08-31
70.81920623779297,70.81113365629454,71.89743598916058,70.34444641929407,0.01,VYM,ETF (指數/股息/債券),2019-07-31
70.312255859375,66.08331658220348,70.73874204702565,66.05136066917926,6.4,VYM,ETF (指數/股息/債券),2019-06-30
65.93152618408203,70.43722011978754,70.44521062320099,65.86761435932772,-6.4,VYM,ETF (指數/股息/債券),2019-05-31
70.37328338623047,68.7914939612157,70.50111630817577,68.54384333958245,2.3,VYM,ETF (指數/股息/債券),2019-04-30
68.43201446533203,68.47991650549721,69.09037182790264,66.56141384731059,-0.07,VYM,ETF (指數/股息/債券),2019-03-31
68.07560729980469,65.7765651218835,68.51955621224953,65.18991208751196,3.5,VYM,ETF (指數/股息/債券),2019-02-28
65.6021499633789,61.099193602982965,65.71313801116742,60.71073707149886,7.37,VYM,ETF (指數/股息/債券),2019-01-31
61.82853317260742,68.44779699845219,68.4713499962536,58.01528694614799,-9.67,VYM,ETF (指數/股息/債券),2018-12-31
67.69408416748047,65.59779639692272,67.85895506832455,64.94609177905835,3.2,VYM,ETF (指數/股息/債券),2018-11-30
65.37006378173828,68.74615561655963,69.39781264906304,63.407264177417865,-4.91,VYM,ETF (指數/股息/債券),2018-10-31
68.37715911865234,68.06607139675431,69.71007251575024,67.75441237398573,0.46,VYM,ETF (指數/股息/債券),2018-09-30
68.10502624511719,67.23238611143111,68.65822069290567,66.42989520143504,1.3,VYM,ETF (指數/股息/債券),2018-08-31
67.35704040527344,64.33397042770362,67.46612016094895,64.18593104909397,4.7,VYM,ETF (指數/股息/債券),2018-07-31
64.70797729492188,65.2283224951421,66.66668735038662,64.19371700182089,-0.8,VYM,ETF (指數/股息/債券),2018-06-30
64.89584350585938,63.72039076401524,65.81606768861637,62.30524814786482,1.84,VYM,ETF (指數/股息/債券),2018-05-31
63.87506103515625,63.63534234146786,65.4526282512169,61.69434290727411,0.38,VYM,ETF (指數/股息/債券),2018-04-30
63.790000915527344,65.19886010519076,66.97943195884334,62.05980702644184,-2.16,VYM,ETF (指數/股息/債券),2018-03-31
65.19120025634766,68.17677947954411,68.6756538438101,61.64537011621353,-4.38,VYM,ETF (指數/股息/債券),2018-02-28
68.42236328125,65.9126359061761,69.78848731384946,65.75146224946728,3.81,VYM,ETF (指數/股息/債券),2018-01-31
65.72078704833984,64.74282836914062,66.19017139488207,63.91250188836861,1.51,VYM,ETF (指數/股息/債券),2017-12-31
64.758056640625,63.04408584667778,65.07799858310294,62.41941396242547,2.72,VYM,ETF (指數/股息/債券),2017-11-30
62.83079528808594,61.78715946478839,63.539252373307235,61.72621647556814,1.69,VYM,ETF (指數/股息/債券),2017-10-31
61.75669479370117,60.044827347682826,61.77192763676765,59.455051539256246,2.85,VYM,ETF (指數/股息/債券),2017-09-30
59.946537017822266,60.203639567324245,60.369962061742214,58.857693435027535,-0.43,VYM,ETF (指數/股息/債券),2017-08-31
60.05238723754883,59.28114556684085,60.18092911751037,58.66109032736817,1.3,VYM,ETF (指數/股息/債券),2017-07-31
59.09966278076172,58.55630969906696,59.93709182739258,58.48126751386033,0.93,VYM,ETF (指數/股息/債券),2017-06-30
58.43623733520508,58.353683397920584,58.518785448044376,57.08546091085955,0.14,VYM,ETF (指數/股息/債券),2017-05-31
58.22610092163086,58.31614829082504,58.766424061211126,57.43066372559913,-0.15,VYM,ETF (指數/股息/債券),2017-04-30
58.271141052246094,58.81354322673496,59.320171376035226,57.50568755899136,-0.92,VYM,ETF (指數/股息/債券),2017-03-31
58.448486328125,56.511389015965555,58.60493468695672,56.02708432776592,3.43,VYM,ETF (指數/股息/債券),2017-02-28
56.429420471191406,56.794496531555936,57.05524063796515,56.019656933333955,-0.64,VYM,ETF (指數/股息/債券),2017-01-31
56.4517707824707,54.921296129581826,57.07017141076144,54.62586038355224,2.79,VYM,ETF (指數/股息/債券),2016-12-31
54.825279235839844,52.668602270479994,55.13548421832173,51.671518043243125,4.09,VYM,ETF (指數/股息/債券),2016-11-30
52.602142333984375,53.19299050925164,53.3111741308341,52.04081781277094,-1.11,VYM,ETF (指數/股息/債券),2016-10-31
218.06500244140625,218.00999450683594,218.47999572753906,217.0825958251953,0.03,VDC,ETF (指數/股息/債券),2026-10-31
218.2100067138672,229.23038524246698,231.1499971756522,218.17999267578125,-4.81,VDC,ETF (指數/股息/債券),2026-09-30
228.3252716064453,231.18979132117641,234.9494545771186,226.0873667852165,-1.24,VDC,ETF (指數/股息/債券),2026-08-31
229.19058227539062,224.11803504194384,238.4405711137604,222.576362166831,2.26,VDC,ETF (指數/股息/債券),2026-07-31
224.2771759033203,219.89131033621996,231.3078012044217,217.64558592448967,1.99,VDC,ETF (指數/股息/債券),2026-06-30
221.35546875,230.4965837999184,233.96901915219863,221.10814420391063,-3.97,VDC,ETF (指數/股息/債券),2026-05-31
229.65567016601562,221.6324705743762,230.01181810108858,219.22848299847197,3.62,VDC,ETF (指數/股息/債券),2026-04-30
222.1864776611328,239.0940439020619,239.4088945129638,217.4977555793727,-7.07,VDC,ETF (指數/股息/債券),2026-03-31
240.25503540039062,223.83396902223762,240.39277878865278,222.75168888114493,7.34,VDC,ETF (指數/股息/債券),2026-02-28
223.2731475830078,207.70808742324544,223.2731475830078,205.2975604523102,7.49,VDC,ETF (指數/股息/債券),2026-01-31
207.83599853515625,211.04368105987203,212.81434785054014,207.14036524793406,-1.52,VDC,ETF (指數/股息/債券),2025-12-31
211.34693908691406,203.2663794786823,211.36650880495085,200.98697753562473,3.98,VDC,ETF (指數/股息/債券),2025-11-30
203.58921813964844,208.76428927837546,214.26222181461972,202.90442725514117,-2.48,VDC,ETF (指數/股息/債券),2025-10-31
209.08712768554688,213.24261500017428,215.14022294600366,206.90557179972092,-1.95,VDC,ETF (指數/股息/債券),2025-09-30
213.20367431640625,210.89736184239484,220.6384290156733,210.7221902001941,1.09,VDC,ETF (指數/股息/債券),2025-08-31
210.31346130371094,213.29126016335923,216.74588490008531,209.7198585922559,-1.4,VDC,ETF (指數/股息/債券),2025-07-31
213.11611938476562,216.43247420354365,217.4968386993346,210.1721432526254,-1.53,VDC,ETF (指數/股息/債券),2025-06-30
217.28396606445312,212.4459785644564,218.2225380034145,207.57894921851295,2.28,VDC,ETF (指數/股息/債券),2025-05-31
213.70387268066406,211.80737059259883,215.67774736525993,196.38385370855283,0.9,VDC,ETF (指數/股息/債券),2025-04-30
211.72996520996094,215.56277036927474,218.1033310041221,203.17752147704866,-1.78,VDC,ETF (指數/股息/債券),2025-03-31
216.4384765625,205.26580742573412,218.0166974861643,205.0444747579314,5.44,VDC,ETF (指數/股息/債券),2025-02-28
207.21932983398438,203.8607754601622,209.2209739806068,198.0001695889693,1.65,VDC,ETF (指數/股息/債券),2025-01-31
203.41812133789062,214.03535143104645,214.76270852235953,202.40765632223642,-4.96,VDC,ETF (指數/股息/債券),2024-12-31
214.01620483398438,203.68004068215458,214.42774525172302,202.66555014710022,5.07,VDC,ETF (指數/股息/債券),2024-11-30
202.94308471679688,209.02039066587932,210.01570270707464,202.94308471679688,-2.91,VDC,ETF (指數/股息/債券),2024-10-31
209.09695434570312,206.8699208628114,211.42666470542653,205.0148486401549,1.08,VDC,ETF (指數/股息/債券),2024-09-30
206.91748046875,197.43298238466213,207.84022899978265,195.18789815035132,4.8,VDC,ETF (指數/股息/債券),2024-08-31
197.2617645263672,194.06538190947592,199.3831615692193,191.54444269806757,1.65,VDC,ETF (指數/股息/債券),2024-07-31
193.1426239013672,193.99823161088028,196.660751420643,191.16570371492432,-0.44,VDC,ETF (指數/股息/債券),2024-06-30
194.4042205810547,189.24905071812339,197.99204816342439,187.78558732467673,2.72,VDC,ETF (指數/股息/債券),2024-05-31
189.5889434814453,192.7424633771624,192.89353372141895,183.52741390884523,-1.64,VDC,ETF (指數/股息/債券),2024-04-30
192.74246215820312,186.1742380615876,193.33729263066334,185.34687600213292,3.53,VDC,ETF (指數/股息/債券),2024-03-31
186.456298828125,181.39809926674496,187.40587441619715,180.439134380475,2.79,VDC,ETF (指數/股息/債券),2024-02-29
181.22886657714844,178.9348117434174,183.16564702261294,178.22031009889554,1.28,VDC,ETF (指數/股息/債券),2024-01-31
179.53656005859375,173.70720530814117,179.71518199000909,173.11115194733634,3.36,VDC,ETF (指數/股息/債券),2023-12-31
173.70721435546875,167.2156748899042,174.01457002246028,166.12598991298458,3.88,VDC,ETF (指數/股息/債券),2023-11-30
167.1691131591797,169.6464856773882,169.6837478748655,160.89178096358722,-1.46,VDC,ETF (指數/股息/債券),2023-10-31
170.13082885742188,178.84646902598928,178.97612775119916,169.16832250363174,-4.87,VDC,ETF (指數/股息/債券),2023-09-30
178.2444305419922,183.95872667180166,184.91262706701326,175.78091430664062,-3.11,VDC,ETF (指數/股息/債券),2023-08-31
184.1161651611328,179.93928035109127,185.54239165959166,177.80917968976763,2.32,VDC,ETF (指數/股息/債券),2023-07-31
180.08746337890625,174.48485755565233,180.67313522326268,173.81362439680387,3.21,VDC,ETF (指數/股息/債券),2023-06-30
174.33775329589844,184.13966048822257,185.41776906062626,173.50100229992762,-5.32,VDC,ETF (指數/股息/債券),2023-05-31
184.37875366210938,178.0065657380204,184.49827951666643,177.61118621967626,3.58,VDC,ETF (指數/股息/債券),2023-04-30
177.9422149658203,170.96036416835588,178.0801347962385,167.84820987093076,4.08,VDC,ETF (指數/股息/債券),2023-03-31
171.17091369628906,174.89642189916702,177.36787103971653,171.17091369628906,-2.13,VDC,ETF (指數/股息/債券),2023-02-28
175.0703125,175.6378362225255,179.54637351706043,169.8711004322543,-0.32,VDC,ETF (指數/股息/債券),2023-01-31
175.35409545898438,181.23983943627613,181.50335722053634,173.6423665396242,-3.25,VDC,ETF (指數/股息/債券),2022-12-31
181.3579559326172,171.3264618478586,181.3579559326172,165.810931018272,5.86,VDC,ETF (指數/股息/債券),2022-11-30
170.79037475585938,157.32411604548628,172.00793928706887,155.22512265481754,8.56,VDC,ETF (指數/股息/債券),2022-10-31
156.09744262695312,169.66883937963206,173.42420529376557,156.00658567510536,-8.0,VDC,ETF (指數/股息/債券),2022-09-30
170.34593200683594,172.73817022782436,180.20375336844702,170.30982870153395,-1.38,VDC,ETF (指數/股息/債券),2022-08-31
173.0451202392578,167.26759012794076,174.39014869621508,166.1933555937011,3.45,VDC,ETF (指數/股息/債券),2022-07-31
167.31272888183594,172.0711871654036,172.1967271167083,157.54436255347093,-2.77,VDC,ETF (指數/股息/債券),2022-06-30
171.80213928222656,180.30309858686033,180.98454419102768,160.3062212738441,-4.71,VDC,ETF (指數/股息/債券),2022-05-31
179.4421844482422,176.68031438054015,188.427314327652,175.84633314522137,1.56,VDC,ETF (指數/股息/債券),2022-04-30
175.67599487304688,172.72232582249364,177.32595241058644,165.23676216121245,1.71,VDC,ETF (指數/股息/債券),2022-03-31
173.1063995361328,174.91086687154532,177.27798767483503,166.5944714040382,-1.03,VDC,ETF (指數/股息/債券),2022-02-28
174.8572540283203,177.71572636675612,180.9225525204774,169.5958921369076,-1.61,VDC,ETF (指數/股息/債券),2022-01-31
178.5464630126953,163.51530804462905,178.77870785192025,161.3762969970703,9.19,VDC,ETF (指數/股息/債券),2021-12-31
162.44139099121094,165.33478430545608,169.77262876531537,162.26388152935945,-1.75,VDC,ETF (指數/股息/債券),2021-11-30
164.8022918701172,159.7609510193642,165.6720815864007,157.86153601608757,3.16,VDC,ETF (指數/股息/債券),2021-10-31
159.06863403320312,165.80807795188016,167.29951846040518,159.03312402010732,-4.06,VDC,ETF (指數/股息/債券),2021-09-30
165.56101989746094,163.74312239926107,167.38772405992756,161.49278312770008,1.11,VDC,ETF (指數/股息/債券),2021-08-31
163.698974609375,161.3339509975732,164.55497571556876,159.37485863989815,1.47,VDC,ETF (指數/股息/債券),2021-07-31
161.0603790283203,162.58101684321664,164.14293514314275,157.29007341794778,-0.94,VDC,ETF (指數/股息/債券),2021-06-30
162.17742919921875,159.69429122084136,164.14290806955543,159.18531332456163,1.55,VDC,ETF (指數/股息/債券),2021-05-31
159.25555419921875,155.85984578083324,161.26484154855555,154.8069058924039,2.18,VDC,ETF (指數/股息/債券),2021-04-30
156.38629150390625,145.63975698173064,158.36932436652754,143.62388244750284,7.38,VDC,ETF (指數/股息/債券),2021-03-31
144.60128784179688,146.33790745788593,151.68734007559087,144.53147270592922,-1.19,VDC,ETF (指數/股息/債券),2021-02-28
145.55245971679688,151.85313523709758,151.85313523709758,145.55245971679688,-4.15,VDC,ETF (指數/股息/債券),2021-01-31
151.77459716796875,149.61298246428197,152.17601501941718,148.31010831936797,1.44,VDC,ETF (指數/股息/債券),2020-12-31
148.85203552246094,139.61626770242881,151.3338623046875,138.98499312302826,6.62,VDC,ETF (指數/股息/債券),2020-11-30
137.9473419189453,142.02902769305888,147.76239802971023,136.36482009384792,-2.87,VDC,ETF (指數/股息/債券),2020-10-31
141.2679901123047,143.92489986750041,148.21723463986638,136.38210529036152,-1.85,VDC,ETF (指數/股息/債券),2020-09-30
143.93350219726562,137.49077736469093,144.48402404785156,136.55318697896266,4.69,VDC,ETF (指數/股息/債券),2020-08-31
137.54237365722656,128.73419945282518,138.1445122003067,128.57076358759736,6.84,VDC,ETF (指數/股息/債券),2020-07-31
128.65676879882812,128.7656119922304,133.2516632080078,124.1174778364111,-0.08,VDC,ETF (指數/股息/債券),2020-06-30
128.89352416992188,125.20914644107097,129.48201649313316,121.41388818540267,2.94,VDC,ETF (指數/股息/債券),2020-05-31
126.19847869873047,114.16452903820579,130.53104285754782,113.69545435394406,10.54,VDC,ETF (指數/股息/債券),2020-04-30
117.5418701171875,125.5640270649812,136.0106976565381,102.94083641666589,-6.39,VDC,ETF (指數/股息/債券),2020-03-31
125.13936614990234,136.63914151839253,140.05344488467637,121.04563215433338,-8.42,VDC,ETF (指數/股息/債券),2020-02-29
136.19747924804688,137.27612832864568,139.20410411023033,134.6942544021502,-0.79,VDC,ETF (指數/股息/債券),2020-01-31
136.91098022460938,133.21803884068507,137.55644373156295,132.55153244205331,2.77,VDC,ETF (指數/股息/債券),2019-12-31
133.3952178955078,131.8090765384204,133.72425497956598,129.57336423971765,1.2,VDC,ETF (指數/股息/債券),2019-11-30
131.48007202148438,132.2899767699971,132.4671436333486,128.4680809337923,-0.61,VDC,ETF (指數/股息/債券),2019-10-31
132.0874786376953,129.17263560274247,132.59369538920583,128.85427872397403,2.26,VDC,ETF (指數/股息/債券),2019-09-30
129.6083221435547,127.88244185739285,130.4880655910207,122.94777338507538,1.35,VDC,ETF (指數/股息/債券),2019-08-31
127.57244110107422,125.26852968865289,130.55501935845194,124.63179010084914,1.84,VDC,ETF (指數/股息/債券),2019-07-31
124.63172149658203,118.78517859394961,126.55875430386689,118.75190169692915,4.92,VDC,ETF (指數/股息/債券),2019-06-30
118.70199584960938,124.11039553360463,124.859207272513,118.46901945058507,-4.36,VDC,ETF (指數/股息/債券),2019-05-31
123.8857192993164,121.11494973494007,124.06045791783863,118.51888782361218,2.29,VDC,ETF (指數/股息/債券),2019-04-30
120.82374572753906,117.2579517165394,120.91527306835918,115.03974588837596,3.04,VDC,ETF (指數/股息/債券),2019-03-31
116.79444122314453,114.5514393631289,117.65520668354819,113.69892601114877,1.96,VDC,ETF (指數/股息/債券),2019-02-28
114.46864318847656,107.68165956209118,114.77488207579577,107.00295283355584,6.3,VDC,ETF (指數/股息/債券),2019-01-31
108.56726837158203,119.52615826968797,119.70691276762174,103.4025161253858,-9.17,VDC,ETF (指數/股息/債券),2018-12-31
119.3536376953125,117.18460591173407,120.89819649602856,115.45100964526402,1.85,VDC,ETF (指數/股息/債券),2018-11-30
117.0777816772461,115.31135371133712,118.21980677075707,110.64466949398305,1.53,VDC,ETF (指數/股息/債券),2018-10-31
115.12240600585938,114.2275175874604,117.59319505835897,113.91709170267417,0.78,VDC,ETF (指數/股息/債券),2018-09-30
114.4072265625,113.14105251695132,117.14387372700023,112.29964352069989,1.12,VDC,ETF (指數/股息/債券),2018-08-31
113.46780395507812,109.2689145389432,114.01516691862766,108.42750564830173,3.84,VDC,ETF (指數/股息/債券),2018-07-31
109.68553924560547,105.00099531879992,110.79617322162045,104.67724785379181,4.46,VDC,ETF (指數/股息/債券),2018-06-30
104.90389251708984,105.87514168938483,106.73304589069687,102.61333250310412,-0.92,VDC,ETF (指數/股息/債券),2018-05-31
106.08556365966797,109.8896603002253,112.18021534865579,104.8148440560025,-3.46,VDC,ETF (指數/股息/債券),2018-04-30
110.17295837402344,110.43015668255818,114.106644598038,106.40122416202479,-0.23,VDC,ETF (指數/股息/債券),2018-03-31
110.84942626953125,119.25844665876355,119.83893765549408,109.22081788522087,-7.05,VDC,ETF (指數/股息/債券),2018-02-28
119.75828552246094,117.83951283167774,121.97549878015373,116.6220982197272,1.63,VDC,ETF (指數/股息/債券),2018-01-31
117.74272155761719,114.96075182985221,118.46837553615259,113.94410504084921,2.42,VDC,ETF (指數/股息/債券),2017-12-31
115.3770523071289,109.6614179848601,115.66523525199803,107.94032995631716,5.21,VDC,ETF (指數/股息/債券),2017-11-30
109.2851791381836,110.9982401643773,112.43115321053156,108.30855614842949,-1.54,VDC,ETF (指數/股息/債券),2017-10-31
110.918212890625,111.62200088877485,113.56446604418139,110.37385448775171,-0.63,VDC,ETF (指數/股息/債券),2017-09-30
111.5821762084961,113.15847788758832,113.97843991234673,110.73832057880271,-1.39,VDC,ETF (指數/股息/債券),2017-08-31
112.9674072265625,112.51363085172133,114.05008576976948,109.92625991647365,0.4,VDC,ETF (指數/股息/債券),2017-07-31
112.26686096191406,114.9365465418988,116.27217864990234,111.59809789917846,-2.32,VDC,ETF (指數/股息/債券),2017-06-30
114.82587432861328,112.42330096019036,115.1578201700201,110.77944669389406,2.14,VDC,ETF (指數/股息/債券),2017-05-31
112.35216522216797,111.16668489865305,113.5218679757233,110.75572308585438,1.07,VDC,ETF (指數/股息/債券),2017-04-30
111.15088653564453,111.55031122426183,112.54815963419172,110.39538630817587,-0.36,VDC,ETF (指數/股息/債券),2017-03-31
111.40890502929688,106.28628692899137,111.85671108997806,105.83059324484675,4.82,VDC,ETF (指數/股息/債券),2017-02-28
106.65555572509766,105.64988011179969,107.77121031937116,104.52636564081317,0.95,VDC,ETF (指數/股息/債券),2017-01-31
105.27276611328125,101.97856060749082,106.41201062083886,100.81626377901496,3.23,VDC,ETF (指數/股息/債券),2016-12-31
101.96298217773438,106.04273135133661,106.19094657487852,101.01908738632582,-3.85,VDC,ETF (指數/股息/債券),2016-11-30
105.94134521484375,106.62000050758016,106.63560524605127,104.19396216050991,-0.64,VDC,ETF (指數/股息/債券),2016-10-31
363.05999755859375,365.9800109863281,364.6162109375,362.1000061035156,-0.8,VCR,ETF (指數/股息/債券),2026-10-31
364.67999267578125,386.6631467355104,392.15125414803447,364.1099853515625,-5.69,VCR,ETF (指數/股息/債券),2026-09-30
390.54473876953125,395.4940259019431,403.9756747924399,388.8982783700492,-1.25,VCR,ETF (指數/股息/債券),2026-08-31
390.4549255371094,396.6116092829871,401.46109881793353,367.7341049454646,-1.55,VCR,ETF (指數/股息/債券),2026-07-31
395.7534484863281,396.3787435699898,400.39263272455065,379.835154561509,-0.16,VCR,ETF (指數/股息/債券),2026-06-30
400.0938720703125,392.89272442694613,404.25711815213805,376.13007317857273,1.83,VCR,ETF (指數/股息/債券),2026-05-31
392.00628662109375,360.41312383741416,401.74719357808493,350.84156230184607,8.77,VCR,ETF (指數/股息/債券),2026-04-30
357.5944519042969,373.52668858350097,383.19857591540983,345.09465124154286,-4.27,VCR,ETF (指數/股息/債券),2026-03-31
381.9858703613281,395.5345274291981,402.0752416865032,373.75531750927263,-3.43,VCR,ETF (指數/股息/債券),2026-02-28
396.8068542480469,393.6657464189493,411.8067696367913,387.164780953306,0.8,VCR,ETF (指數/股息/債券),2026-01-31
391.5683288574219,385.7859794626647,404.24222165557353,385.6570251148776,1.5,VCR,ETF (指數/股息/債券),2025-12-31
387.6512451171875,396.5212679632094,397.18603608024944,359.8704569217772,-2.24,VCR,ETF (指數/股息/債券),2025-11-30
392.26483154296875,391.60009871267727,398.1782288362632,373.5921936035156,0.17,VCR,ETF (指數/股息/債券),2025-10-31
393.0486755371094,376.43969687083336,400.14114006934926,376.301019598753,4.41,VCR,ETF (指數/股息/債券),2025-09-30
382.1744079589844,357.5419333964684,387.08705866217497,354.3428046314854,6.89,VCR,ETF (指數/股息/債券),2025-08-31
366.03009033203125,355.2837366234629,374.9441223144531,354.8479369099614,3.02,VCR,ETF (指數/股息/債券),2025-07-31
358.8592529296875,350.07426321240587,360.869873046875,342.9077195689279,2.51,VCR,ETF (指數/股息/債券),2025-06-30
351.74481201171875,324.06706418047435,358.0909415833559,321.6749427077255,8.54,VCR,ETF (指數/股息/債券),2025-05-31
321.84295654296875,320.89406036664604,333.5170244544036,281.8486073028222,0.3,VCR,ETF (指數/股息/債券),2025-04-30
321.763916015625,355.5620925409728,356.95270573266197,312.43347422043695,-9.51,VCR,ETF (指數/股息/債券),2025-03-31
353.7177734375,376.37192245933943,384.83392333984375,346.19269778046635,-6.02,VCR,ETF (指數/股息/債券),2025-02-28
385.11993408203125,370.5333538662491,391.2149689980952,360.9963502281295,3.94,VCR,ETF (指數/股息/債券),2025-01-31
370.2177429199219,372.6514127440046,396.0658776945903,370.2177429199219,-0.65,VCR,ETF (指數/股息/債券),2024-12-31
370.3868408203125,334.08362254892074,371.2532609324368,331.8190323232838,10.87,VCR,ETF (指數/股息/債券),2024-11-30
327.9691162109375,335.2947666585521,338.03201208151813,321.9037772364308,-2.18,VCR,ETF (指數/股息/債券),2024-10-31
335.24554443359375,314.01481753542856,337.74645201309914,305.54791259765625,6.76,VCR,ETF (指數/股息/債券),2024-09-30
314.8399353027344,316.8240734841799,317.6786544051968,279.7834946336513,-0.63,VCR,ETF (指數/股息/債券),2024-08-31
316.49993896484375,307.7677206876985,326.3224335312399,303.2101294268644,2.84,VCR,ETF (指數/股息/債券),2024-07-31
306.7854919433594,299.7470011472443,310.39035514340856,296.68886312874537,2.35,VCR,ETF (指數/股息/債券),2024-06-30
298.47271728515625,295.6106457344878,305.75545338083697,292.1996297614015,0.97,VCR,ETF (指數/股息/債券),2024-05-31
294.93426513671875,311.99909557343017,312.1755196646755,285.0443296348632,-5.47,VCR,ETF (指數/股息/債券),2024-04-30
311.4306945800781,309.20051530689653,312.9401409971947,299.3695269969897,0.72,VCR,ETF (指數/股息/債券),2024-03-31
308.8581848144531,287.58214463046676,309.7092176927797,286.574595843922,7.4,VCR,ETF (指數/股息/債券),2024-02-29
285.880126953125,296.5132045008275,296.6990656570424,285.07795498804603,-3.59,VCR,ETF (指數/股息/債券),2024-01-31
297.91204833984375,276.62426542650854,302.94978845013026,276.62426542650854,7.7,VCR,ETF (指數/股息/債券),2023-12-31
277.82513427734375,250.45856033939913,282.3260731496439,249.02335045678723,10.93,VCR,ETF (指數/股息/債券),2023-11-30
249.32603454589844,261.4521279860507,266.57786723722865,241.66181778266974,-4.64,VCR,ETF (指數/股息/債券),2023-10-31
262.9947204589844,281.0248632707972,284.94882636081405,256.3516580871739,-6.42,VCR,ETF (指數/股息/債券),2023-09-30
279.3695983886719,283.77061268450024,286.62353386084425,264.3845709122114,-1.55,VCR,ETF (指數/股息/債券),2023-08-31
285.1143493652344,278.230410504385,289.6224600464022,272.3785304906734,2.47,VCR,ETF (指數/股息/債券),2023-07-31
275.7474670410156,246.0457190601943,276.42902837407337,244.5297400826074,12.07,VCR,ETF (指數/股息/債券),2023-06-30
246.10400390625,242.9554545709496,250.93380760234962,237.18306286481555,1.3,VCR,ETF (指數/股息/債券),2023-05-31
243.57736206054688,243.72313575579165,244.91845373702003,234.96736419744687,-0.06,VCR,ETF (指數/股息/債券),2023-04-30
245.4237823486328,239.24922591111581,245.63757577984973,223.01896260362653,2.58,VCR,ETF (指數/股息/債券),2023-03-31
239.7046661376953,244.28791499690095,259.9755444160241,235.47024595121397,-1.88,VCR,ETF (指數/股息/債券),2023-02-28
245.07276916503906,213.65862387143352,245.20839898458897,208.80407270619995,14.7,VCR,ETF (指數/股息/債券),2023-01-31
212.22454833984375,238.8850873449354,239.83201940865632,207.09871428298067,-11.16,VCR,ETF (指數/股息/債券),2022-12-31
238.160400390625,236.32454722629822,239.5518291898727,214.4294233442184,0.78,VCR,ETF (指數/股息/債券),2022-11-30
232.55615234375,227.31912728291303,239.14597562404185,215.29904931760464,2.3,VCR,ETF (指數/股息/債券),2022-10-31
227.13555908203125,245.95078135640827,266.0690733258642,226.20795600685042,-7.65,VCR,ETF (指數/股息/債券),2022-09-30
248.110107421875,258.62712305915613,280.0758326153911,247.6763030279458,-4.07,VCR,ETF (指數/股息/債券),2022-08-31
259.0320129394531,219.07486704802025,259.88032317517275,218.88209957921876,18.24,VCR,ETF (指數/股息/債券),2022-07-31
219.26768493652344,248.38734497645981,252.17806607610555,211.9330744168405,-11.72,VCR,ETF (指數/股息/債券),2022-06-30
246.55929565429688,259.47082805875914,270.8525066848488,217.70571327731955,-4.98,VCR,ETF (指數/股息/債券),2022-05-31
259.9229736328125,294.70319172000615,300.4180398305785,259.39379687499513,-11.8,VCR,ETF (指數/股息/債券),2022-04-30
293.6736755371094,284.2412088033638,305.63272584573883,258.70767164139966,3.32,VCR,ETF (指數/股息/債券),2022-03-31
284.7310791015625,295.9032276450731,304.3183456449603,259.38004641663997,-3.78,VCR,ETF (指數/股息/債券),2022-02-28
295.3364562988281,332.2535248942383,336.98953018948134,274.5868493065349,-11.11,VCR,ETF (指數/股息/債券),2022-01-31
327.2486877441406,330.8084142245033,333.93393166811524,304.3663950226374,-1.08,VCR,ETF (指數/股息/債券),2021-12-31
327.5007019042969,326.9062995688946,345.6690208872627,325.19010177140535,0.18,VCR,ETF (指數/股息/債券),2021-11-30
324.83526611328125,298.4983834512209,325.97624865667933,294.0113467029263,8.82,VCR,ETF (指數/股息/債券),2021-10-31
297.1849060058594,307.26409554495774,309.6302918473231,295.29074846744305,-3.28,VCR,ETF (指數/股息/債券),2021-09-30
306.1956481933594,302.49388333615923,307.1115396244141,291.5221885194726,1.22,VCR,ETF (指數/股息/債券),2021-08-31
300.5953369140625,300.03236385793815,308.313603956665,289.22288022732914,0.19,VCR,ETF (指數/股息/債券),2021-07-31
299.5840148925781,292.62556886660116,300.5285237932335,285.4698351230195,2.38,VCR,ETF (指數/股息/債券),2021-06-30
290.6722412109375,300.81056634881384,301.22027916264415,277.9042860937729,-3.37,VCR,ETF (指數/股息/債券),2021-05-31
299.22869873046875,283.98344257513025,301.56315163859523,282.773321422662,5.37,VCR,ETF (指數/股息/債券),2021-04-30
281.4488525390625,274.30315640534826,286.647169652539,251.93902332567617,2.61,VCR,ETF (指數/股息/債券),2021-03-31
270.04547119140625,272.7600404094248,286.30433856501014,265.47368455341154,-1.0,VCR,ETF (指數/股息/債券),2021-02-28
269.8265686035156,263.7306893696393,283.39919986379033,255.90134748705893,2.31,VCR,ETF (指數/股息/債券),2021-01-31
262.1018981933594,252.01522487431637,262.88298416553835,247.33851549908297,4.0,VCR,ETF (指數/股息/債券),2020-12-31
249.05303955078125,220.92643250952233,252.46283452134483,217.63087924915988,12.73,VCR,ETF (指數/股息/債券),2020-11-30
218.23094177246094,226.09840465299578,240.02353665881822,216.70699136955784,-3.48,VCR,ETF (指數/股息/債券),2020-10-31
223.46949768066406,231.7382536565543,235.89886211516958,211.06835217333577,-3.57,VCR,ETF (指數/股息/債券),2020-09-30
231.17604064941406,205.62202898935794,232.44109565437526,204.61000220321736,12.43,VCR,ETF (指數/股息/債券),2020-08-31
204.67559814453125,187.99569336469006,207.25255034495248,187.74269379803945,8.87,VCR,ETF (指數/股息/債券),2020-07-31
187.41468811035156,178.27242393789987,193.8223114013672,176.5529430293735,5.13,VCR,ETF (指數/股息/債券),2020-06-30
177.66497802734375,160.71332938934825,180.20676794242274,155.44280493341265,10.55,VCR,ETF (指數/股息/債券),2020-05-31
165.61009216308594,130.7349385870386,167.56318555600734,125.67934883906155,26.68,VCR,ETF (指數/股息/債券),2020-04-30
135.82794189453125,165.74020432747002,173.44164693645607,111.19480603029115,-18.05,VCR,ETF (指數/股息/債券),2020-03-31
165.24600219726562,179.75384093988387,191.18488270763092,160.15520615972616,-8.07,VCR,ETF (指數/股息/債券),2020-02-29
178.79347229003906,177.94506244151768,182.29927634452906,174.41130070154748,0.48,VCR,ETF (指數/股息/債券),2020-01-31
176.66763305664062,171.79528909654792,178.70031286367734,167.58861780400156,2.84,VCR,ETF (指數/股息/債券),2019-12-31
171.59100341796875,169.4551479347841,172.8539276123047,167.33790936624223,1.26,VCR,ETF (指數/股息/債券),2019-11-30
168.4522705078125,167.8022387906604,170.8666606110636,160.67965627818415,0.39,VCR,ETF (指數/股息/債券),2019-10-31
167.26358032226562,164.1545479894128,172.50343149743514,163.46035060145107,1.89,VCR,ETF (指數/股息/債券),2019-09-30
165.05238342285156,168.24569247149358,169.80068792971107,157.54575108221098,-1.9,VCR,ETF (指數/股息/債券),2019-08-31
167.96800231933594,168.12534655920675,173.15131814839228,166.4407737043181,-0.09,VCR,ETF (指數/股息/債券),2019-07-31
166.04273986816406,153.85012047290837,167.76343573741684,152.23443569246115,7.92,VCR,ETF (指數/股息/債券),2019-06-30
154.0901641845703,167.51421844700874,168.49281866145455,153.72087043120845,-8.01,VCR,ETF (指數/股息/債券),2019-05-31
167.3018341064453,160.32208012963775,168.72362518310547,160.20206741641456,4.35,VCR,ETF (指數/股息/債券),2019-04-30
159.17721557617188,156.18924788170008,159.39879815533405,150.7189026205708,1.91,VCR,ETF (指數/股息/債券),2019-03-31
154.8906707763672,151.17931060652717,156.7325594403124,149.06121087109386,2.45,VCR,ETF (指數/股息/債券),2019-02-28
152.59762573242188,136.29713811422587,153.0949342619811,136.01165311382908,11.96,VCR,ETF (指數/股息/債券),2019-01-31
138.6178741455078,155.49628182900292,156.10197183120312,128.14695975579073,-10.85,VCR,ETF (指數/股息/債券),2018-12-31
152.11907958984375,149.3292578511002,157.80889853373546,141.31772266343128,1.87,VCR,ETF (指數/股息/債券),2018-11-30
148.6593780517578,166.82081667361572,166.97682522002853,142.14362558130205,-10.89,VCR,ETF (指數/股息/債券),2018-10-31
165.6002197265625,165.43230914680814,166.96938032001856,162.7516886917299,0.1,VCR,ETF (指數/股息/債券),2018-09-30
165.50547790527344,157.3537454148673,165.8165740966797,155.7984033630991,5.18,VCR,ETF (指數/股息/債券),2018-08-31
157.46351623535156,154.0600786253447,161.16888053017786,153.64837623518707,2.21,VCR,ETF (指數/股息/債券),2018-07-31
155.19459533691406,151.31431256051977,160.33316865633404,151.31431256051977,2.56,VCR,ETF (指數/股息/債券),2018-06-30
150.6759490966797,147.0647783501556,151.74292479931344,144.5296679493681,2.46,VCR,ETF (指數/股息/債券),2018-05-31
147.43869018554688,143.80924877767228,149.718452794706,139.3317348156694,2.52,VCR,ETF (指數/股息/債券),2018-04-30
144.64816284179688,148.08651501653114,152.77161977468776,141.7027220809629,-2.32,VCR,ETF (指數/股息/債券),2018-03-31
148.0682830810547,152.95356410542755,154.05433434403133,138.67074796776566,-3.19,VCR,ETF (指數/股息/債券),2018-02-28
153.7450408935547,142.57348625042738,156.00117280084666,142.11861933765329,7.84,VCR,ETF (指數/股息/債券),2018-01-31
141.89120483398438,138.4438426645605,143.09205373048505,136.60312452798695,2.49,VCR,ETF (指數/股息/債券),2017-12-31
138.70677185058594,132.55904388258,139.21455411493122,130.61857861243996,4.64,VCR,ETF (指數/股息/債券),2017-11-30
132.1056365966797,130.1923857064155,132.54993022638018,129.76619927330194,1.47,VCR,ETF (指數/股息/債券),2017-10-31
129.97474670410156,128.33883504551417,130.10169232760634,127.17352774749342,1.27,VCR,ETF (指數/股息/債券),2017-09-30
128.02272033691406,130.66952403627698,130.98563565910604,125.28551984850598,-2.03,VCR,ETF (指數/股息/債券),2017-08-31
130.2088165283203,128.62796298065035,131.94324358113482,125.98110291914035,1.23,VCR,ETF (指數/股息/債券),2017-07-31
128.24847412109375,129.02243597103964,130.83271948620256,126.59539994837726,-0.6,VCR,ETF (指數/股息/債券),2017-06-30
128.71629333496094,128.0588374774309,128.851394249322,124.64542978476774,0.51,VCR,ETF (指數/股息/債券),2017-05-31
127.77960205078125,124.8256049691457,128.77928792183826,122.78118896484375,2.37,VCR,ETF (指數/股息/債券),2017-04-30
124.70848846435547,123.28087308393097,124.95165900238307,121.21568204564832,1.16,VCR,ETF (指數/股息/債券),2017-03-31
121.9968032836914,120.2189959323225,123.7566645340215,118.8272714952211,1.48,VCR,ETF (指數/股息/債券),2017-02-28
119.88675689697266,116.31314804658972,121.04504983375018,115.4422037310221,3.07,VCR,ETF (指數/股息/債券),2017-01-31
115.53199005126953,115.2436675590127,119.20893666151045,114.48452890752928,0.25,VCR,ETF (指數/股息/債券),2016-12-31
115.31513977050781,109.60833017921405,117.03876874522575,107.31305958557488,5.21,VCR,ETF (指數/股息/債券),2016-11-30
109.55472564697266,112.07321595296885,112.82339803323067,108.6169972501071,-2.25,VCR,ETF (指數/股息/債券),2016-10-31
215.4199981689453,215.99000549316406,216.46609497070312,214.8000946044922,-0.26,VTV,ETF (指數/股息/債券),2026-10-31
216.0800018310547,223.7646248182125,226.01420483704658,216.02999877929688,-3.43,VTV,ETF (指數/股息/債券),2026-09-30
223.81439208984375,219.41474993803803,227.51727314942335,218.97678922099584,2.01,VTV,ETF (指數/股息/債券),2026-08-31
218.93695068359375,216.15981149597283,222.550245874968,215.61234475354934,1.28,VTV,ETF (指數/股息/債券),2026-07-31
216.92625427246094,208.88855958700506,220.05161010880673,208.60131846601544,3.85,VTV,ETF (指數/股息/債券),2026-06-30
209.83946228027344,205.11471824358128,210.79033432229568,202.46015153636128,2.3,VTV,ETF (指數/股息/債券),2026-05-31
204.81756591796875,194.81342748733562,205.0552936537604,193.10976530505295,5.14,VTV,ETF (指數/股息/債券),2026-04-30
194.33798217773438,203.01189813088317,204.3417409492296,190.5839479915467,-4.27,VTV,ETF (指數/股息/債券),2026-03-31
204.16441345214844,196.343015969334,205.0903779758274,196.12630062916483,3.98,VTV,ETF (指數/股息/債券),2026-02-28
196.76657104492188,188.64963512137234,197.643298783413,187.62517499090833,4.3,VTV,ETF (指數/股息/債券),2026-01-31
188.13742065429688,185.95253064382814,190.245475706554,184.50216236868076,1.17,VTV,ETF (指數/股息/債券),2025-12-31
186.6679229736328,181.8365821399542,186.912919728096,179.15142712380356,2.66,VTV,ETF (指數/股息/債券),2025-11-30
182.04237365722656,182.41478637978855,185.07054051189473,179.17104269133674,-0.2,VTV,ETF (指數/股息/債券),2025-10-31
182.75778198242188,177.60240634551067,182.86558115113016,176.32510941226732,2.9,VTV,ETF (指數/股息/債券),2025-09-30
178.64569091796875,171.7814446771269,179.33795856187064,169.99714594746334,4.0,VTV,ETF (指數/股息/債券),2025-08-31
172.61996459960938,172.10321322733196,176.2665984035904,170.8064085167763,0.3,VTV,ETF (指數/股息/債券),2025-07-31
172.32748413085938,165.8500871202774,172.51272806081272,164.47309582219455,3.91,VTV,ETF (指數/股息/債券),2025-06-30
166.19920349121094,160.98213126380435,168.28406499460525,160.36151522162447,3.24,VTV,ETF (指數/股息/債券),2025-05-31
161.43789672851562,167.0331516987865,168.2937786889444,145.87400505719188,-3.35,VTV,ETF (指數/股息/債券),2025-04-30
167.50833129882812,172.16463384552736,172.6659573097921,161.9936425805429,-2.7,VTV,ETF (指數/股息/債券),2025-03-31
171.73080444335938,168.1251714553381,172.82021045072247,167.60457701681779,2.14,VTV,ETF (指數/股息/債券),2025-02-28
170.3521728515625,164.18210781927024,171.84649312521162,161.34768945447723,3.76,VTV,ETF (指數/股息/債券),2025-01-31
163.21803283691406,174.25074415322575,174.404112095464,160.86009634204547,-6.33,VTV,ETF (指數/股息/債券),2024-12-31
174.32740783691406,165.87319542988521,174.81626626766086,164.09034783734222,5.1,VTV,ETF (指數/股息/債券),2024-11-30
165.02012634277344,167.16721369586259,170.79042198376172,165.02012634277344,-1.28,VTV,ETF (指數/股息/債券),2024-10-31
167.33016967773438,164.12137569472608,167.665643288163,158.23843114686713,1.96,VTV,ETF (指數/股息/債券),2024-09-30
164.80789184570312,160.2598279511903,164.9318335011306,151.9836817381649,2.84,VTV,ETF (指數/股息/債券),2024-08-31
160.19305419921875,153.43292962655232,161.2800132491793,152.05040408537357,4.41,VTV,ETF (指數/股息/債券),2024-07-31
152.94667053222656,152.90235830310652,155.12891638912245,150.6853054614484,0.03,VTV,ETF (指數/股息/債券),2024-06-30
152.712890625,147.94715090097014,155.20471555655973,147.54919279297772,3.22,VTV,ETF (指數/股息/債券),2024-05-31
148.269287109375,154.49412708273053,154.6173025468991,146.0237469013477,-4.03,VTV,ETF (指數/股息/債券),2024-04-30
154.30462646484375,146.99376417767283,154.72151466397406,146.56066222029224,4.97,VTV,ETF (指數/股息/債券),2024-03-31
146.72071838378906,142.220124188301,147.34212811527445,141.4574469605973,3.16,VTV,ETF (指數/股息/債券),2024-02-29
141.9847412109375,140.1581175536512,143.54770663271478,138.096146639941,1.3,VTV,ETF (指數/股息/債券),2024-01-31
140.76075744628906,133.84955030980075,141.19384246755362,133.70929704448866,5.16,VTV,ETF (指數/股息/債券),2023-12-31
133.9430389404297,125.73407188183754,134.03654111780716,125.34138834791327,6.53,VTV,ETF (指數/股息/債券),2023-11-30
125.5564193725586,128.54831991220865,130.61457473390018,122.87306060944788,-2.33,VTV,ETF (指數/股息/債券),2023-10-31
128.95968627929688,134.05895061071004,134.43059506797988,128.34264036864326,-3.8,VTV,ETF (指數/股息/債券),2023-09-30
133.33425903320312,136.36310242964538,136.78119180867316,130.8535709553955,-2.22,VTV,ETF (指數/股息/債券),2023-08-31
136.58607482910156,131.86629901698535,137.25502992945468,129.98951215728886,3.58,VTV,ETF (指數/股息/債券),2023-07-31
132.0242462158203,124.60648471522889,132.28439136846086,123.98806903672582,5.95,VTV,ETF (指數/股息/債券),2023-06-30
124.39418029785156,129.65533594851158,130.5045042451588,123.57269571030038,-4.06,VTV,ETF (指數/股息/債券),2023-05-31
129.7384033203125,127.81854505003083,130.52298481159755,126.5263394497761,1.5,VTV,ETF (指數/股息/債券),2023-04-30
127.4770278930664,127.71989336813533,130.6828805851099,120.81288850340258,-0.19,VTV,ETF (指數/股息/債券),2023-03-31
128.06845092773438,131.97630525569375,133.62750258858077,127.76578308693534,-2.96,VTV,ETF (指數/股息/債券),2023-02-28
132.3524169921875,129.09590682450545,132.8936173742787,127.57314895659724,2.52,VTV,ETF (指數/股息/債券),2023-01-31
128.76559448242188,133.70910085299886,133.9458597255251,125.90357015039368,-3.7,VTV,ETF (指數/股息/債券),2022-12-31
133.16275024414062,126.70672804104234,133.26291424340712,122.40883484275015,5.1,VTV,ETF (指數/股息/債券),2022-11-30
125.63229370117188,113.60356243767154,126.38807418163131,111.58206964557867,10.59,VTV,ETF (指數/股息/債券),2022-10-31
112.4380111694336,121.41385535818229,126.81385334206054,112.24678395371026,-7.39,VTV,ETF (指數/股息/債券),2022-09-30
121.96565246582031,124.50735256311633,130.2148672681672,121.92947768556284,-2.04,VTV,ETF (指數/股息/債券),2022-08-31
125.32139587402344,119.03498478949388,125.59275495294537,115.7968038215031,5.28,VTV,ETF (指數/股息/債券),2022-07-31
119.28825378417969,130.0487976716262,130.28248158335583,114.2847786190145,-8.27,VTV,ETF (指數/股息/債券),2022-06-30
129.50054931640625,126.69645635701244,131.19920083121949,120.82764681625888,2.21,VTV,ETF (指數/股息/債券),2022-05-31
126.45379638671875,133.37418545977113,136.510803962936,126.26506705282141,-5.19,VTV,ETF (指數/股息/債券),2022-04-30
132.8169403076172,128.0598364561315,135.34242124651308,125.69085518374847,3.71,VTV,ETF (指數/股息/債券),2022-03-31
128.59622192382812,130.2053146757303,133.4772707364033,122.83018107874562,-1.24,VTV,ETF (指數/股息/債券),2022-02-28
130.09808349609375,131.7250709248934,135.13106812709088,124.30521065158737,-1.24,VTV,ETF (指數/股息/債券),2022-01-31
131.51055908203125,124.62905216075256,132.31507300150324,122.19474726696973,5.52,VTV,ETF (指數/股息/債券),2021-12-31
122.9587631225586,127.25875330166448,129.53313339298106,122.89658004327273,-3.38,VTV,ETF (指數/股息/債券),2021-11-30
126.81454467773438,120.91539261151748,127.99620674487034,119.87591703010092,4.88,VTV,ETF (指數/股息/債券),2021-10-31
120.2668228149414,125.40587315080519,125.82104550690121,118.78143439267271,-4.1,VTV,ETF (指數/股息/債券),2021-09-30
125.2027359008789,123.11825141915523,125.90052789833038,121.92584023263524,1.69,VTV,ETF (指數/股息/債券),2021-08-31
122.64132690429688,121.82871573260532,123.54222779174506,117.92465072714977,0.67,VTV,ETF (指數/股息/債券),2021-07-31
121.41355895996094,123.86436053701702,124.23334478124261,118.10161098953816,-1.98,VTV,ETF (指數/股息/債券),2021-06-30
122.94197845458984,120.3241563726228,124.98884018942539,119.74434695136772,2.18,VTV,ETF (指數/股息/債券),2021-05-31
119.45446014404297,115.49253703883889,120.22751574700872,115.17628706972818,3.43,VTV,ETF (指數/股息/債券),2021-04-30
115.48374938964844,109.78631618892904,116.49402977354504,107.9690689265225,5.19,VTV,ETF (指數/股息/債券),2021-03-31
108.26610565185547,103.93266982510767,111.97051873431373,103.1376268027624,4.17,VTV,ETF (指數/股息/債券),2021-02-28
103.11141204833984,104.22097713887842,108.45832068248217,101.65236346730151,-1.06,VTV,ETF (指數/股息/債券),2021-01-31
103.93268585205078,101.58794640214457,104.06373882436486,100.73750046063839,2.31,VTV,ETF (指數/股息/債券),2020-12-31
100.40773010253906,90.21073794029013,102.32562896476193,89.38630380601477,11.3,VTV,ETF (指數/股息/債券),2020-11-30
89.0478515625,91.07855369771865,95.07056418717933,87.3729460078309,-2.23,VTV,ETF (指數/股息/債券),2020-10-31
90.69673156738281,92.66556194219521,95.26811448847313,87.22783417816657,-2.12,VTV,ETF (指數/股息/債券),2020-09-30
92.75175476074219,89.32191884769239,93.64798933293821,88.81347421952223,3.84,VTV,ETF (指數/股息/債券),2020-08-31
89.02893829345703,86.16786836479626,90.7007440137167,84.13410170277716,3.32,VTV,ETF (指數/股息/債券),2020-07-31
85.82315826416016,86.53565832521366,94.23933264062681,83.09997850823531,-0.82,VTV,ETF (指數/股息/債券),2020-06-30
86.6981201171875,83.0472421759257,87.9977423847042,77.7889117834789,4.4,VTV,ETF (指數/股息/債券),2020-05-31
84.26988983154297,73.22316322134195,86.76653239260882,72.16295109359774,15.09,VTV,ETF (指數/股息/債券),2020-04-30
76.14729309082031,89.82752173122131,94.66633396304732,64.02329435869835,-15.23,VTV,ETF (指數/股息/債券),2020-03-31
89.40380859375,99.50515219391917,103.14062987072097,86.6750846808838,-10.15,VTV,ETF (指數/股息/債券),2020-02-29
99.02212524414062,102.00508754439838,102.98809388684789,98.67468254810943,-2.92,VTV,ETF (指數/股息/債券),2020-01-31
101.56440734863281,99.08421863334524,101.98811770667817,97.00682040812508,2.5,VTV,ETF (指數/股息/債券),2019-12-31
98.94965362548828,96.11530767859246,99.34496517643915,96.11530767859246,2.95,VTV,ETF (指數/股息/債券),2019-11-30
95.66117095947266,94.18089650762728,96.11530502763196,89.89154957871185,1.57,VTV,ETF (指數/股息/債券),2019-10-31
93.87812042236328,90.19663005347995,95.01291653396986,89.7032920706088,4.08,VTV,ETF (指數/股息/債券),2019-09-30
90.74012756347656,93.49107749930906,94.19345544153224,87.97243739197958,-2.94,VTV,ETF (指數/股息/債券),2019-08-31
93.51616668701172,93.70012995688347,94.78716522442629,92.97266758508462,-0.2,VTV,ETF (指數/股息/債券),2019-07-31
92.74691009521484,86.71821714293245,93.17410556812263,86.7015961330886,6.95,VTV,ETF (指數/股息/債券),2019-06-30
86.58528137207031,92.55094846929602,92.55925897472667,86.53543101665225,-6.45,VTV,ETF (指數/股息/債券),2019-05-31
92.43461608886719,90.00016514504185,92.52601262088865,89.9503147924112,2.7,VTV,ETF (指數/股息/債券),2019-04-30
89.4268569946289,89.50010727465995,90.76265776744194,86.88425308164315,-0.08,VTV,ETF (指數/股息/債券),2019-03-31
88.92247772216797,86.686238470766,89.99521413548091,85.5887309223008,2.58,VTV,ETF (指數/股息/債券),2019-02-28
86.44689178466797,79.62259064707726,86.60367357751545,79.23475866041984,8.57,VTV,ETF (指數/股息/債券),2019-01-31
80.82735443115234,90.0585362624887,90.22235727210855,75.60390466481724,-10.25,VTV,ETF (指數/股息/債券),2018-12-31
88.96099090576172,86.38906806603006,89.73091435485236,85.18501183430222,2.98,VTV,ETF (指數/股息/債券),2018-11-30
86.14334106445312,91.09880919853302,91.77865339566826,83.2847216203188,-5.44,VTV,ETF (指數/股息/債券),2018-10-31
90.656494140625,90.0212323454928,92.34845150675392,89.54929825537698,0.71,VTV,ETF (指數/股息/債券),2018-09-30
90.09449768066406,88.3368452743804,90.79427105670068,87.44178311704293,1.99,VTV,ETF (指數/股息/債券),2018-08-31
88.41822052001953,83.96720353975223,88.62979608731078,83.8939660045103,5.3,VTV,ETF (指數/股息/債券),2018-07-31
84.48797607421875,84.8410588618111,86.96025764104239,83.77190399865295,-0.42,VTV,ETF (指數/股息/債券),2018-06-30
84.3153076171875,83.60352435041071,86.07054556298908,81.42767737864736,0.85,VTV,ETF (指數/股息/債券),2018-05-31
83.80571746826172,83.20718638160741,85.69846059292152,80.71590340727334,0.72,VTV,ETF (指數/股息/債券),2018-04-30
83.45792388916016,85.58844929150284,87.72774313814314,81.18501515670853,-2.49,VTV,ETF (指數/股息/債券),2018-03-31
85.56431579589844,89.27188801880499,90.00375959556652,80.49749886486198,-4.15,VTV,ETF (指數/股息/債券),2018-02-28
89.53730010986328,85.78947404781802,91.25036153869459,85.51603158502145,4.37,VTV,ETF (指數/股息/債券),2018-01-31
85.50802612304688,84.11847905729171,86.03079086735094,82.86345689406829,1.65,VTV,ETF (指數/股息/債券),2017-12-31
84.11848449707031,81.58446063293,84.58211874304914,80.47332556266338,3.11,VTV,ETF (指數/股息/債券),2017-11-30
81.25672912597656,79.85779334962022,82.06407561679332,79.77785683951345,1.75,VTV,ETF (指數/股息/債券),2017-10-31
79.79383850097656,77.61849549862241,79.8178188431701,76.71335842793509,2.8,VTV,ETF (指數/股息/債券),2017-09-30
77.48351287841797,78.10280278323027,78.53154800743674,76.2369442087437,-0.79,VTV,ETF (指數/股息/債券),2017-08-31
77.84873962402344,76.95944458155493,78.015472551505,76.24491934095728,1.16,VTV,ETF (指數/股息/債券),2017-07-31
76.66571044921875,75.51458449581571,77.41705170110028,75.388276638828,1.52,VTV,ETF (指數/股息/債券),2017-06-30
75.30931854248047,75.43561855536392,75.696117267111,73.72259932999813,-0.17,VTV,ETF (指數/股息/債券),2017-05-31
75.2619400024414,75.33299377103333,76.10661696715857,74.05414914969641,-0.09,VTV,ETF (指數/股息/債券),2017-04-30
75.28564453125,76.61907104080073,77.30184072349401,73.94362952446947,-1.74,VTV,ETF (指數/股息/債券),2017-03-31
75.98338317871094,73.53484354771938,76.22666247551759,72.86773063834036,3.33,VTV,ETF (指數/股息/債券),2017-02-28
73.35433197021484,73.47988891601562,74.09202389213449,72.6558511613453,-0.17,VTV,ETF (指數/股息/債券),2017-01-31
72.9933090209961,71.27278226571703,73.95260081740523,71.0546640974512,2.41,VTV,ETF (指數/股息/債券),2016-12-31
71.05463409423828,67.12837055943679,71.38961397200781,65.88972830312646,5.85,VTV,ETF (指數/股息/債券),2016-11-30
67.03488159179688,67.61917659810877,68.00869995718641,66.22469456369353,-0.86,VTV,ETF (指數/股息/債券),2016-10-31
736.9600830078125,742.510009765625,743.9249877929688,736.27001953125,-0.75,QQQ,ETF (指數/股息/債券),2026-10-31
739.77001953125,706.6536415906066,748.3499755859375,699.2713317325664,4.69,QQQ,ETF (指數/股息/債券),2026-09-30
716.013916015625,687.5835404062232,733.8153485193716,685.1061413344767,4.13,QQQ,ETF (指數/股息/債券),2026-08-31
687.2738647460938,728.4309348946762,731.1580735258118,660.4517860132496,-5.65,QQQ,ETF (指數/股息/債券),2026-07-31
735.6334838867188,735.4645156241552,747.0497745697194,684.9028658450729,0.02,QQQ,ETF (指數/股息/債券),2026-06-30
736.7318115234375,667.7296602517982,740.0447221142881,667.3704443600215,10.33,QQQ,ETF (指數/股息/債券),2026-05-31
666.3126831054688,580.2370672268827,667.470237689687,570.6974721352691,14.83,QQQ,ETF (指數/股息/債券),2026-04-30
575.9462280273438,596.8273488972434,611.2083762165881,554.4124057398176,-3.5,QQQ,ETF (指數/股息/債券),2026-03-31
605.228759765625,616.6000209191627,627.8417043791845,591.3261504857185,-1.84,QQQ,ETF (指數/股息/債券),2026-02-28
619.7592163085938,617.9553870831127,634.4392724526244,604.9895731374214,0.29,QQQ,ETF (指數/股息/債券),2026-01-31
612.2249145507812,610.760390007381,626.2674807044035,597.4727756606954,0.24,QQQ,ETF (指數/股息/債券),2025-12-31
616.3540649414062,632.1398830378624,632.8465845810617,578.0241615794017,-2.5,QQQ,ETF (指數/股息/債券),2025-11-30
626.1281127929688,594.3773102269436,634.0309441778932,586.2953173560331,5.34,QQQ,ETF (指數/股息/債券),2025-10-31
597.5623168945312,558.0381234497154,600.0506387588739,556.2784213564261,7.08,QQQ,ETF (指數/股息/債券),2025-09-30
567.0751342773438,555.5725867181648,579.9197017671053,548.4642399269435,2.07,QQQ,ETF (指數/股息/債券),2025-08-31
561.716552734375,546.5255321429642,571.2804726670317,541.4850785579611,2.78,QQQ,ETF (指數/股息/債券),2025-07-31
548.4244384765625,513.6481468413016,549.5776499977443,512.3869466421769,6.77,QQQ,ETF (指數/股息/債券),2025-06-30
515.505126953125,480.05301909884207,522.8239609117877,473.4690445454516,7.39,QQQ,ETF (指數/股息/債券),2025-05-31
472.168212890625,464.05486449234,476.2297682498692,399.5956979160209,1.75,QQQ,ETF (指數/股息/債券),2025-04-30
465.6636657714844,507.2114314699513,508.71861754283515,454.1541241921948,-8.19,QQQ,ETF (指數/股息/債券),2025-03-31
503.88970947265625,509.14497914666026,536.2548207070823,492.74436314856877,-1.03,QQQ,ETF (指數/股息/債券),2025-02-28
517.8907470703125,509.9680379127242,529.3236214173635,495.4910093944748,1.55,QQQ,ETF (指數/股息/債券),2025-01-31
506.92388916015625,505.8899594368698,533.748115234401,504.1871147130376,0.2,QQQ,ETF (指數/股息/債券),2024-12-31
504.6326599121094,480.6355484367559,510.4142069407724,479.3981881408874,4.99,QQQ,ETF (指數/股息/債券),2024-11-30
479.0021057128906,482.8135040986441,496.32682210702154,472.6166867758586,-0.79,QQQ,ETF (指數/股息/債券),2024-10-31
483.1798400878906,467.8014521120676,488.75342462979467,443.076718774808,3.29,QQQ,ETF (指數/股息/債券),2024-09-30
470.8363952636719,466.37785466015725,480.0006613262973,418.61905271445846,0.96,QQQ,ETF (指數/股息/債券),2024-08-31
465.6957092285156,474.5634099490614,497.77550204894317,448.9687675027151,-1.87,QQQ,ETF (指數/股息/債券),2024-07-31
473.6440124511719,448.67085714771804,481.64174344784533,442.08740334832584,5.57,QQQ,ETF (指數/股息/債券),2024-06-30
444.8609619140625,417.65856462835495,454.6028540574853,415.17133378600425,6.51,QQQ,ETF (指數/股息/債券),2024-05-31
419.0799560546875,439.19541930424367,441.7221945881504,407.70943842168964,-4.58,QQQ,ETF (指數/股息/債券),2024-04-30
438.24786376953125,433.6178894301376,443.5086789379876,426.5600951429745,1.07,QQQ,ETF (指數/股息/債券),2024-03-31
432.730712890625,412.80932557002757,434.2980378621783,411.8433099868885,4.83,QQQ,ETF (指數/股息/債券),2024-02-29
411.01531982421875,400.0442549519048,423.7113895972311,389.694177896052,2.74,QQQ,ETF (指數/股息/債券),2024-01-31
403.6717224121094,381.2501205825466,407.023221079462,376.24546527387645,5.88,QQQ,ETF (指數/股息/債券),2023-12-31
382.3120422363281,345.82413531822857,387.53306802554647,345.7258056123409,10.55,QQQ,ETF (指數/股息/債券),2023-11-30
344.9884033203125,352.5299085399552,367.47504350128503,336.6111624865068,-2.14,QQQ,ETF (指數/股息/債券),2023-10-31
352.2643127441406,373.48271585638196,373.90488944977284,345.47016572078735,-5.68,QQQ,ETF (指數/股息/債券),2023-09-30
371.11663818359375,375.358002289648,376.58527205988247,348.25988299283443,-1.13,QQQ,ETF (指數/股息/債券),2023-08-31
376.7030944824219,363.340578916159,380.92491572466935,356.8016596081861,3.68,QQQ,ETF (指數/股息/債券),2023-07-31
362.702392578125,340.9391148263001,365.5686204548928,339.89000391136346,6.38,QQQ,ETF (指數/股息/債券),2023-06-30
341.1940612792969,315.79989613587793,347.0180445839455,308.9660014639323,8.04,QQQ,ETF (指數/股息/債券),2023-05-31
316.2607116699219,312.54468103976296,316.34895046606647,303.83810356851995,1.19,QQQ,ETF (指數/股息/債券),2023-04-30
314.6625061035156,287.08839201116064,314.89783945673923,279.1882857219438,9.6,QQQ,ETF (指數/股息/債券),2023-03-31
287.38214111328125,288.2142410254188,307.0787480393297,283.94596196734597,-0.29,QQQ,ETF (指數/股息/債券),2023-02-28
288.4197998046875,262.9963816417724,291.98320962051486,254.86120494970856,9.67,QQQ,ETF (指數/股息/債券),2023-01-31
260.6762390136719,286.8226924238293,289.9380505630847,254.2641035283262,-9.12,QQQ,ETF (指數/股息/債券),2022-12-31
286.50042724609375,274.91775300938326,286.6078706435798,253.02199553973088,4.21,QQQ,ETF (指數/股息/債券),2022-11-30
271.45068359375,262.7784800501309,277.9452565800138,248.31468188857926,3.3,QQQ,ETF (指數/股息/債券),2022-10-31
261.0107116699219,289.26206269221797,303.26107708875264,260.85444934787233,-9.77,QQQ,ETF (指數/股息/債券),2022-09-30
291.74786376953125,305.766517537453,326.0144485623333,290.938779274153,-4.58,QQQ,ETF (指數/股息/債券),2022-08-31
307.531005859375,271.9386927486332,308.4376532183859,269.7939194819158,13.09,QQQ,ETF (指數/股息/債券),2022-07-31
273.23529052734375,302.0857387437467,306.06532974173575,262.00812210331577,-9.55,QQQ,ETF (指數/股息/債券),2022-06-30
299.9549560546875,304.38198013377917,321.3705266398512,272.6429763056827,-1.45,QQQ,ETF (指數/股息/債券),2022-05-31
304.7906799316406,353.01222216153405,359.3367047818677,304.1582391282539,-13.66,QQQ,ETF (指數/股息/債券),2022-04-30
352.7496032714844,335.9976383259827,361.7886864128306,308.49583367294395,4.99,QQQ,ETF (指數/股息/債券),2022-03-31
337.01806640625,354.1507704001854,359.66079442430265,309.2830055153298,-4.84,QQQ,ETF (指數/股息/債券),2022-02-28
352.8096618652344,387.79415413474214,390.9331054188095,324.7249014534462,-9.02,QQQ,ETF (指數/股息/債券),2022-01-31
386.6280822753906,386.552241791043,393.1681796273438,366.82291099792644,0.02,QQQ,ETF (指數/股息/債券),2021-12-31
382.2234802246094,375.17735127599616,396.67506015992336,373.1003811211451,1.88,QQQ,ETF (指數/股息/債券),2021-11-30
374.7405700683594,348.04063454964916,374.905577271606,340.0044020068107,7.67,QQQ,ETF (指數/股息/債券),2021-10-31
347.41949462890625,369.41033717202157,371.0971958282894,346.5848324226256,-5.95,QQQ,ETF (指數/股息/債券),2021-09-30
368.3536071777344,355.1007941602043,369.1389449686322,348.97370693092194,3.73,QQQ,ETF (指數/股息/債券),2021-08-31
353.44305419921875,343.263490404532,357.63119303093924,341.29544941915344,2.97,QQQ,ETF (指數/股息/債券),2021-07-31
343.6125183105469,324.6897423991412,344.38811945058086,317.8919215363196,5.83,QQQ,ETF (指數/股息/債券),2021-06-30
323.36309814453125,328.49538493855243,329.24100834819467,306.0004537815061,-1.56,QQQ,ETF (指數/股息/債券),2021-05-31
327.2945861816406,312.8466608890224,331.95238570896,312.5948789682925,4.62,QQQ,ETF (指數/股息/債券),2021-04-30
309.0314636230469,308.77695928636876,313.67067712107917,287.6740163215823,0.08,QQQ,ETF (指數/股息/債券),2021-03-31
303.8155517578125,307.65504969018684,327.0751989496096,300.66268482111343,-1.25,QQQ,ETF (指數/股息/債券),2021-02-28
304.2217712402344,304.7536538523366,319.46383475865406,295.15001800660167,-0.17,QQQ,ETF (指數/股息/債券),2021-01-31
303.4286804199219,291.5171225891552,304.3475306001186,287.7713594117043,4.09,QQQ,ETF (指數/股息/債券),2020-12-31
289.2484436035156,262.43981653925505,289.77948704018394,257.7287348493458,10.22,QQQ,ETF (指數/股息/債券),2020-11-30
260.0552673339844,272.0356982383313,287.1632865219897,257.82523161584606,-4.4,QQQ,ETF (指數/股息/債券),2020-10-31
268.222412109375,287.3176842655809,292.99412957975335,251.10610192854918,-6.65,QQQ,ETF (指數/股息/債券),2020-09-30
284.6725769042969,258.72303208186116,286.4778411473566,255.46973243770935,10.03,QQQ,ETF (指數/股息/債券),2020-08-31
256.5894470214844,239.06783146578198,260.4510429176394,238.52721846994487,7.33,QQQ,ETF (指數/股息/債券),2020-07-31
239.02920532226562,224.0237183000957,242.4563083945472,223.06965114777003,6.7,QQQ,ETF (指數/股息/債券),2020-06-30
224.8910369873047,206.71548516729402,225.12233234254612,203.45813674525172,8.79,QQQ,ETF (指數/股息/債券),2020-05-31
210.9654541015625,178.06443992386247,212.05443482502966,174.29633581554035,18.48,QQQ,ETF (指數/股息/債券),2020-04-30
183.49012756347656,200.8713799671269,211.18997660833233,158.9444363829632,-8.65,QQQ,ETF (指數/股息/債券),2020-03-31
197.9095001220703,211.6996833698997,228.3652613624006,190.57203447632585,-6.51,QQQ,ETF (指數/股息/債券),2020-02-29
210.670654296875,206.1797389919156,217.21959835959345,204.10258665969442,2.18,QQQ,ETF (指數/股息/債券),2020-01-31
204.4583740234375,196.81919104678744,206.33363267348045,191.17683364600106,3.88,QQQ,ETF (指數/股息/債券),2019-12-31
196.80958557128906,189.9294600927371,197.7212140455752,189.64159811293953,3.62,QQQ,ETF (指數/股息/債券),2019-11-30
189.11376953125,181.8402202261938,189.8334543048888,174.47064818758136,4.0,QQQ,ETF (指數/股息/債券),2019-10-31
181.1781005859375,178.33311277523396,186.46357841790996,177.19350994957082,1.6,QQQ,ETF (指數/股息/債券),2019-09-30
179.5302276611328,183.32251349326148,186.72216614570254,171.6104382332151,-2.07,QQQ,ETF (指數/股息/債券),2019-08-31
183.0064697265625,182.25951886981696,187.268010204598,180.4016799775841,0.41,QQQ,ETF (指數/股息/債券),2019-07-31
178.8311767578125,165.76618552187674,181.33185006978886,161.7433918754897,7.88,QQQ,ETF (指數/股息/債券),2019-06-30
166.21530151367188,182.29696616346737,182.8129632285239,166.1388569680916,-8.82,QQQ,ETF (指數/股息/債券),2019-05-31
181.1121063232422,173.43912433957158,182.81298486116268,172.73203788618622,4.42,QQQ,ETF (指數/股息/債券),2019-04-30
171.67140197753906,166.38070067348855,174.70046021032866,161.51631070139499,3.18,QQQ,ETF (指數/股息/債券),2019-03-31
165.18844604492188,159.59921757955053,166.5905653271091,158.87428838701877,3.5,QQQ,ETF (指數/股息/債券),2019-02-28
160.39089965820312,144.0141628011462,161.18255485267082,142.58343789843747,11.37,QQQ,ETF (指數/股息/債券),2019-01-31
147.133056640625,164.6411010992801,164.83131378288587,136.83203266028198,-10.63,QQQ,ETF (指數/股息/債券),2018-12-31
161.0840301513672,161.7498957920661,166.9902801513672,149.44287865155306,-0.41,QQQ,ETF (指數/股息/債券),2018-11-30
161.51210021972656,177.72797717403225,178.35569226398337,152.25812155461463,-9.12,QQQ,ETF (指數/股息/債券),2018-10-31
176.70082092285156,176.6587349099609,177.3664996049172,171.3042622067114,0.02,QQQ,ETF (指數/股息/債券),2018-09-30
177.1998291015625,167.90551286194773,178.02584706309227,166.88970524403646,5.54,QQQ,ETF (指數/股息/債券),2018-08-31
167.51626586914062,161.43083180775017,173.66816796630943,161.07956962302472,3.77,QQQ,ETF (指數/股息/債券),2018-07-31
162.95932006835938,161.91966031420353,168.96885385469906,160.60485237304874,0.64,QQQ,ETF (指數/股息/債券),2018-06-30
161.1144561767578,152.0673555967488,162.18494277591955,150.83574861498118,5.95,QQQ,ETF (指數/股息/債券),2018-05-31
152.46517944335938,150.6178967572898,158.2061073293159,145.7769789777586,1.23,QQQ,ETF (指數/股息/債券),2018-04-30
151.6978759765625,158.23363676318942,165.71499037366496,147.82328345205795,-4.13,QQQ,ETF (指數/股息/債券),2018-03-31
158.14845275878906,158.9902768778885,161.47772521289122,141.99407707545188,-0.53,QQQ,ETF (指數/股息/債券),2018-02-28
160.2197723388672,148.07561556785723,161.6858055688131,147.70675123090123,8.2,QQQ,ETF (指數/股息/債券),2018-01-31
147.31898498535156,145.53916161677614,150.16583677077753,143.5193561148323,1.22,QQQ,ETF (指數/股息/債券),2017-12-31
146.43582153320312,144.180063603308,147.8893110096943,142.30179040240586,1.56,QQQ,ETF (指數/股息/債券),2017-11-30
143.60426330566406,137.4882313579122,143.81190783075627,136.78978934700297,4.45,QQQ,ETF (指數/股息/債券),2017-10-31
137.28062438964844,137.8661005809259,138.148966846336,134.11875359757184,-0.42,QQQ,ETF (指數/股息/債券),2017-09-30
137.68716430664062,135.35155375801037,137.6965912305329,132.01763865546593,1.73,QQQ,ETF (指數/股息/債券),2017-08-31
134.89007568359375,130.21883648601553,137.46110521643945,127.89266679857123,3.59,QQQ,ETF (指數/股息/債券),2017-07-31
129.6255340576172,132.9739338831161,135.15281500157243,128.31650424005596,-2.52,QQQ,ETF (指數/股息/債券),2017-06-30
132.70152282714844,128.14634056946448,133.2180933275096,127.61101217009248,3.55,QQQ,ETF (指數/股息/債券),2017-05-31
127.72372436523438,124.43644089017164,128.05244068537937,122.45470626613361,2.64,QQQ,ETF (指數/股息/債券),2017-04-30
124.33308410644531,122.64101783662323,124.67120152987974,121.53424871049147,1.38,QQQ,ETF (指數/股息/債券),2017-03-31
121.86309814453125,117.57981544478073,122.50043624801792,117.02681371393024,3.64,QQQ,ETF (指數/股息/債券),2017-02-28
116.75502014160156,111.7875077595708,118.02033458606483,111.43134990671027,4.44,QQQ,ETF (指數/股息/債券),2017-01-31
111.04706573486328,109.76645375353945,113.89634699854702,107.6731782488711,1.17,QQQ,ETF (指數/股息/債券),2016-12-31
109.80382537841797,109.5141530354664,111.68218601340128,106.01910448817145,0.26,QQQ,ETF (指數/股息/債券),2016-11-30
109.32723236083984,110.80376683622286,111.82236469259865,108.3460023803517,-1.33,QQQ,ETF (指數/股息/債券),2016-10-31
46.810001373291016,46.869998931884766,46.939998626708984,46.625,-0.13,FVD,ETF (指數/股息/債券),2026-10-31
46.90999984741211,50.08130002116866,50.25039311441335,46.900001525878906,-6.33,FVD,ETF (指數/股息/債券),2026-09-30
49.92215347290039,50.051460314500495,50.986440448109086,49.61380858176984,-0.26,FVD,ETF (指數/股息/債券),2026-08-31
49.87242126464844,47.94277461821402,51.135644554115274,47.94277461821402,4.02,FVD,ETF (指數/股息/債券),2026-07-31
47.922882080078125,46.515784802891424,48.32074752778394,46.28839466356879,3.02,FVD,ETF (指數/股息/債券),2026-06-30
46.7234001159668,47.59340536341088,47.67249883294714,46.08078292567868,-1.83,FVD,ETF (指數/股息/債券),2026-05-31
47.464881896972656,46.49600849768839,48.08773067838227,46.318055021152745,2.08,FVD,ETF (指數/股息/債券),2026-04-30
46.496009826660156,48.99512490510099,49.388420853344066,45.53409883525861,-5.1,FVD,ETF (指數/股息/債券),2026-03-31
49.240936279296875,47.04829811651485,49.29992860860219,46.9991305410055,4.66,FVD,ETF (指數/股息/債券),2026-02-28
47.07779312133789,45.33744949007656,47.11712256276051,45.02281123787762,3.84,FVD,ETF (指數/股息/債券),2026-01-31
45.30795669555664,45.34786010424838,45.74057981267253,44.49831748904831,-0.09,FVD,ETF (指數/股息/債券),2025-12-31
45.48456954956055,43.99055008033368,45.57244942352102,43.580429085937794,3.4,FVD,ETF (指數/股息/債券),2025-11-30
44.06867218017578,45.07444671742244,45.308803390362336,43.805021362979346,-2.23,FVD,ETF (指數/股息/債券),2025-10-31
45.15256881713867,44.807768069264604,45.25448606744717,44.30302277202205,0.77,FVD,ETF (指數/股息/債券),2025-09-30
45.089393615722656,43.652134897121435,45.652651451207106,43.30252878056117,3.29,FVD,ETF (指數/股息/債券),2025-08-31
43.632713317871094,43.351081428567426,44.749509513308205,43.33165479891567,0.65,FVD,ETF (指數/股息/債券),2025-07-31
43.40934753417969,43.158892978222745,43.55475551281124,42.59888610061169,0.58,FVD,ETF (指數/股息/債券),2025-06-30
43.2071647644043,42.29957358126053,43.689927312675096,41.93267372648223,2.15,FVD,ETF (指數/股息/債券),2025-05-31
42.29957962036133,42.99474686397598,43.26509796267276,38.67886380919868,-1.62,FVD,ETF (指數/股息/債券),2025-04-30
43.05268096923828,43.56926316661192,44.22199015182936,42.0526448278367,-1.19,FVD,ETF (指數/股息/債券),2025-03-31
43.502071380615234,42.225422180653844,43.598059797338955,42.033444087238465,3.02,FVD,ETF (指數/股息/債券),2025-02-28
42.69576644897461,42.0526445100406,43.22370791338738,40.75680082221423,1.53,FVD,ETF (指數/股息/債券),2025-01-31
41.88946533203125,44.535692613167804,44.62155848944433,41.51511205322398,-5.94,FVD,ETF (指數/股息/債券),2024-12-31
44.554771423339844,42.77067380278887,44.67880071199161,42.37950861921415,4.17,FVD,ETF (指數/股息/債券),2024-11-30
42.57986068725586,43.4003551875572,43.858312488463184,42.560783452353355,-1.89,FVD,ETF (指數/股息/債券),2024-10-31
43.40036392211914,42.44091989853104,43.61979552349298,41.49167403967445,2.26,FVD,ETF (指數/股息/債券),2024-09-30
42.5263557434082,41.21639037609689,42.583311988701084,39.887444611843634,3.18,FVD,ETF (指數/股息/債券),2024-08-31
41.092987060546875,38.843271588026475,41.396746428546194,38.330679824026646,5.79,FVD,ETF (指數/股息/債券),2024-07-31
38.68190002441406,39.445343566573634,39.454769647513594,38.25746102587728,-1.94,FVD,ETF (指數/股息/債券),2024-06-30
39.38877868652344,38.33287959886795,40.06757235669408,38.29516808178707,2.75,FVD,ETF (指數/股息/債券),2024-05-31
38.44601058959961,39.794169979924185,39.794169979924185,37.578664693231985,-3.39,FVD,ETF (指數/股息/債券),2024-04-30
39.81302261352539,38.51593649291403,39.86958988933814,38.30008250742296,3.37,FVD,ETF (指數/股息/債券),2024-03-31
38.534706115722656,37.812066408731276,38.72240273936591,37.28650069046219,1.91,FVD,ETF (指數/股息/債券),2024-02-29
37.76513671875,37.86837354257808,38.30946852310127,37.35219987975003,-0.27,FVD,ETF (指數/股息/債券),2024-01-31
38.06545639038086,36.317056444753916,38.16178817791152,36.279788216839385,4.81,FVD,ETF (指數/股息/債券),2023-12-31
36.30773162841797,34.23939589354675,36.32636573748089,34.136910058271674,6.04,FVD,ETF (指數/股息/債券),2023-11-30
34.17417526245117,34.74250369224244,35.32947676870592,33.5499485692588,-1.64,FVD,ETF (指數/股息/債券),2023-10-31
34.835670471191406,36.49655956688953,36.542921358184806,34.72386936618283,-4.55,FVD,ETF (指數/股息/債券),2023-09-30
36.30183792114258,37.859619832795836,38.007979693796884,35.89384758135235,-4.11,FVD,ETF (指數/股息/債券),2023-08-31
37.8688850402832,37.06218241119954,38.24905804074331,36.66346697210782,2.18,FVD,ETF (指數/股息/債券),2023-07-31
37.17345428466797,35.765260402301834,37.487669228309485,35.48893573679481,3.94,FVD,ETF (指數/股息/債券),2023-06-30
35.608673095703125,37.37713861767463,37.70872189825478,35.47051077495919,-4.73,FVD,ETF (指數/股息/債券),2023-05-31
37.3863525390625,36.935024033775676,37.53371882930953,36.70476079500771,1.22,FVD,ETF (指數/股息/債券),2023-04-30
36.99028396606445,36.29539274529762,36.99949314818852,34.99455656799154,1.91,FVD,ETF (指數/股息/債券),2023-03-31
36.37784194946289,37.3397324064575,37.971832999401364,36.35951977599983,-2.58,FVD,ETF (指數/股息/債券),2023-02-28
37.477149963378906,36.661827087402344,37.816092961212725,36.322875645420254,2.22,FVD,ETF (指數/股息/債券),2023-01-31
36.561065673828125,37.85679630355574,38.14793705931198,35.9371215171966,-3.42,FVD,ETF (指數/股息/債券),2022-12-31
37.720333099365234,35.5277065536837,37.720333099365234,34.16300701104258,6.17,FVD,ETF (指數/股息/債券),2022-11-30
35.28206253051758,32.85289560231207,35.491320312522156,31.815730368350803,7.39,FVD,ETF (指數/股息/債券),2022-10-31
32.5617561340332,35.53718867404077,36.8674645376806,32.51626680957367,-8.37,FVD,ETF (指數/股息/債券),2022-09-30
35.6910285949707,36.67741487111359,38.333479414458296,35.6548334195359,-2.69,FVD,ETF (指數/股息/債券),2022-08-31
36.81316375732422,35.07566613858377,36.8855575639696,34.18882146835069,4.95,FVD,ETF (指數/股息/債券),2022-07-31
35.12091827392578,37.1992432810133,37.32537165995784,33.30724843421329,-5.59,FVD,ETF (指數/股息/債券),2022-06-30
37.06410598754883,36.62264284378537,37.496553637855946,35.07305747997649,1.21,FVD,ETF (指數/股息/債券),2022-05-31
36.49652862548828,38.208274469319754,39.0281321333157,36.46950193201256,-4.48,FVD,ETF (指數/股息/債券),2022-04-30
38.10918045043945,36.58561281637094,38.5506358339504,35.98467060971321,4.16,FVD,ETF (指數/股息/債券),2022-03-31
36.63045120239258,37.520944121504634,37.85243026567351,35.101976488989614,-2.37,FVD,ETF (指數/股息/債券),2022-02-28
37.43135070800781,38.52436867028164,38.90961061853537,36.33834619730405,-2.84,FVD,ETF (指數/股息/債券),2022-01-31
38.560203552246094,36.12064600849385,38.6766701053688,35.59496307373047,6.75,FVD,ETF (指數/股息/債券),2021-12-31
35.782073974609375,36.78888567619551,37.48385888557282,35.72861347695413,-2.74,FVD,ETF (指數/股息/債券),2021-11-30
36.699790954589844,35.05146481732813,36.96709117289482,34.79307750547829,4.7,FVD,ETF (指數/股息/債券),2021-10-31
34.926727294921875,36.77615048767401,37.024620056152344,34.91781551232776,-5.03,FVD,ETF (指數/股息/債券),2021-09-30
36.722900390625,36.12830566144858,36.95363998413086,35.888687974136865,1.65,FVD,ETF (指數/股息/債券),2021-08-31
35.977439880371094,35.373956306430046,36.17267775086117,34.87698673972659,1.71,FVD,ETF (指數/股息/債券),2021-07-31
35.294097900390625,35.761653799634,36.02662119316302,34.64879710106572,-1.31,FVD,ETF (指數/股息/債券),2021-06-30
35.62916946411133,34.949080236619615,36.15910602761919,34.816593170166016,1.95,FVD,ETF (指數/股息/債券),2021-05-31
34.834266662597656,33.57125836630321,34.966758728027344,33.38578260116684,3.76,FVD,ETF (指數/股息/債券),2021-04-30
33.54477310180664,31.242265796501748,33.933375447084494,30.908214735954584,7.37,FVD,ETF (指數/股息/債券),2021-03-31
31.02248764038086,30.565374430689847,31.892776331285575,30.407140992297478,1.5,FVD,ETF (指數/股息/債券),2021-02-28
30.380773544311523,30.92579584699131,31.497203409261054,30.240119815149754,-1.76,FVD,ETF (指數/股息/債券),2021-01-31
30.829099655151367,30.45836994442483,30.921449763717234,29.960345671006923,1.22,FVD,ETF (指數/股息/債券),2020-12-31
30.19624900817871,27.74978794356094,30.799125577323732,27.653676684463964,8.82,FVD,ETF (指數/股息/債券),2020-11-30
27.461458206176758,27.627466050010728,29.01670644601548,27.059541532235304,-0.6,FVD,ETF (指數/股息/債券),2020-10-31
27.487667083740234,28.05889454443141,28.78837568777892,26.517825761397557,-2.04,FVD,ETF (指數/股息/債券),2020-09-30
28.093626022338867,27.503100945726555,28.718893101479573,27.26862510652928,2.15,FVD,ETF (指數/股息/債券),2020-08-31
27.442302703857422,26.391510891404668,27.807048782602237,25.696769667652934,3.98,FVD,ETF (指數/股息/債券),2020-07-31
26.330717086791992,26.46432254922323,28.628021714284408,25.470972579983485,-0.5,FVD,ETF (指數/股息/債券),2020-06-30
26.46432113647461,25.291967721391796,26.77465177424915,23.24894883023571,4.64,FVD,ETF (指數/股息/債券),2020-05-31
25.67987823486328,23.007581458414634,26.62810131244059,22.455884921301138,11.61,FVD,ETF (指數/股息/債券),2020-04-30
23.860990524291992,27.925164666686925,29.559764862060547,20.077358719042504,-14.55,FVD,ETF (指數/股息/債券),2020-03-31
27.77967643737793,30.85205088243206,31.570926990029214,27.223398569341033,-9.96,FVD,ETF (指數/股息/債券),2020-02-29
30.689434051513672,30.903389965818644,31.476784289018763,30.535393021782014,-0.69,FVD,ETF (指數/股息/債券),2020-01-31
30.83493423461914,30.321258598525823,30.91194492780973,29.802136149166504,1.69,FVD,ETF (指數/股息/債券),2019-12-31
30.295724868774414,29.94681462350128,30.414868091847513,29.9297914035685,1.17,FVD,ETF (指數/股息/債券),2019-11-30
29.819164276123047,29.725544089050075,29.980858966349324,28.568192165068467,0.31,FVD,ETF (指數/股息/債券),2019-10-31
29.674495697021484,28.453698712245856,29.742577545719662,28.343772677871794,4.29,FVD,ETF (指數/股息/債券),2019-09-30
28.580528259277344,28.791927949792765,28.99486807281997,27.599655987164795,-0.73,FVD,ETF (指數/股息/債券),2019-08-31
28.775012969970703,28.749645025908293,29.13015974041032,28.495972332569057,0.09,FVD,ETF (指數/股息/債券),2019-07-31
28.529800415039062,27.146519807509772,28.825746490101928,27.146519807509772,5.1,FVD,ETF (指數/股息/債券),2019-06-30
27.10444450378418,28.16471973849071,28.18155056236351,26.995052903627002,-3.76,FVD,ETF (指數/股息/債券),2019-05-31
28.156307220458984,27.42420822802278,28.173137437098326,27.36530354009581,2.67,FVD,ETF (指數/股息/債券),2019-04-30
27.32323455810547,27.01497416727352,27.333290404443666,26.520748253720356,1.14,FVD,ETF (指數/股息/債券),2019-03-31
26.8976993560791,26.076784152243693,27.048484529211926,25.91762520242087,3.15,FVD,ETF (指數/股息/債券),2019-02-28
26.043275833129883,24.116620126713045,26.076781950786273,23.89882527350143,7.99,FVD,ETF (指數/股息/債券),2019-01-31
24.359554290771484,26.57036673095667,26.57036673095667,23.111418096825883,-8.32,FVD,ETF (指數/股息/債券),2018-12-31
26.354276657104492,25.44838146826553,26.38752153962678,25.282159922881867,3.56,FVD,ETF (指數/股息/債券),2018-11-30
25.38188934326172,26.362590832822082,26.4623227733889,24.77518597881984,-3.72,FVD,ETF (指數/股息/債券),2018-10-31
26.296100616455078,26.228158467485095,26.76152973223897,26.1537404878107,0.26,FVD,ETF (指數/股息/債券),2018-09-30
26.286039352416992,25.996634763645467,26.45968045429424,25.723772223398772,1.11,FVD,ETF (指數/股息/債券),2018-08-31
26.03797721862793,24.938246823081457,26.054514896220745,24.855560012467684,4.41,FVD,ETF (指數/股息/債券),2018-07-31
25.03746795654297,24.82886414572239,25.194571140827616,24.722062321602117,0.84,FVD,ETF (指數/股息/債券),2018-06-30
24.738492965698242,24.500224435067363,24.976750407934784,24.007267073141627,0.97,FVD,ETF (指數/股息/債券),2018-05-31
24.533092498779297,24.524874715973343,24.91102611492777,23.933318953580333,0.03,FVD,ETF (指數/股息/債券),2018-04-30
24.5577392578125,24.366619446291146,25.10277242674852,23.842948266076398,0.78,FVD,ETF (指數/股息/債券),2018-03-31
24.399335861206055,25.642612647226777,25.724407575947698,23.630467579578657,-4.85,FVD,ETF (指數/股息/債券),2018-02-28
25.699872970581055,25.299078157660155,26.05158805847168,25.16002723058179,1.58,FVD,ETF (指數/股息/債券),2018-01-31
25.241823196411133,25.24541595510518,25.497303594540327,24.928528381541664,-0.01,FVD,ETF (指數/股息/債券),2017-12-31
25.253551483154297,24.603523653653273,25.35918019960362,24.376006933006764,2.64,FVD,ETF (指數/股息/債券),2017-11-30
24.53852081298828,24.18100104191763,24.77415699461309,24.13224945800268,1.48,FVD,ETF (指數/股息/債券),2017-10-31
24.172876358032227,23.790661287990655,24.21350408912987,23.58843188340284,1.61,FVD,ETF (指數/股息/債券),2017-09-30
23.75830078125,24.025248002334266,24.0656941655208,23.53989436421069,-1.11,FVD,ETF (指數/股息/債券),2017-08-31
23.97671127319336,23.73403229924111,24.009069249644515,23.313386710084743,1.02,FVD,ETF (指數/股息/債券),2017-07-31
23.661235809326172,23.626581571727968,24.09316168755163,23.523712364986082,0.15,FVD,ETF (指數/股息/債券),2017-06-30
23.586353302001953,23.3932882939461,23.602444565846895,22.958893441850307,0.83,FVD,ETF (指數/股息/債券),2017-05-31
23.361112594604492,23.353066055190588,23.61048513920468,23.10368593235604,0.03,FVD,ETF (指數/股息/債券),2017-04-30
23.336978912353516,23.483255911109907,23.619321189765564,23.099075942818292,-0.62,FVD,ETF (指數/股息/債券),2017-03-31
23.403215408325195,22.55481144465524,23.49126063836735,22.3947341044127,3.76,FVD,ETF (指數/股息/債券),2017-02-28
22.586830139160156,22.562818642210644,22.754906744407656,22.36271784076328,0.11,FVD,ETF (指數/股息/債券),2017-01-31
22.434757232666016,21.884713867435,22.720002808079677,21.701744978681642,2.51,FVD,ETF (指數/股息/債券),2016-12-31
21.85289192199707,21.20056553604384,22.10745910808905,20.770983468308206,3.08,FVD,ETF (指數/股息/債券),2016-11-30
21.152833938598633,21.45513218846412,21.45513218846412,20.922130706117372,-1.41,FVD,ETF (指數/股息/債券),2016-10-31
88.82499694824219,89.35199737548828,89.45500183105469,88.4749984741211,-0.59,VNQ,ETF (指數/股息/債券),2026-10-31
89.62999725341797,95.7396370366071,96.12628299422785,89.56999969482422,-6.38,VNQ,ETF (指數/股息/債券),2026-09-30
95.61075592041016,98.15865798288104,98.80307166039944,95.1150552075317,-2.6,VNQ,ETF (指數/股息/債券),2026-08-31
98.09916687011719,95.690064333361,100.92466747196306,95.66032350015877,2.52,VNQ,ETF (指數/股息/債券),2026-07-31
95.60083770751953,93.48801535368091,97.89097677824418,92.06304452368076,2.26,VNQ,ETF (指數/股息/債券),2026-06-30
94.04817199707031,94.93264255671036,96.02348123881674,92.1613168145762,-0.93,VNQ,ETF (指數/股息/債券),2026-05-31
94.66730499267578,87.16899836352911,95.38470367171757,86.91349496143168,8.6,VNQ,ETF (指數/股息/債券),2026-04-30
87.16899871826172,92.56726145052734,93.53960666500097,85.34110248791879,-5.83,VNQ,ETF (指數/股息/債券),2026-03-31
93.04371643066406,88.38618656569331,93.5687837394186,86.60678580775944,5.27,VNQ,ETF (指數/股息/債券),2026-02-28
88.28895568847656,85.92615274285616,90.25308271415459,85.41080352691793,2.75,VNQ,ETF (指數/股息/債券),2026-01-31
86.04283142089844,87.15341706713868,87.50029693885772,85.06077415979091,-1.27,VNQ,ETF (指數/股息/債券),2025-12-31
88.010986328125,84.98542454800827,88.26151233397695,84.65781985276821,3.56,VNQ,ETF (指數/股息/債券),2025-11-30
85.9297103881836,88.0398912486498,89.54303319174149,84.86980464052102,-2.4,VNQ,ETF (指數/股息/債券),2025-10-31
88.08806610107422,87.24515237526663,89.31627597085074,86.2716218577182,0.97,VNQ,ETF (指數/股息/債券),2025-09-30
88.03733825683594,85.92802537254425,88.40002696134542,84.06687185566535,2.45,VNQ,ETF (指數/股息/債券),2025-08-31
85.07857513427734,84.8304117802977,87.98007150724209,84.71588825100298,0.29,VNQ,ETF (指數/股息/債券),2025-07-31
85.00221252441406,83.76883044281989,86.73659398696974,83.01271306757764,1.47,VNQ,ETF (指數/股息/債券),2025-06-30
84.42098236083984,83.77829165613115,85.47009430940633,81.62333656558847,0.77,VNQ,ETF (指數/股息/債券),2025-05-31
83.48527526855469,85.81036616068174,86.27347284967131,72.70109777923473,-2.71,VNQ,ETF (指數/股息/債券),2025-04-30
85.5740737915039,87.97835205646571,88.8296913860781,82.5989864983218,-2.73,VNQ,ETF (指數/股息/債券),2025-03-31
87.84737396240234,83.96487951872335,87.88479648985779,83.1883780842406,4.62,VNQ,ETF (指數/股息/債券),2025-02-28
84.71330261230469,83.34742059691816,86.02306785928239,79.78300651160312,1.64,VNQ,ETF (指數/股息/債券),2025-01-31
83.33805847167969,90.4895092130745,90.56362999718961,81.34420316925797,-7.9,VNQ,ETF (指數/股息/債券),2024-12-31
90.95280456542969,87.7283002642341,91.91642599040782,85.58792252266339,3.68,VNQ,ETF (指數/股息/債券),2024-11-30
87.23722076416016,90.46171673072665,90.6192402051162,86.57009794748386,-3.56,VNQ,ETF (指數/股息/債券),2024-10-31
90.26712036132812,87.05079608239285,91.4979792292054,86.54543900300888,3.69,VNQ,ETF (指數/股息/債券),2024-09-30
87.40913391113281,84.03700786131708,87.62965414926904,81.10591325124905,4.01,VNQ,ETF (指數/股息/債券),2024-08-31
83.07223510742188,76.89763389054261,84.11052062566503,75.77664925105324,8.03,VNQ,ETF (指數/股息/債券),2024-07-31
76.96194458007812,75.95343255213398,77.55981459222218,74.5104144529364,1.33,VNQ,ETF (指數/股息/債券),2024-06-30
75.54502868652344,72.15076700131647,77.52350099723208,72.03278710770425,4.7,VNQ,ETF (指數/股息/債券),2024-05-31
72.25059509277344,78.72146921993065,78.72146921993065,71.03446142513152,-8.22,VNQ,ETF (指數/股息/債券),2024-04-30
78.48551940917969,76.86654292573634,79.25118358531995,75.87669903374643,2.11,VNQ,ETF (指數/股息/債券),2024-03-31
76.98355102539062,75.40876689329038,77.38848804222877,73.37507454820357,2.09,VNQ,ETF (指數/股息/債券),2024-02-29
75.48976135253906,79.23319630001951,80.32203322971854,75.3457863565339,-4.72,VNQ,ETF (指數/股息/債券),2024-01-31
79.51215362548828,72.58788345062409,80.46601867675781,72.37454166781707,9.54,VNQ,ETF (指數/股息/債券),2023-12-31
72.65011596679688,64.90775032526012,72.82788326283706,64.48108031330997,11.93,VNQ,ETF (指數/股息/債券),2023-11-30
64.81887817382812,67.03223158403681,68.69448393077326,62.76548851629777,-3.3,VNQ,ETF (指數/股息/債券),2023-10-31
67.25444793701172,72.98008662572362,73.2177751424541,66.06942444620117,-7.85,VNQ,ETF (指數/股息/債券),2023-09-30
72.52230834960938,74.86401189727788,75.19853822129656,69.58197431311604,-3.13,VNQ,ETF (指數/股息/債券),2023-08-31
75.05767822265625,73.44666274027276,76.87117776098913,72.50468754576237,2.19,VNQ,ETF (指數/股息/債券),2023-07-31
73.56110382080078,69.55364993999576,73.95726028827983,68.90076838231393,5.76,VNQ,ETF (指數/股息/債券),2023-06-30
69.64070892333984,72.52208144871643,72.79194367595991,67.73430576264204,-3.97,VNQ,ETF (指數/股息/債券),2023-05-31
72.5134048461914,72.20001393888091,73.10532675646081,69.89317382485177,0.43,VNQ,ETF (指數/股息/債券),2023-04-30
72.28705596923828,73.36238523336505,75.33605793177517,66.35019456301643,-1.47,VNQ,ETF (指數/股息/債券),2023-03-31
73.8795166015625,78.05957990794748,81.47257879152373,73.49167038672478,-5.35,VNQ,ETF (指數/股息/債券),2023-02-28
78.48188018798828,71.68172418153709,78.57668641414331,70.38030525478923,9.49,VNQ,ETF (指數/股息/債券),2023-01-31
71.08705139160156,75.3994299708598,76.03683775988743,69.37192245564432,-5.72,VNQ,ETF (指數/股息/債券),2022-12-31
74.85552978515625,71.28611898448477,74.90651921454983,67.164317124247,5.01,VNQ,ETF (指數/股息/債券),2022-11-30
70.521240234375,69.17848060695668,71.27762405901893,63.45042723546549,1.94,VNQ,ETF (指數/股息/債券),2022-10-31
68.13314819335938,77.72745811660694,81.48561741746269,66.90935180995828,-12.34,VNQ,ETF (指數/股息/債券),2022-09-30
78.19828033447266,82.77197235531712,86.06770858259786,78.02172333092025,-5.53,VNQ,ETF (指數/股息/債券),2022-08-31
83.20075988769531,76.48315412057639,83.50343091253755,75.20520228549758,8.78,VNQ,ETF (指數/股息/債券),2022-07-31
76.60086059570312,83.04167763250892,83.25055240660718,72.37325104107843,-7.76,VNQ,ETF (指數/股息/債券),2022-06-30
82.76600646972656,86.77605977280753,87.33579597785912,77.59470048310133,-4.62,VNQ,ETF (指數/股息/債券),2022-05-31
86.83453369140625,90.9532214052142,94.74606060331544,86.61732026319733,-4.53,VNQ,ETF (指數/股息/債券),2022-04-30
90.53548431396484,85.41475455340354,92.47369605071742,84.29305769976311,6.0,VNQ,ETF (指數/股息/債券),2022-03-31
85.19872283935547,88.19820162152013,89.33651297635882,81.18555805942916,-3.4,VNQ,ETF (指數/股息/債券),2022-02-28
88.27299499511719,96.55687808511396,96.58180355192482,83.6034312119676,-8.58,VNQ,ETF (指數/股息/債券),2022-01-31
96.3907241821289,88.68621222259706,96.97233965944879,86.38962211491426,8.69,VNQ,ETF (指數/股息/債券),2021-12-31
87.86307525634766,89.97034742919287,91.6084052039802,87.78899473201626,-2.34,VNQ,ETF (指數/股息/債券),2021-11-30
89.7563247680664,84.32352750536296,90.79349747076107,83.1381832135192,6.44,VNQ,ETF (指數/股息/債券),2021-10-31
83.78024291992188,89.03960800457267,90.85576427610961,83.78024291992188,-5.91,VNQ,ETF (指數/股息/債券),2021-09-30
88.8269271850586,87.42801313869613,88.93327509783154,85.77549179936655,1.6,VNQ,ETF (指數/股息/債券),2021-08-31
86.9535140991211,83.46850649169136,88.12336592550946,83.0431086312902,4.18,VNQ,ETF (指數/股息/債券),2021-07-31
83.27217864990234,81.53032102988381,85.9167205950221,81.23789336693929,2.14,VNQ,ETF (指數/股息/債券),2021-06-30
81.13227844238281,80.87235533081687,81.36784547956859,76.87583290581694,0.32,VNQ,ETF (指數/股息/債券),2021-05-31
80.48246002197266,75.00755367922224,80.66116651291738,74.73137548367899,7.3,VNQ,ETF (指數/股息/債券),2021-04-30
74.6176528930664,71.76925589457055,75.4949293980994,68.19976619424524,3.97,VNQ,ETF (指數/股息/債券),2021-03-31
70.96168518066406,69.03158846348401,73.85281538485215,68.1755538468168,2.8,VNQ,ETF (指數/股息/債券),2021-02-28
68.61164093017578,68.80545905675147,70.50943779341904,65.59939512203447,-0.28,VNQ,ETF (指數/股息/債券),2021-01-31
68.5874252319336,67.5250839139712,68.9636639912833,66.2454790732387,1.57,VNQ,ETF (指數/股息/債券),2020-12-31
66.76210021972656,61.51651038816108,70.1717451126023,61.103217783534504,8.53,VNQ,ETF (指數/股息/債券),2020-11-30
60.87273406982422,63.010712673732996,66.66670181647541,59.97460731590999,-3.39,VNQ,ETF (指數/股息/債券),2020-10-31
62.75637435913086,64.25332263204655,66.63514761746185,59.89985805240649,-2.33,VNQ,ETF (指數/股息/債券),2020-09-30
64.47416687011719,64.21389995724718,65.83067716928984,62.604984270052654,0.41,VNQ,ETF (指數/股息/債券),2020-08-31
64.19022369384766,62.14757534002293,64.72651672363281,60.45191908074581,3.29,VNQ,ETF (指數/股息/債券),2020-07-31
61.93462371826172,60.41367359956968,67.78576518951266,59.08606101182466,2.52,VNQ,ETF (指數/股息/債券),2020-06-30
60.468318939208984,57.85216733659645,61.5538324023542,51.7530010209226,4.52,VNQ,ETF (指數/股息/債券),2020-05-31
59.43747329711914,51.940448948818414,62.4675314003324,49.410194805964245,14.43,VNQ,ETF (指數/股息/債券),2020-04-30
54.548770904541016,67.91948785131368,73.15004971984649,43.40473903058878,-19.69,VNQ,ETF (指數/股息/債券),2020-03-31
67.67151641845703,72.74706909489008,77.2724700829577,65.60255018533391,-6.98,VNQ,ETF (指數/股息/債券),2020-02-29
72.78582000732422,72.21240473435967,74.50608934342732,70.39915102774505,0.79,VNQ,ETF (指數/股息/債券),2020-01-31
71.90245056152344,71.07007224792474,71.9334470463035,68.75475146377023,1.17,VNQ,ETF (指數/股息/債券),2019-12-31
71.3537368774414,72.38108073474896,72.67241227602364,69.3987100830518,-1.42,VNQ,ETF (指數/股息/債券),2019-11-30
72.2967300415039,71.45340720334495,73.20906637991601,70.06574478279023,1.18,VNQ,ETF (指數/股息/債券),2019-10-31
71.49173736572266,70.12487985907586,71.9977372043641,69.39469768351354,1.95,VNQ,ETF (指數/股息/債券),2019-09-30
70.14008331298828,67.69863172572126,70.39108208232904,65.7515729363233,3.61,VNQ,ETF (指數/股息/債券),2019-08-31
67.60736083984375,66.91526036576984,69.2121685309339,65.660312906173,1.03,VNQ,ETF (指數/股息/債券),2019-07-31
66.47412109375,65.69025328224104,69.19322565352951,64.74858987930594,1.19,VNQ,ETF (指數/股息/債券),2019-06-30
65.45671844482422,65.36631935251854,66.73737946557073,64.00279383120528,0.14,VNQ,ETF (指數/股息/債券),2019-05-31
65.36631774902344,65.53958571843405,66.3983675621719,63.113872933992496,-0.26,VNQ,ETF (指數/股息/債券),2019-04-30
65.47179412841797,62.78548556097199,65.66012628631017,61.94774533904549,4.28,VNQ,ETF (指數/股息/債券),2019-03-31
62.82289505004883,62.448894784134495,63.91491617460855,61.12497171599064,0.6,VNQ,ETF (指數/股息/債券),2019-02-28
62.389041900634766,55.021442655203465,62.433918894193056,54.25102366864938,13.39,VNQ,ETF (指數/股息/債券),2019-01-31
55.77690505981445,60.96499179808423,61.57846466190611,53.16646153219599,-8.51,VNQ,ETF (指數/股息/債券),2018-12-31
60.59538650512695,57.93448383556338,60.64712666601286,57.0252944279149,4.59,VNQ,ETF (指數/股息/債券),2018-11-30
57.890113830566406,59.5753672961153,59.73798086655093,55.7170205770055,-2.83,VNQ,ETF (指數/股息/債券),2018-10-31
59.63450241088867,61.12836389160972,61.2814392595935,58.5257922630327,-2.44,VNQ,ETF (指數/股息/債券),2018-09-30
61.266868591308594,59.29876016506173,61.63134714244286,59.13839384831686,3.32,VNQ,ETF (指數/股息/債券),2018-08-31
59.728816986083984,59.4226564064318,60.61812332948118,58.30739575367408,0.52,VNQ,ETF (指數/股息/債券),2018-07-31
59.37165069580078,56.76069242529628,59.62678195298834,56.645137188938335,4.6,VNQ,ETF (指數/股息/債券),2018-06-30
56.97737121582031,54.94786202350291,57.34569503380719,54.528958830038725,3.69,VNQ,ETF (指數/股息/債券),2018-05-31
54.95508575439453,54.41342141724312,55.402875289763564,53.120622475541175,1.0,VNQ,ETF (指數/股息/債券),2018-04-30
54.50731658935547,52.35152507725846,54.8539878316945,51.94383309538182,4.12,VNQ,ETF (指數/股息/債券),2018-03-31
52.46598434448242,56.57170971645542,57.03664459241846,51.5360933390576,-7.26,VNQ,ETF (指數/股息/債券),2018-02-28
56.82919692993164,59.397060823070994,59.49004558563084,55.73482957578645,-4.32,VNQ,ETF (指數/股息/債券),2018-01-31
59.35416030883789,59.512213313412026,60.6744085307591,58.06663534067124,-0.27,VNQ,ETF (指數/股息/債券),2017-12-31
59.441776275634766,57.9978277047277,60.20953776157044,57.86400104864395,2.49,VNQ,ETF (指數/股息/債券),2017-11-30
57.899208068847656,58.61765510104143,59.8714239181831,57.293460615830334,-1.23,VNQ,ETF (指數/股息/債券),2017-10-31
58.526100158691406,58.606872482590404,59.82001279623662,57.80765295838415,-0.14,VNQ,ETF (指數/股息/債券),2017-09-30
58.59293746948242,58.927579474968205,59.262239166016315,56.982383386723775,-0.57,VNQ,ETF (指數/股息/債券),2017-08-31
58.74629211425781,58.25827811152019,59.07399272234452,56.18061627290734,0.84,VNQ,ETF (指數/股息/債券),2017-07-31
58.02819061279297,56.60207782638302,59.30408670717801,56.46395870783866,2.52,VNQ,ETF (指數/股息/債券),2017-06-30
56.76093673706055,57.42390260142715,57.76921777861253,55.731930975270124,-1.15,VNQ,ETF (指數/股息/債券),2017-05-31
57.175289154052734,56.878352179423594,59.19875404989442,56.85072728695149,0.52,VNQ,ETF (指數/股息/債券),2017-04-30
57.03717041015625,58.27563476562499,58.61157519556581,54.83395488558803,-2.13,VNQ,ETF (指數/股息/債券),2017-03-31
58.453914642333984,56.41083008368364,59.07095200644535,55.75265864423164,3.62,VNQ,ETF (指數/股息/債券),2017-02-28
56.4725341796875,56.89075672880633,58.06998632831723,55.92404538643464,-0.74,VNQ,ETF (指數/股息/債券),2017-01-31
56.582218170166016,53.66625929891067,56.69876819592714,52.887322245561585,5.43,VNQ,ETF (指數/股息/債券),2016-12-31
53.98185729980469,54.66008286652603,54.8816902572579,51.69206731541374,-1.24,VNQ,ETF (指數/股息/債券),2016-11-30
54.90182113647461,57.75570021824786,57.94371934575505,53.74685765888153,-4.94,VNQ,ETF (指數/股息/債券),2016-10-31
101.73999786376953,101.43000030517578,101.8550033569336,101.19999694824219,0.31,LQD,ETF (指數/股息/債券),2026-10-31
102.18000030517578,105.5199966430664,105.7699966430664,102.04000091552734,-3.17,LQD,ETF (指數/股息/債券),2026-09-30
105.76599884033203,105.56683954088442,106.50290866727444,104.97930244413034,0.19,LQD,ETF (指數/股息/債券),2026-08-31
105.34974670410156,107.42203728473102,107.79882165989049,105.10186494715073,-1.93,LQD,ETF (指數/股息/債券),2026-07-31
107.76708984375,107.2631784660425,108.42909522687259,106.73951698341209,0.47,LQD,ETF (指數/股息/債券),2026-06-30
107.64556884765625,106.84827217809125,107.8818042758156,105.2536576861716,0.75,LQD,ETF (指數/股息/債券),2026-05-31
106.7252197265625,106.37224555830363,108.13712588820086,106.15653880914942,0.33,LQD,ETF (指數/股息/債券),2026-04-30
106.4251937866211,108.2316647399192,108.55389495979631,104.83356445253749,-1.67,LQD,ETF (指數/股息/債券),2026-03-31
108.67790222167969,107.18904024351751,108.92118190901114,106.87764182773918,1.39,LQD,ETF (指數/股息/債券),2026-02-28
107.20071411132812,106.95834331109833,107.81152241514691,106.46387845601573,0.23,LQD,ETF (指數/股息/債券),2026-01-31
106.83230590820312,106.97221767665904,107.4936972531192,106.32519201057171,-0.13,LQD,ETF (指數/股息/債券),2025-12-31
107.62601470947266,106.40407822747284,107.8184312086812,106.06731889709722,1.15,LQD,ETF (指數/股息/債券),2025-11-30
106.63307189941406,106.83439777685574,108.26282363072767,106.36462821437438,-0.19,LQD,ETF (指數/股息/債券),2025-10-31
106.47393035888672,104.00000550894315,107.59149710953109,103.9331431941839,2.38,LQD,ETF (指數/股息/債券),2025-09-30
104.51200103759766,104.05512121022483,105.00694478334842,103.86475616495305,0.44,LQD,ETF (指數/股息/債券),2025-08-31
103.43260192871094,103.57481820369006,103.80232073936213,101.75469147507219,-0.14,LQD,ETF (指數/股息/債券),2025-07-31
103.52550506591797,101.05094209196041,103.6293994978201,100.76759953042783,2.45,LQD,ETF (指數/股息/債券),2025-06-30
101.41361236572266,101.40420393653982,101.41361236572266,99.17401028611245,0.01,LQD,ETF (指數/股息/債券),2025-05-31
101.2047348022461,101.72021625852074,102.66683588752515,96.95895489182004,-0.51,LQD,ETF (指數/股息/債券),2025-04-30
101.4793472290039,101.71276315141397,102.3756433697718,100.06949873135912,-0.23,LQD,ETF (指數/股息/債券),2025-03-31
101.95083618164062,99.85806207966141,101.99734519459525,98.92795053133878,2.1,LQD,ETF (指數/股息/債券),2025-02-28
99.5892562866211,99.27415398357672,100.10823768302735,97.25382262276135,0.32,LQD,ETF (指數/股息/債券),2025-01-31
99.01466369628906,101.90592713331,102.44155218962015,98.542015076019,-2.84,LQD,ETF (指數/股息/債券),2024-12-31
101.73692321777344,100.21848552459184,101.7553257223786,99.0221056715591,1.52,LQD,ETF (指數/股息/債券),2024-11-30
99.94700622558594,103.71596355555906,103.89020127929224,99.64438480901518,-3.63,LQD,ETF (指數/股息/債券),2024-10-31
103.22904205322266,101.68491456270768,104.2249588673553,101.39253302473831,1.52,LQD,ETF (指數/股息/債券),2024-09-30
101.24175262451172,99.73965116482883,102.32508082933614,99.08419123520095,1.51,LQD,ETF (指數/股息/債券),2024-08-31
99.38277435302734,96.4618964210247,99.40998649231325,96.1988410957184,3.03,LQD,ETF (指數/股息/債券),2024-07-31
96.82837677001953,96.5481575429389,98.1480775585364,96.40352866272778,0.29,LQD,ETF (指數/股息/債券),2024-06-30
96.25437927246094,94.44437782059124,97.05584613278691,94.23726679887434,1.92,LQD,ETF (指數/股息/債券),2024-05-31
94.16974639892578,96.8874550412058,96.8964263572071,93.40729496595333,-2.81,LQD,ETF (指數/股息/債券),2024-04-30
97.32606506347656,95.6461915373882,97.66560650827277,95.38705959722282,1.76,LQD,ETF (指數/股息/債券),2024-03-31
95.84900665283203,98.3863636777982,98.74248253433647,95.14569659855148,-2.58,LQD,ETF (指數/股息/債券),2024-02-29
97.73731994628906,97.53328151015039,98.34059572863248,96.21143643209217,0.21,LQD,ETF (指數/股息/債券),2024-01-31
98.1720199584961,93.73652524237225,98.8285013349798,93.6127695255824,4.73,LQD,ETF (指數/股息/債券),2023-12-31
93.6083755493164,87.42590029933493,94.15438547662717,87.38186992803683,7.07,LQD,ETF (指數/股息/債券),2023-11-30
87.01728820800781,88.73709678727656,89.44784690785696,86.20124531977052,-1.94,LQD,ETF (指數/股息/債券),2023-10-31
89.16791534423828,92.45425455026613,92.48047420246235,88.53862862705614,-3.55,LQD,ETF (指數/股息/債券),2023-09-30
92.4569091796875,93.01427992813619,93.16233476729089,89.93120688821845,-0.6,LQD,ETF (指數/股息/債券),2023-08-31
93.60734558105469,93.6247205317142,94.18888856441642,91.4375207300238,-0.02,LQD,ETF (指數/股息/債券),2023-07-31
93.55703735351562,93.09848181053663,93.61759740622847,91.93919843025986,0.49,LQD,ETF (指數/股息/債券),2023-06-30
92.80522918701172,93.94349930536892,94.46953431864235,91.373695855977,-1.21,LQD,ETF (指數/股息/債券),2023-05-31
94.47640991210938,93.82324632476052,95.05223952328907,93.2130469925756,0.7,LQD,ETF (指數/股息/債券),2023-04-30
93.90922546386719,90.1823133571276,93.97776765844982,89.38552717974848,4.13,LQD,ETF (指數/股息/債券),2023-03-31
90.42904663085938,94.65512196921716,96.05530031798686,89.87410875973065,-4.46,LQD,ETF (指數/股息/債券),2023-02-28
94.3631362915039,91.02676061483646,95.28234436699279,90.090535269931,3.67,LQD,ETF (指數/股息/債券),2023-01-31
89.7330551147461,91.57450732365402,94.09469969147399,89.5117633955695,-2.01,LQD,ETF (指數/股息/債券),2022-12-31
91.14686584472656,86.35944838238281,91.24834962135046,84.59167004676252,5.54,LQD,ETF (指數/股息/債券),2022-11-30
85.46540832519531,87.37120608300476,88.64455839643041,82.98618272648315,-2.18,LQD,ETF (指數/股息/債券),2022-10-31
86.10713958740234,90.93148755800404,91.82241486070072,85.22461979771033,-5.31,LQD,ETF (指數/股息/債券),2022-09-30
91.58370971679688,95.86660561421891,96.36947523281304,91.53342327807833,-4.47,LQD,ETF (指數/股息/債券),2022-08-31
95.82804870605469,92.52535740003445,96.2210275004844,91.73104599835527,3.57,LQD,ETF (指數/股息/債券),2022-07-31
91.75029754638672,95.61108652183925,95.81121259706201,89.30704317356086,-4.04,LQD,ETF (指數/股息/債券),2022-06-30
95.19914245605469,92.9115339755033,96.2140210849615,91.66371487931268,2.46,LQD,ETF (指數/股息/債券),2022-05-31
93.45721435546875,99.64893834402972,100.88566325224332,93.27461487482628,-6.21,LQD,ETF (指數/股息/債券),2022-04-30
100.16768646240234,103.3978632956433,104.22610637741805,98.06396120033088,-3.12,LQD,ETF (指數/股息/債券),2022-03-31
103.15271759033203,105.45874855559397,106.04555612446312,101.02020888731639,-2.19,LQD,ETF (指數/股息/債券),2022-02-28
105.39923095703125,108.71564443762583,108.72388968926926,104.64850111549599,-3.05,LQD,ETF (指數/股息/債券),2022-01-31
109.32614135742188,109.32148910877522,110.79535171672373,108.46815549422332,0.0,LQD,ETF (指數/股息/債券),2021-12-31
109.36347198486328,108.99361880437652,111.21277545150792,107.51417584540158,0.34,LQD,ETF (指數/股息/債券),2021-11-30
109.49333953857422,109.2882746242084,109.96910350714053,107.90193313480776,0.19,LQD,ETF (指數/股息/債券),2021-10-31
108.91502380371094,110.79809328744518,111.55948628355524,108.86590228538901,-1.7,LQD,ETF (指數/股息/債券),2021-09-30
110.58198547363281,111.08869994423829,111.79157670712772,109.16802305085119,-0.46,LQD,ETF (指數/股息/債券),2021-08-31
110.96363830566406,109.36458463994113,111.39601823044119,109.1116733869521,1.46,LQD,ETF (指數/股息/債券),2021-07-31
109.41105651855469,107.03324983875711,109.62277335059339,106.76452519044263,2.22,LQD,ETF (指數/股息/債券),2021-06-30
107.04383850097656,106.57246993032506,107.5558743479165,105.4753299244313,0.44,LQD,ETF (指數/股息/債券),2021-05-31
106.38150787353516,105.82178435597575,107.33058964141424,105.38376438432672,0.53,LQD,ETF (指數/股息/債券),2021-04-30
105.28321838378906,106.57042864588561,106.99949425932641,103.55075472081036,-1.21,LQD,ETF (指數/股息/債券),2021-03-31
106.8626480102539,109.36717254854393,109.63378530247844,104.85097908535874,-2.29,LQD,ETF (指數/股息/債券),2021-02-28
109.33729553222656,111.18373394762506,111.18373394762506,108.64383313502051,-1.66,LQD,ETF (指數/股息/債券),2021-01-31
111.37731170654297,111.08584816314024,111.44987776622128,109.53277372388352,0.26,LQD,ETF (指數/股息/債券),2020-12-31
111.20977020263672,107.5798566626782,111.24190004972061,107.4353243812015,3.37,LQD,ETF (指數/股息/債券),2020-11-30
107.16786193847656,107.59260620036886,108.90688969520141,107.15985259156146,-0.39,LQD,ETF (指數/股息/債券),2020-10-31
107.7176284790039,108.14940505460822,109.46878268333336,107.18185139706846,-0.4,LQD,ETF (指數/股息/債券),2020-09-30
108.19342041015625,110.06844891336118,111.20948087551434,107.36359947553869,-1.7,LQD,ETF (指數/股息/債券),2020-08-31
110.15221405029297,106.80823071558139,110.28759303534946,106.59326947685639,3.13,LQD,ETF (指數/股息/債券),2020-07-31
106.840087890625,104.3776346271915,107.15781885743374,104.16313250747673,2.36,LQD,ETF (指數/股息/債券),2020-06-30
104.61433410644531,101.98348063764449,104.63017365565797,99.46361115827325,2.58,LQD,ETF (指數/股息/債券),2020-05-31
102.10237121582031,96.8696257818483,104.33938449312127,95.39143949848714,5.4,LQD,ETF (指數/股息/債券),2020-04-30
97.38339233398438,103.97495720597846,106.07228342090256,82.74948722689525,-6.34,LQD,ETF (指數/股息/債券),2020-03-31
103.94422149658203,102.68597958614781,104.03072420834408,102.30065887482147,1.23,LQD,ETF (指數/股息/債券),2020-02-29
102.82205200195312,100.6650538295176,102.8769631083108,100.1316709372739,2.14,LQD,ETF (指數/股息/債券),2020-01-31
100.36698150634766,99.40708923339844,100.79055415801093,99.19587037407304,0.97,LQD,ETF (指數/股息/債券),2019-12-31
99.84048461914062,99.38018240244956,100.12135377259823,97.99925245125696,0.46,LQD,ETF (指數/股息/債券),2019-11-30
99.36849212646484,98.47366391325586,99.80423736572266,98.07686922548328,0.91,LQD,ETF (指數/股息/債券),2019-10-31
98.92807006835938,99.61872054430594,99.89033510799814,96.75521850585938,-0.69,LQD,ETF (指數/股息/債券),2019-09-30
99.68158721923828,96.20666354195343,100.19240149714204,96.13701309090769,3.61,LQD,ETF (指數/股息/債券),2019-08-31
95.95282745361328,95.86021168840865,96.43898434273954,94.70256714912259,0.1,LQD,ETF (指數/股息/債券),2019-07-31
95.7097396850586,92.92395347603747,95.76360840276949,92.66230706705882,3.0,LQD,ETF (指數/股息/債券),2019-06-30
92.70001220703125,91.29601748565001,92.70767992938212,90.7513016230366,1.54,LQD,ETF (指數/股息/債券),2019-05-31
91.1947250366211,90.60570525389224,91.56956647630234,90.345678942172,0.65,LQD,ETF (指數/股息/債券),2019-04-30
90.79850769042969,88.266614211447,90.92051805643278,88.02257334284361,2.87,LQD,ETF (指數/股息/債券),2019-03-31
88.2147216796875,88.28317330633787,88.6404764134116,87.89541400843324,-0.08,LQD,ETF (指數/股息/債券),2019-02-28
88.39495086669922,85.51462511666585,88.45558440604783,85.4843054631922,3.37,LQD,ETF (指數/股息/債券),2019-01-31
85.51463317871094,84.10693997612,85.886059569993,84.06160522479452,1.67,LQD,ETF (指數/股息/債券),2018-12-31
83.95355224609375,84.14184306244516,84.89504279619398,83.7953773918436,-0.22,LQD,ETF (指數/股息/債券),2018-11-30
84.25556182861328,85.95974167411136,86.14748059091167,84.25556182861328,-1.98,LQD,ETF (指數/股息/債券),2018-10-31
86.01834106445312,85.96593731732818,86.31772125592694,85.49439581185808,0.06,LQD,ETF (指數/股息/債券),2018-09-30
86.13951873779297,85.73658381602081,86.8335418090905,85.69927232097157,0.47,LQD,ETF (指數/股息/債券),2018-08-31
86.12238311767578,85.11804174435248,86.19677934038235,84.9320483018653,1.18,LQD,ETF (指數/股息/債券),2018-07-31
84.98038482666016,85.20291207916361,85.40317759401354,84.3721990418016,-0.26,LQD,ETF (指數/股息/債券),2018-06-30
85.39652252197266,84.90851268782522,85.92889509460993,84.087728194363,0.57,LQD,ETF (指數/股息/債券),2018-05-31
84.95361328125,86.19228070457856,86.5904274598593,84.45959561176646,-1.44,LQD,ETF (指數/股息/債券),2018-04-30
86.3050765991211,85.6948292347988,86.36389391058837,84.93028269582898,0.71,LQD,ETF (指數/股息/債券),2018-03-31
85.8271713256836,87.90929436379916,87.9459473716146,85.36529206209123,-2.37,LQD,ETF (指數/股息/債券),2018-02-28
87.79124450683594,88.70520962407285,88.8075725917389,87.4695306349619,-1.03,LQD,ETF (指數/股息/債券),2018-01-31
88.88066101074219,88.14607745821513,88.93184247891824,87.84693382120186,0.83,LQD,ETF (指數/股息/債券),2017-12-31
87.80901336669922,88.08556535241031,88.33295966593357,87.1614023030455,-0.31,LQD,ETF (指數/股息/債券),2017-11-30
87.9174575805664,87.78681713593812,88.2875729569378,87.38038850042787,0.15,LQD,ETF (指數/股息/債券),2017-10-31
87.74836730957031,87.71938995042993,88.16814470218752,87.24891595309369,0.03,LQD,ETF (指數/股息/債券),2017-09-30
87.79179382324219,87.08428136736292,87.85672315518131,86.67280091251997,0.81,LQD,ETF (指數/股息/債券),2017-08-31
87.20124816894531,86.64683525114991,87.56127330049958,86.04202521647977,0.64,LQD,ETF (指數/股息/債券),2017-07-31
86.5388412475586,85.95000440719298,87.29284194899081,85.9356392365763,0.69,LQD,ETF (指數/股息/債券),2017-06-30
86.1252212524414,84.92194543498816,86.13238496300977,84.54954674229856,1.42,LQD,ETF (指數/股息/債券),2017-05-31
84.99217224121094,84.02790124871194,85.47069845915647,84.00647372000218,1.15,LQD,ETF (指數/股息/債券),2017-04-30
83.99357604980469,83.77986727342332,84.1289291381836,82.36231231689453,0.26,LQD,ETF (指數/股息/債券),2017-03-31
84.24217987060547,82.9634406365578,84.44820313936513,82.78583436514194,1.54,LQD,ETF (指數/股息/債券),2017-02-28
83.14386749267578,82.86049663093253,83.98700346790679,82.55583617973059,0.34,LQD,ETF (指數/股息/債券),2017-01-31
83.0234603881836,81.94890166834108,83.15099280128909,81.64501799356671,1.31,LQD,ETF (指數/股息/債券),2016-12-31
82.3324966430664,84.86226600526756,85.19344237239908,81.76878241186478,-2.98,LQD,ETF (指數/股息/債券),2016-11-30
85.02571868896484,86.38916168740936,86.4102450703715,84.85004376833731,-1.58,LQD,ETF (指數/股息/債券),2016-10-31
83.43000030517578,83.55000305175781,84.5999984741211,83.3010025024414,-0.14,BHP,核心個股 (壟斷/價值/農糧),2026-10-31
84.83999633789062,91.0431606263712,93.61000061035156,82.93000030517578,-6.81,BHP,核心個股 (壟斷/價值/農糧),2026-09-30
91.91415405273438,81.45246734485256,96.60185259537988,80.94356875884428,12.84,BHP,核心個股 (壟斷/價值/農糧),2026-08-31
82.685546875,79.45603385889343,84.4862564162874,75.16957068327984,4.06,BHP,核心個股 (壟斷/價值/農糧),2026-07-31
81.53075408935547,86.80563540521368,91.82607977605366,78.02721630016254,-6.08,BHP,核心個股 (壟斷/價值/農糧),2026-06-30
87.01116180419922,77.40087909442288,89.49690591973904,75.81548097007551,12.42,BHP,核心個股 (壟斷/價值/農糧),2026-05-31
77.60639953613281,71.94983653480766,79.52454039984228,69.26835823861285,7.86,BHP,核心個股 (壟斷/價值/農糧),2026-04-30
71.18649291992188,78.2862640593275,79.86984203697268,63.151836170142495,-9.07,BHP,核心個股 (壟斷/價值/農糧),2026-03-31
78.28626251220703,66.49102340148787,79.02526488485412,65.92477683378416,17.74,BHP,核心個股 (壟斷/價值/農糧),2026-02-28
65.96316528320312,59.091400378622296,71.96156287008789,58.67871042698977,11.63,BHP,核心個股 (壟斷/價值/農糧),2026-01-31
57.93970489501953,53.025820685436884,59.51368578991368,52.766689538679195,9.27,BHP,核心個股 (壟斷/價值/農糧),2025-12-31
52.52675247192383,53.91838234632663,54.47503308102949,50.07940958258348,-2.58,BHP,核心個股 (壟斷/價值/農糧),2025-11-30
54.75335693359375,53.50569152832031,56.548080867579756,51.31747792001386,2.33,BHP,核心個股 (壟斷/價值/農糧),2025-10-31
53.50569152832031,52.78588302946862,54.225498814743325,49.74349754186053,1.36,BHP,核心個股 (壟斷/價值/農糧),2025-09-30
53.52488708496094,48.77415551865767,54.023954066446926,48.380660901570124,9.74,BHP,核心個股 (壟斷/價值/農糧),2025-08-31
48.630191802978516,46.19244620226356,53.15059010029559,46.11566498067484,5.28,BHP,核心個股 (壟斷/價值/農糧),2025-07-31
46.15406036376953,46.93145404837517,48.99489852916532,43.898661872652504,-1.66,BHP,核心個股 (壟斷/價值/農糧),2025-06-30
47.01782989501953,46.22124148916523,48.956505405469805,45.51102977007945,1.72,BHP,核心個股 (壟斷/價值/農糧),2025-05-31
45.63579559326172,46.57634452275698,47.55528245778803,38.13060380508875,-2.02,BHP,核心個股 (壟斷/價值/農糧),2025-04-30
46.585941314697266,47.02167266711635,48.63979561861078,45.39585799509227,-0.93,BHP,核心個股 (壟斷/價值/農糧),2025-03-31
45.61045837402344,45.48815244411579,49.41132774183675,45.23413660983571,0.27,BHP,核心個股 (壟斷/價值/農糧),2025-02-28
46.24079895019531,46.31606546677447,47.5014855504211,45.21532356501403,-0.16,BHP,核心個股 (壟斷/價值/農糧),2025-01-31
45.93974685668945,49.740610754191124,51.43407052307888,45.79862065230981,-7.64,BHP,核心個股 (壟斷/價值/農糧),2024-12-31
49.53363800048828,52.77002152536449,55.04677806732202,48.09419304359763,-6.13,BHP,核心個股 (壟斷/價值/農糧),2024-11-30
52.177310943603516,58.104409509636646,59.468583107524566,51.78217254802898,-10.2,BHP,核心個股 (壟斷/價值/農糧),2024-10-31
58.43369674682617,48.25029578692505,58.85706187094536,46.56693157557481,21.11,BHP,核心個股 (壟斷/價值/農糧),2024-09-30
50.436832427978516,50.30875470321705,51.21447147926915,47.326275150788355,0.25,BHP,核心個股 (壟斷/價值/農糧),2024-08-31
50.80278015136719,52.888688434016956,54.91970127852881,48.92729249834684,-3.94,BHP,核心個股 (壟斷/價值/農糧),2024-07-31
52.22998046875,54.00482439358103,54.681834721382714,50.9400106958631,-3.29,BHP,核心個股 (壟斷/價值/農糧),2024-06-30
54.46226501464844,50.59236219485333,56.97815933013357,50.144077389418484,7.65,BHP,核心個股 (壟斷/價值/農糧),2024-05-31
50.46427917480469,53.29123143595669,55.386288504097685,50.46427917480469,-5.3,BHP,核心個股 (壟斷/價值/農糧),2024-04-30
52.77890396118164,51.63276845538156,53.510800550256434,50.40023910808541,2.22,BHP,核心個股 (壟斷/價值/農糧),2024-03-31
51.16873550415039,54.782843331893105,55.36288783607533,50.67792710090362,-6.6,BHP,核心個股 (壟斷/價值/農糧),2024-02-29
54.631141662597656,60.67251619650192,61.047318511593296,53.25688842418266,-9.96,BHP,核心個股 (壟斷/價值/農糧),2024-01-31
60.95806884765625,55.29150082158747,61.671975920130535,54.0243318674469,10.25,BHP,核心個股 (壟斷/價值/農糧),2023-12-31
54.39912033081055,51.347203244596884,55.92507949697321,50.70469772980662,5.94,BHP,核心個股 (壟斷/價值/農糧),2023-11-30
50.91886901855469,50.41914005083488,52.150342359900144,48.4380671367994,0.99,BHP,核心個股 (壟斷/價值/農糧),2023-10-31
50.75823974609375,50.697968327096035,52.91778405760346,48.94671622984299,0.12,BHP,核心個股 (壟斷/價值/農糧),2023-09-30
49.89944076538086,53.33658676292684,53.46677986036135,47.5038510892749,-6.44,BHP,核心個股 (壟斷/價值/農糧),2023-08-31
54.37815475463867,52.555419301505246,55.96653216332504,49.41338073642087,3.47,BHP,核心個股 (壟斷/價值/農糧),2023-07-31
51.79160690307617,48.12010959998887,55.69745959073374,47.94651877553959,7.63,BHP,核心個股 (壟斷/價值/農糧),2023-06-30
47.65140151977539,51.58329391279065,53.53622272685078,47.22610145690733,-7.62,BHP,核心個股 (壟斷/價值/農糧),2023-05-31
51.244789123535156,54.24795774620087,54.994414560336544,49.41337930577282,-5.54,BHP,核心個股 (壟斷/價值/農糧),2023-04-30
55.03780746459961,53.12602126651453,55.66426515062984,49.02279587240842,3.6,BHP,核心個股 (壟斷/價值/農糧),2023-03-31
51.4141845703125,58.95302613077008,59.39995833286492,50.46128700034458,-12.79,BHP,核心個股 (壟斷/價值/農糧),2023-02-28
59.155399322509766,51.92857568358303,60.31067284934595,51.48164033125504,13.92,BHP,核心個股 (壟斷/價值/農糧),2023-01-31
52.324913024902344,52.948935360148575,54.96435179189677,51.000984821962795,-1.18,BHP,核心個股 (壟斷/價值/農糧),2022-12-31
52.95736312866211,42.45021991061672,53.28623796223664,40.030036159641064,24.75,BHP,核心個股 (壟斷/價值/農糧),2022-11-30
40.32518005371094,43.0067810194664,45.106520098853764,39.56623215778632,-6.24,BHP,核心個股 (壟斷/價值/農糧),2022-10-31
42.19723892211914,42.4755136233981,46.295528732614095,39.962569958765165,-0.66,BHP,核心個股 (壟斷/價值/農糧),2022-09-30
43.335655212402344,43.01196048807285,48.00949099998206,41.661916073287586,0.75,BHP,核心個股 (壟斷/價值/農糧),2022-08-31
43.454078674316406,42.783001920398185,43.667244025671884,37.382825980128196,1.57,BHP,核心個股 (壟斷/價值/農糧),2022-07-31
44.35411071777344,50.88436727633284,54.672873293844795,42.6645763250223,-12.83,BHP,核心個股 (壟斷/價值/農糧),2022-06-30
49.76455307006836,47.144628486318005,50.83506298591758,42.7499089660657,5.56,BHP,核心個股 (壟斷/價值/農糧),2022-05-31
47.17279815673828,55.29316628905504,56.10309158617751,44.975441125975614,-14.69,BHP,核心個股 (壟斷/價值/農糧),2022-04-30
54.4057731628418,47.95455291763863,55.45514691986694,44.630345580836824,13.45,BHP,核心個股 (壟斷/價值/農糧),2022-03-31
47.74327087402344,43.09398494188909,47.940468184935504,42.99295256619022,10.79,BHP,核心個股 (壟斷/價值/農糧),2022-02-28
42.83803176879883,40.810634490792985,46.852414185576315,40.507537378955305,4.97,BHP,核心個股 (壟斷/價值/農糧),2022-01-31
40.64898681640625,38.02212672940242,41.05985190845281,36.37191767664089,6.91,BHP,核心個股 (壟斷/價值/農糧),2021-12-31
37.84700393676758,36.92423422542946,38.432995793877986,34.94398441113716,2.5,BHP,核心個股 (壟斷/價值/農糧),2021-11-30
36.937705993652344,36.04187859978544,39.37596746521101,35.31443381183691,2.49,BHP,核心個股 (壟斷/價值/農糧),2021-10-31
36.04861068725586,41.104670740610466,42.61576478591068,35.23360395860433,-12.3,BHP,核心個股 (壟斷/價值/農糧),2021-09-30
41.81915283203125,50.39922376767216,50.772273403889024,39.542940704694736,-17.02,BHP,核心個股 (壟斷/價值/農糧),2021-08-31
49.672096252441406,46.29570880893637,50.89872872020912,45.404191888027874,7.29,BHP,核心個股 (壟斷/價值/農糧),2021-07-31
46.04912567138672,48.135646153998024,48.42017382723087,43.336631774902344,-4.33,BHP,核心個股 (壟斷/價值/農糧),2021-06-30
46.85844421386719,46.42848920840913,51.89140624651232,45.35360595035438,0.93,BHP,核心個股 (壟斷/價值/農糧),2021-05-31
46.004859924316406,44.11433481973336,48.12300628729769,43.31765891219852,4.29,BHP,核心個股 (壟斷/價值/農糧),2021-04-30
43.87406921386719,47.47776516148511,50.44319519604944,41.93928538715923,-7.59,BHP,核心個股 (壟斷/價值/農糧),2021-03-31
46.79959487915039,42.43468025892903,49.62323652997701,40.94271168414715,10.29,BHP,核心個股 (壟斷/價值/農糧),2021-02-28
41.17082595825195,41.92297551411628,45.87483019886314,41.047522226713724,-1.79,BHP,核心個股 (壟斷/價值/農糧),2021-01-31
40.28303909301758,35.270781310181405,41.176988451959346,35.25845093771206,14.21,BHP,核心個股 (壟斷/價值/農糧),2020-12-31
34.39533233642578,29.870119093233647,35.71466953934357,29.55569589894358,15.15,BHP,核心個股 (壟斷/價值/農糧),2020-11-30
29.660499572753906,31.97242338594836,32.786231319056455,28.91451867483484,-7.23,BHP,核心個股 (壟斷/價值/農糧),2020-10-31
31.879953384399414,33.93583334327382,34.88237749537168,31.70733075357238,-6.06,BHP,核心個股 (壟斷/價值/農糧),2020-09-30
33.28299331665039,32.327903797095836,35.271745479189995,32.188872363453925,2.95,BHP,核心個股 (壟斷/價值/農糧),2020-08-31
31.94103240966797,29.909958132786024,32.91424867804749,29.643985074174015,6.79,BHP,核心個股 (壟斷/價值/農糧),2020-07-31
30.061086654663086,28.61636260909867,31.95311495798549,28.513600574154967,5.05,BHP,核心個股 (壟斷/價值/農糧),2020-06-30
28.471282958984375,23.472186034702425,28.707029730432467,23.163899932480966,21.3,BHP,核心個股 (壟斷/價值/農糧),2020-05-31
24.59048080444336,21.967014862998866,25.551613422469824,21.5680539869254,11.94,BHP,核心個股 (壟斷/價值/農糧),2020-04-30
22.178586959838867,25.49558022135199,26.91101853919322,18.00158525716202,-13.01,BHP,核心個股 (壟斷/價值/農糧),2020-03-31
25.436847686767578,29.92984752157712,31.12798451081151,25.00223001419702,-15.01,BHP,核心個股 (壟斷/價值/農糧),2020-02-29
30.0179443359375,32.4318316650628,33.34805460917184,29.959211883264068,-7.44,BHP,核心個股 (壟斷/價值/農糧),2020-01-31
32.132301330566406,30.22938857882759,32.76073920395019,29.624437616312687,6.29,BHP,核心個股 (壟斷/價值/農糧),2019-12-31
30.264619827270508,28.9255316935769,30.746224013170234,28.884420227584307,4.63,BHP,核心個股 (壟斷/價值/農糧),2019-11-30
28.7258358001709,29.048868718234065,29.401258989775506,27.51009160921807,-1.11,BHP,核心個股 (壟斷/價值/農糧),2019-10-31
29.001882553100586,27.438482863297995,30.76971651999089,27.438482863297995,5.7,BHP,核心個股 (壟斷/價值/農糧),2019-09-30
27.979175567626953,30.580160363390785,30.944413289409557,26.527851402487606,-8.51,BHP,核心個股 (壟斷/價值/農糧),2019-08-31
31.263141632080078,33.53402667102231,33.590943412792384,30.915961877669478,-6.77,BHP,核心個股 (壟斷/價值/農糧),2019-07-31
33.07302474975586,29.476020975716317,33.28929899341311,29.453255013895568,12.2,BHP,核心個股 (壟斷/價值/農糧),2019-06-30
29.544315338134766,30.221601722368483,30.506174473747688,28.576774864139665,-2.24,BHP,核心個股 (壟斷/價值/農糧),2019-05-31
30.136232376098633,31.99733216385886,32.583551143173906,30.085012170243452,-5.82,BHP,核心個股 (壟斷/價值/農糧),2019-04-30
31.115158081054688,29.546908506939452,31.274519813919515,29.032092120921465,5.31,BHP,核心個股 (壟斷/價值/農糧),2019-03-31
29.485595703125,28.38197564886968,30.505608295175215,28.00296274526503,3.89,BHP,核心個股 (壟斷/價值/農糧),2019-02-28
28.532468795776367,24.927170205072443,28.565912050557063,24.745451893411637,14.46,BHP,核心個股 (壟斷/價值/農糧),2019-01-31
25.80902671813965,25.039401509010183,26.038839644540907,23.473432659578883,3.07,BHP,核心個股 (壟斷/價值/農糧),2018-12-31
23.708600997924805,25.52041531701535,26.24193952789639,23.32913724663991,-7.1,BHP,核心個股 (壟斷/價值/農糧),2018-11-30
24.68132209777832,26.728288668108284,27.171891162058415,23.361202689909334,-7.66,BHP,核心個股 (壟斷/價值/農糧),2018-10-31
26.63743782043457,24.53747085160296,26.861912322572536,23.08328436454703,8.56,BHP,核心個股 (壟斷/價值/農糧),2018-09-30
24.984743118286133,26.716613359487614,26.763419958517797,24.09539897374535,-6.48,BHP,核心個股 (壟斷/價值/農糧),2018-08-31
27.17948341369629,25.348801201654126,27.36671201410649,24.83911402571175,7.22,BHP,核心個股 (壟斷/價值/農糧),2018-07-31
26.009300231933594,26.165334350558915,27.13267682493526,24.495858874140744,-0.6,BHP,核心個股 (壟斷/價值/農糧),2018-06-30
25.88968276977539,24.121404285411003,27.11707562304062,23.76254847699918,7.33,BHP,核心個股 (壟斷/價值/農糧),2018-05-31
24.313833236694336,23.091645499059844,25.296790137294867,22.415536860398227,5.29,BHP,核心個股 (壟斷/價值/農糧),2018-04-30
23.107242584228516,23.29460407077318,23.928973715401717,22.54555424936073,-0.8,BHP,核心個股 (壟斷/價值/農糧),2018-03-31
23.604244232177734,24.751466163679105,25.401211985847088,22.37073189498301,-4.63,BHP,核心個股 (壟斷/價值/農糧),2018-02-28
24.883440017700195,23.731149233860492,25.781930928841497,23.66515948990565,4.86,BHP,核心個股 (壟斷/價值/農糧),2018-01-31
23.345361709594727,21.15244481829203,23.675312609622875,20.59914539421094,10.37,BHP,核心個股 (壟斷/價值/農糧),2017-12-31
21.091533660888672,21.533163127899485,22.233674620485672,20.670211746085464,-2.05,BHP,核心個股 (壟斷/價值/農糧),2017-11-30
20.80219268798828,20.700669861394935,21.89864927989148,20.401174108044025,0.49,BHP,核心個股 (壟斷/價值/農糧),2017-10-31
20.573766708374023,21.844199721105465,22.462102620278916,20.26411963234625,-5.82,BHP,核心個股 (壟斷/價值/農糧),2017-09-30
21.655029296875,20.719136672721078,21.71974699884319,19.748391408419874,4.52,BHP,核心個股 (壟斷/價值/農糧),2017-08-31
20.73904800415039,17.891536377820476,20.79380930470265,17.881579971600594,15.92,BHP,核心個股 (壟斷/價值/農糧),2017-07-31
17.717302322387695,17.4733693437459,17.96123040306123,16.637040071348512,1.4,BHP,核心個股 (壟斷/價值/農糧),2017-06-30
17.468393325805664,17.821844005477814,18.42918079681917,16.61214828483373,-1.98,BHP,核心個股 (壟斷/價值/農糧),2017-05-31
17.72228240966797,18.165337572133105,19.1659442394023,17.239397219501395,-2.44,BHP,核心個股 (壟斷/價值/農糧),2017-04-30
18.080705642700195,18.79826197244065,19.185862648665783,17.513195649354625,-3.82,BHP,核心個股 (壟斷/價值/農糧),2017-03-31
18.43273162841797,20.226286142733926,20.31401523649587,18.286516444543025,-8.87,BHP,核心個股 (壟斷/價值/農糧),2017-02-28
20.123937606811523,18.013576950694265,20.367624414772084,17.842999548527974,11.72,BHP,核心個股 (壟斷/價值/農糧),2017-01-31
17.43846893310547,18.393736325376533,19.592695348099326,17.18990492373563,-5.19,BHP,核心個股 (壟斷/價值/農糧),2016-12-31
18.2962589263916,17.302003435880714,19.066321344670925,16.400352103734964,5.75,BHP,核心個股 (壟斷/價值/農糧),2016-11-30
17.06806182861328,16.960841221773382,17.623672140874273,16.234641653720747,0.63,BHP,核心個股 (壟斷/價值/農糧),2016-10-31
18.7549991607666,18.579999923706055,18.829999923706055,18.463600158691406,0.94,NOV,核心個股 (壟斷/價值/農糧),2026-10-31
18.729999542236328,21.488903230741915,21.83742635646122,18.520000457763672,-12.84,NOV,核心個股 (壟斷/價值/農糧),2026-09-30
21.20012855529785,18.88991881399769,21.588481624414186,18.860046672408412,12.23,NOV,核心個股 (壟斷/價值/農糧),2026-08-31
19.347978591918945,18.392030938617435,21.110507398963403,17.65515479204683,5.2,NOV,核心個股 (壟斷/價值/農糧),2026-07-31
18.47169303894043,19.781127732494497,21.367584632712866,17.914056336663712,-6.62,NOV,核心個股 (壟斷/價值/農糧),2026-06-30
19.701805114746094,19.98805239638276,21.103434291780133,18.892410329812172,-1.43,NOV,核心個股 (壟斷/價值/農糧),2026-05-31
20.195337295532227,18.42849349975586,20.659257845149384,18.112631345518007,9.59,NOV,核心個股 (壟斷/價值/農糧),2026-04-30
18.566680908203125,20.294706115097803,20.324176353394925,17.589485490307194,-8.51,NOV,核心個股 (壟斷/價值/農糧),2026-03-31
19.901779174804688,17.671915632237603,20.4911706475098,17.387044144123724,12.62,NOV,核心個股 (壟斷/價值/農糧),2026-02-28
18.02555274963379,15.442052476470721,18.880168750747394,15.324174327711372,16.73,NOV,核心個股 (壟斷/價值/農糧),2026-01-31
15.353643417358398,14.999435577724519,16.660126874683424,14.696318473903084,2.36,NOV,核心個股 (壟斷/價值/農糧),2025-12-31
15.01899242401123,14.246530681851787,15.644783355763016,13.982525485502771,5.42,NOV,核心個股 (壟斷/價值/農糧),2025-11-30
14.27586555480957,12.887390709494065,15.282998547230973,12.017149543373762,10.77,NOV,核心個股 (壟斷/價值/農糧),2025-10-31
12.95583724975586,12.795325854640073,13.337178486879814,12.11492985160195,1.25,NOV,核心個股 (壟斷/價值/農糧),2025-09-30
12.921724319458008,12.192506487088034,12.980062083458323,11.4535672119851,5.98,NOV,核心個股 (壟斷/價值/農糧),2025-08-31
12.23139762878418,12.134169590326824,13.845398382348264,11.939711922644785,0.8,NOV,核心個股 (壟斷/價值/農糧),2025-07-31
12.085555076599121,11.660080739207189,13.67038650855899,11.263675906912889,3.65,NOV,核心個股 (壟斷/價值/農糧),2025-06-30
11.399032592773438,10.990568274192764,12.776416023380545,10.971570355355965,3.72,NOV,核心個股 (壟斷/價值/農糧),2025-05-31
11.028565406799316,14.381782084350455,14.704753965245114,10.297125430544181,-23.32,NOV,核心個股 (壟斷/價值/農糧),2025-04-30
14.45777416229248,14.229095340749744,14.932733678265027,13.01971548809874,1.61,NOV,核心個股 (壟斷/價值/農糧),2025-03-31
14.096818923950195,13.444887362603518,15.740817851821577,13.18978491511076,4.85,NOV,核心個股 (壟斷/價值/農糧),2025-02-28
13.652750015258789,13.9361985548655,14.966059711943323,13.407094153193249,-2.03,NOV,核心個股 (壟斷/價值/農糧),2025-01-31
13.794474601745605,15.063545174473933,15.599513400022087,13.180337529057452,-8.42,NOV,核心個股 (壟斷/價值/農糧),2024-12-31
15.063547134399414,14.678024592529225,15.853394260417216,14.226682809037648,2.63,NOV,核心個股 (壟斷/價值/農糧),2024-11-30
14.583992958068848,14.95070865103131,15.693542772341997,14.095040407183866,-2.45,NOV,核心個股 (壟斷/價值/農糧),2024-10-31
15.016531944274902,16.26574416631439,16.396769792889053,14.478195714347086,-7.68,NOV,核心個股 (壟斷/價值/農糧),2024-09-30
16.630741119384766,19.382253321697142,19.438407926631342,16.31253689884082,-14.2,NOV,核心個股 (壟斷/價值/農糧),2024-08-31
19.485198974609375,17.86611028935337,19.840837616843846,16.462281095677813,9.06,NOV,核心個股 (壟斷/價值/農糧),2024-07-31
17.791240692138672,17.530300222920552,17.931623610858818,15.983239522870475,1.49,NOV,核心個股 (壟斷/價值/農糧),2024-06-30
17.539623260498047,17.166836197782544,18.061524366118142,16.747456949656538,2.17,NOV,核心個股 (壟斷/價值/農糧),2024-05-31
17.232074737548828,18.303833348941883,19.32899897049788,16.96180307442311,-5.86,NOV,核心個股 (壟斷/價值/農糧),2024-04-30
18.191999435424805,15.910688011034084,18.46226898815745,15.613289929912208,14.34,NOV,核心個股 (壟斷/價值/農糧),2024-03-31
15.706220626831055,18.29914949696417,18.587247935284378,15.585407829347488,-14.17,NOV,核心個股 (壟斷/價值/農糧),2024-02-29
18.131860733032227,19.024050452120964,19.730366531910434,17.518481601021502,-4.69,NOV,核心個股 (壟斷/價值/農糧),2024-01-31
18.847475051879883,17.4059530841724,19.479439760448365,16.97033725309819,8.28,NOV,核心個股 (壟斷/價值/農糧),2023-12-31
17.44301986694336,18.638635265431603,19.324496176803347,16.951799975296197,-6.41,NOV,核心個股 (壟斷/價值/農糧),2023-11-30
18.499614715576172,19.343030582832974,19.954743264348302,17.02594512704239,-4.36,NOV,核心個股 (壟斷/價值/農糧),2023-10-31
19.370840072631836,19.896707225165542,20.257285745261363,18.72205352783203,-2.64,NOV,核心個股 (壟斷/價值/農糧),2023-09-30
19.53612518310547,18.4728739521446,19.61009056816153,18.177010163873916,5.76,NOV,核心個股 (壟斷/價值/農糧),2023-08-31
18.565330505371094,14.793091759314905,18.787226675139593,14.534213517148773,25.5,NOV,核心個股 (壟斷/價值/農糧),2023-07-31
14.830074310302734,13.040245859331453,15.162917652722864,13.031030805576227,13.73,NOV,核心個股 (壟斷/價值/農糧),2023-06-30
12.966520309448242,15.19672263088159,15.528489125629685,12.948089322839984,-14.68,NOV,核心個股 (壟斷/價值/農糧),2023-05-31
15.436333656311035,18.02595393742389,18.228700971107433,14.938684613513345,-14.37,NOV,核心個股 (壟斷/價值/農糧),2023-04-30
17.05830192565918,20.00702285023812,21.403926079244997,15.473198106806418,-14.74,NOV,核心個股 (壟斷/價值/農糧),2023-03-31
20.108112335205078,22.322948117775617,22.488369885767796,19.27180690780541,-9.92,NOV,核心個股 (壟斷/價值/農糧),2023-02-28
22.460796356201172,18.91339066432132,22.819213938216944,17.93004336978633,18.76,NOV,核心個股 (壟斷/價值/農糧),2023-01-31
19.198287963867188,20.902073672935995,21.19543758907167,17.626764107093848,-8.15,NOV,核心個股 (壟斷/價值/農糧),2022-12-31
20.590375900268555,20.874575424236053,22.23137419127902,19.29774757149412,-1.36,NOV,核心個股 (壟斷/價值/農糧),2022-11-30
20.535367965698242,15.502371414082567,21.222942974965207,15.346522546731192,32.47,NOV,核心個股 (壟斷/價值/農糧),2022-10-31
14.833142280578613,15.89800838240365,16.437388463180366,13.402995430992837,-6.7,NOV,核心個股 (壟斷/價值/農糧),2022-09-30
16.153987884521484,16.702507737661794,17.525294539955247,15.54147098601866,-3.28,NOV,核心個股 (壟斷/價值/農糧),2022-08-31
17.013336181640625,15.651173492099334,17.04076118435302,12.780571660281135,8.7,NOV,核心個股 (壟斷/價值/農糧),2022-07-31
15.459192276000977,18.46909389939075,19.946623786765144,14.069601386408303,-16.3,NOV,核心個股 (壟斷/價值/農糧),2022-06-30
18.241079330444336,16.53554052564791,18.724468558958872,15.176580178367336,10.31,NOV,核心個股 (壟斷/價值/農糧),2022-05-31
16.535539627075195,18.149877263870856,19.51795310452986,15.869742823111554,-8.89,NOV,核心個股 (壟斷/價值/農糧),2022-04-30
17.8853816986084,15.786711250653415,21.892116394932604,14.321776715197064,13.29,NOV,核心個股 (壟斷/價值/農糧),2022-03-31
15.60473346710205,14.895015576323441,16.123372156657773,13.930520816190773,4.76,NOV,核心個股 (壟斷/價值/農糧),2022-02-28
14.940507888793945,12.465586890518573,15.650226559888303,12.392795210658967,19.85,NOV,核心個股 (壟斷/價值/農糧),2022-01-31
12.3291015625,11.144026000554723,12.702161634159069,10.427418086192736,10.63,NOV,核心個股 (壟斷/價值/農糧),2021-12-31
10.799739837646484,12.865460840845692,13.943624654660102,10.745378351248622,-16.06,NOV,核心個股 (壟斷/價值/農糧),2021-11-30
12.70237922668457,11.932263790644024,14.360391281793481,11.841661594444373,6.45,NOV,核心個股 (壟斷/價值/農糧),2021-10-31
11.877902030944824,11.94132005578102,13.028542885227417,11.09872569886217,-0.53,NOV,核心個股 (壟斷/價值/農糧),2021-09-30
11.932262420654297,12.51211348023077,13.1916272257078,10.727257940890219,-4.63,NOV,核心個股 (壟斷/價值/農糧),2021-08-31
12.512113571166992,14.26979150082297,14.432875108755853,11.732939295665629,-12.32,NOV,核心個股 (壟斷/價值/農糧),2021-07-31
13.88020133972168,15.021782662037738,16.15431060858501,13.255050870321165,-7.6,NOV,核心個股 (壟斷/價值/農糧),2021-06-30
14.605013847351074,13.762418095958346,16.32644964512764,13.762418095958346,6.12,NOV,核心個股 (壟斷/價值/農糧),2021-05-31
13.544975280761719,12.475874488866689,13.988922725008228,11.216507265218011,8.57,NOV,核心個股 (壟斷/價值/農糧),2021-04-30
12.430569648742676,13.943625149003786,15.855321928068431,11.651394370344548,-10.85,NOV,核心個股 (壟斷/價值/農糧),2021-03-31
13.680876731872559,11.379591586851172,14.496295559790827,11.153086984807567,20.22,NOV,核心個股 (壟斷/價值/農糧),2021-02-28
11.216507911682129,12.521172856859373,14.704678800808097,10.97188364612341,-10.42,NOV,核心個股 (壟斷/價值/農糧),2021-01-31
12.439632415771484,11.633275409584668,13.590273861959478,11.243687000022344,6.93,NOV,核心個股 (壟斷/價值/農糧),2020-12-31
11.107787132263184,7.782699787251336,12.820157029035986,7.547134747663491,42.72,NOV,核心個股 (壟斷/價值/農糧),2020-11-30
7.61055326461792,8.05450409040425,8.516570187421134,6.976342435732354,-5.51,NOV,核心個股 (壟斷/價值/農糧),2020-10-31
8.208528518676758,10.736316823969135,11.32522971302436,8.117926317224814,-23.54,NOV,核心個股 (壟斷/價值/農糧),2020-09-30
10.872220039367676,10.428271999775266,12.113468226343231,10.328609422705203,4.26,NOV,核心個股 (壟斷/價值/農糧),2020-08-31
10.42827320098877,11.234629158382722,12.022864177338779,9.730636571950825,-7.18,NOV,核心個股 (壟斷/價值/農糧),2020-07-31
11.098726272583008,11.37053169365281,14.976486692580606,9.920902824079247,-2.39,NOV,核心個股 (壟斷/價值/農糧),2020-06-30
11.298048973083496,11.198387242466199,12.176885729424422,9.775939162204113,0.89,NOV,核心個股 (壟斷/價值/農糧),2020-05-31
11.452072143554688,8.579995539859867,11.896020923361078,8.054504872679734,33.47,NOV,核心個股 (壟斷/價值/農糧),2020-04-30
8.906158447265625,17.159273678721313,18.051948461527886,7.248146161900116,-48.1,NOV,核心個股 (壟斷/價值/農糧),2020-03-31
16.870725631713867,18.601983297942525,22.31696960879002,16.23953967698087,-9.31,NOV,核心個股 (壟斷/價值/農糧),2020-02-29
18.58395004272461,22.587479380607448,23.272769532604993,18.304418117901005,-17.72,NOV,核心個股 (壟斷/價值/農糧),2020-01-31
22.587474822998047,20.432506115147234,23.029312545670592,19.820700254982903,10.55,NOV,核心個股 (壟斷/價值/農糧),2019-12-31
20.28855323791504,20.56746062726317,22.024999670676895,18.858006589943905,-1.36,NOV,核心個股 (壟斷/價值/農糧),2019-11-30
20.351531982421875,19.208899477573745,22.03399471698668,17.91330920886427,5.95,NOV,核心個股 (壟斷/價值/農糧),2019-10-31
19.07393455505371,17.876042641997714,22.456862337107243,17.615669227830484,6.7,NOV,核心個股 (壟斷/價值/農糧),2019-09-30
18.342927932739258,21.08134415755742,21.08134415755742,16.20606010808384,-12.99,NOV,核心個股 (壟斷/價值/農糧),2019-08-31
21.386613845825195,20.42592408597844,22.347305306007232,17.68750463516672,4.7,NOV,核心個股 (壟斷/價值/農糧),2019-07-31
19.95904541015625,18.817756934628303,19.95904541015625,17.57078496712711,6.06,NOV,核心個股 (壟斷/價值/農糧),2019-06-30
18.674457550048828,23.33186837595995,23.493086938378145,18.25349746928585,-19.96,NOV,核心個股 (壟斷/價值/農糧),2019-05-31
23.4124755859375,24.003615380828553,26.305447996957685,22.785515315242662,-2.46,NOV,核心個股 (壟斷/價值/農糧),2019-04-30
23.86031150817871,25.255634214269115,26.06917645393512,22.904398025549597,-5.52,NOV,核心個股 (壟斷/價值/農糧),2019-03-31
25.15729522705078,26.51617817077585,29.171371870416667,24.65665300255643,-5.12,NOV,核心個股 (壟斷/價值/農糧),2019-02-28
26.355257034301758,22.59149657817166,27.329720316576612,22.448455979048596,16.66,NOV,核心個股 (壟斷/價值/農糧),2019-01-31
22.975921630859375,29.45559433805201,29.785853078752318,21.697493755496943,-22.0,NOV,核心個股 (壟斷/價值/農糧),2018-12-31
28.66118621826172,33.02596491418707,33.588300824635006,27.938186367890918,-13.22,NOV,核心個股 (壟斷/價值/農糧),2018-11-30
32.84745407104492,38.720712730112844,41.6305809876204,29.15211652020017,-15.17,NOV,核心個股 (壟斷/價值/農糧),2018-10-31
38.452938079833984,41.94069053786129,42.01201647286105,38.06018990289747,-8.32,NOV,核心個股 (壟斷/價值/農糧),2018-09-30
41.96743392944336,42.93928575131036,43.527739283985625,38.6596231788482,-2.26,NOV,核心個股 (壟斷/價值/農糧),2018-08-31
43.34941482543945,38.25839700133299,43.7595517430679,37.429214131985745,13.31,NOV,核心個股 (壟斷/價值/農糧),2018-07-31
38.69528579711914,37.15343130127795,39.078672527916915,36.68918868923538,4.15,NOV,核心個股 (壟斷/價值/農糧),2018-06-30
36.88628005981445,34.268073174101204,40.145651701254764,33.52001328398784,7.64,NOV,核心個股 (壟斷/價值/農糧),2018-05-31
34.43727493286133,32.61166875917753,36.85064635848147,31.26695094036081,5.6,NOV,核心個股 (壟斷/價值/農糧),2018-04-30
32.780879974365234,31.073939449292066,34.13450177794541,30.931643348382114,5.49,NOV,核心個股 (壟斷/價值/農糧),2018-03-31
31.20734977722168,32.72814432685449,33.37737070925038,28.254702186901437,-4.65,NOV,核心個股 (壟斷/價值/農糧),2018-02-28
32.62141036987305,32.132277775882145,34.95151995475593,31.794323180951725,1.52,NOV,核心個股 (壟斷/價值/農糧),2018-01-31
32.034454345703125,30.014141252304796,32.132283592941434,28.45036095818835,6.73,NOV,核心個股 (壟斷/價值/農糧),2017-12-31
29.792133331298828,30.62685688477327,31.816759105975176,27.945114188014667,-2.73,NOV,核心個股 (壟斷/價值/農糧),2017-11-30
30.36045265197754,31.381637851469673,32.163082584460746,28.42462878064442,-3.25,NOV,核心個股 (壟斷/價值/農糧),2017-10-31
31.72795867919922,27.221084077850414,32.39395098011387,27.03488034779383,16.56,NOV,核心個股 (壟斷/價值/農糧),2017-09-30
27.19447898864746,28.843708249533467,29.44664899131128,26.51173695245567,-5.72,NOV,核心個股 (壟斷/價值/農糧),2017-08-31
29.003311157226562,29.411182577134884,31.335285228321844,28.027963139990735,-1.39,NOV,核心個股 (壟斷/價值/農糧),2017-07-31
29.207242965698242,29.032125585333468,30.820627566712968,27.832887775470912,0.6,NOV,核心個股 (壟斷/價值/農糧),2017-06-30
28.925865173339844,30.87373854174771,31.316442716893707,28.430045926778643,-6.31,NOV,核心個股 (壟斷/價值/農糧),2017-05-31
30.962289810180664,35.57518979470424,35.708000464492855,30.21854750076987,-12.97,NOV,核心個股 (壟斷/價值/農糧),2017-04-30
35.49550247192383,36.15588284189671,37.04893883912164,32.22108944770688,-1.83,NOV,核心個股 (壟斷/價值/農糧),2017-03-31
35.74028396606445,33.76847498877148,36.73062060411576,32.946148178596744,5.84,NOV,核心個股 (壟斷/價值/農糧),2017-02-28
33.43246841430664,33.706575349238385,35.31587375576977,32.55709864356918,-0.81,NOV,核心個股 (壟斷/價值/農糧),2017-01-31
33.10531234741211,33.582799725090695,38.57866230504866,32.999206517628046,-1.42,NOV,核心個股 (壟斷/價值/農糧),2016-12-31
33.03456497192383,28.633916499992655,33.52088684650514,27.397793059918143,15.37,NOV,核心個股 (壟斷/價值/農糧),2016-11-30
28.342538833618164,31.79485636725705,33.375335481358086,28.218927047748686,-10.86,NOV,核心個股 (壟斷/價值/農糧),2016-10-31
78.7249984741211,79.12000274658203,79.27490234375,78.15010070800781,-0.5,ADM,核心個股 (壟斷/價值/農糧),2026-10-31
79.37999725341797,82.9000015258789,88.75,78.5199966430664,-4.25,ADM,核心個股 (壟斷/價值/農糧),2026-09-30
81.29000091552734,78.40239421017658,83.83999633789062,75.29212838331529,3.68,ADM,核心個股 (壟斷/價值/農糧),2026-08-31
78.77005767822266,75.80884955734571,87.90209788149791,74.80521737646696,3.91,ADM,核心個股 (壟斷/價值/農糧),2026-07-31
75.91815948486328,79.21721872249189,84.83159200442299,71.16830607308468,-4.16,ADM,核心個股 (壟斷/價值/農糧),2026-06-30
79.27684020996094,73.68345587347615,82.03502847832888,73.11088701395683,7.59,ADM,核心個股 (壟斷/價值/農糧),2026-05-31
73.5847396850586,72.38036526658426,74.80884645853332,65.21340308229458,1.66,ADM,核心個股 (壟斷/價值/農糧),2026-04-30
71.7584457397461,68.60932749096277,73.23922501361685,64.23609711862308,4.59,ADM,核心個股 (壟斷/價值/農糧),2026-03-31
68.15522003173828,65.82292903836124,68.67413979332908,61.139489199152145,3.54,ADM,核心個股 (壟斷/價值/農糧),2026-02-28
65.9502944946289,56.27968089694696,68.34100981712885,56.05432746461791,17.18,ADM,核心個股 (壟斷/價值/農糧),2026-01-31
56.32867431640625,59.640390771780346,60.13029049100426,56.01513768191031,-5.55,ADM,核心個股 (壟斷/價值/農糧),2025-12-31
59.513023376464844,58.39385831496667,60.14276713305244,54.00217650937494,1.92,ADM,核心個股 (壟斷/價值/農糧),2025-11-30
58.8116569519043,58.364714460706786,63.154762406989036,56.518650750099106,0.77,ADM,核心個股 (壟斷/價值/農糧),2025-10-31
58.04408645629883,60.77431525213724,61.454442104804244,56.80042095632771,-4.49,ADM,核心個股 (壟斷/價值/農糧),2025-09-30
60.86175537109375,52.16526986171634,62.552356347103085,51.018883956955264,16.67,ADM,核心個股 (壟斷/價值/農糧),2025-08-31
52.19417190551758,50.7491513623753,54.32316443478811,50.315638745231446,2.85,ADM,核心個股 (壟斷/價值/農糧),2025-07-31
50.845481872558594,46.50078423044084,53.03228113786452,45.09430076289111,9.34,ADM,核心個股 (壟斷/價值/農糧),2025-06-30
46.50078582763672,45.26515331654276,48.99354025920257,44.91232895791149,2.73,ADM,核心個股 (壟斷/價值/農糧),2025-05-31
45.532142639160156,46.075670808500426,46.84804623296106,39.07658784378238,-1.18,ADM,核心個股 (壟斷/價值/農糧),2025-04-30
45.78006362915039,45.12211176707787,49.92802131719201,43.205475433488886,1.46,ADM,核心個股 (壟斷/價值/農糧),2025-03-31
45.007686614990234,47.9800243545258,48.112044283455404,42.359716898696,-6.19,ADM,核心個股 (壟斷/價值/農糧),2025-02-28
48.31007766723633,48.11204918231773,49.54541646152017,45.64137795373797,0.41,ADM,核心個股 (壟斷/價值/農糧),2025-01-31
47.64054489135742,51.129654130362354,51.450275484377585,46.44292528565463,-6.82,ADM,核心個股 (壟斷/價值/農糧),2024-12-31
51.487998962402344,51.810392188398794,52.08130927127832,45.70075692415412,-0.62,ADM,核心個股 (壟斷/價值/農糧),2024-11-30
51.57683563232422,55.117436851603216,56.051630696545644,51.474073750533975,-6.42,ADM,核心個股 (壟斷/價值/農糧),2024-10-31
55.808746337890625,56.47201761721657,58.489879202952785,54.28600728172627,-1.17,ADM,核心個股 (壟斷/價值/農糧),2024-09-30
56.976478576660156,57.716403745699246,58.04986097483113,52.686704984486326,-1.28,ADM,核心個股 (壟斷/價值/農糧),2024-08-31
57.438507080078125,56.33624024757532,61.208468672940676,54.68746927576745,1.96,ADM,核心個股 (壟斷/價值/農糧),2024-07-31
55.9935188293457,57.475564973388,58.17027366412228,54.15022556274706,-2.58,ADM,核心個股 (壟斷/價值/農糧),2024-06-30
57.83681106567383,53.793880457848616,58.51634970112614,53.509064542792856,7.52,ADM,核心個股 (壟斷/價值/農糧),2024-05-31
53.89494705200195,57.97427438986077,58.88385839480377,52.700548991462036,-7.04,ADM,核心個股 (壟斷/價值/農糧),2024-04-30
57.70783615112305,50.20149720579491,58.26828185032179,48.59365766546682,14.95,ADM,核心個股 (壟斷/價值/農糧),2024-03-31
48.79578399658203,50.67775653943089,51.72443379210077,48.033201985472786,-3.71,ADM,核心個股 (壟斷/價值/農糧),2024-02-29
50.58673858642578,65.85013547054301,67.37010889425635,46.163351243737424,-23.18,ADM,核心個股 (壟斷/價值/農糧),2024-01-31
65.73180389404297,67.13345749699401,70.40093898751505,63.7658738444211,-2.09,ADM,核心個股 (壟斷/價值/農糧),2023-12-31
67.10614776611328,64.99214983634339,68.56241879213125,64.33182876684117,3.25,ADM,核心個股 (壟斷/價值/農糧),2023-11-30
64.73887634277344,67.66058875146912,68.80031564211903,62.69458878521733,-4.32,ADM,核心個股 (壟斷/價值/農糧),2023-10-31
68.2214126586914,72.21953230122786,73.24167385056573,67.7691359793293,-5.54,ADM,核心個股 (壟斷/價值/農糧),2023-09-30
71.7310791015625,75.96682909415964,78.540152706535,71.70393670569156,-5.58,ADM,核心個股 (壟斷/價值/農糧),2023-08-31
76.4437026977539,68.10291349117848,78.54912997912932,68.0129318978817,12.25,ADM,核心個股 (壟斷/價值/農糧),2023-07-31
67.9859390258789,63.85605894710096,68.3818436995082,62.911306860100524,6.47,ADM,核心個股 (壟斷/價值/農糧),2023-06-30
63.568119049072266,69.98082068703025,70.35648979827322,63.28918845784431,-9.16,ADM,核心個股 (壟斷/價值/農糧),2023-05-31
69.83769226074219,71.19725577198157,74.19360920464666,67.32432437957995,-1.91,ADM,核心個股 (壟斷/價值/農糧),2023-04-30
71.25091552734375,71.23301293116754,72.825106208037,66.17051035523521,0.03,ADM,核心個股 (壟斷/價值/農糧),2023-03-31
71.19725799560547,73.6029051377446,77.04686846693234,70.61587197522026,-3.27,ADM,核心個股 (壟斷/價值/農糧),2023-02-28
73.70073699951172,82.50747787028838,82.59643336237042,72.15288995908664,-10.67,ADM,核心個股 (壟斷/價值/農糧),2023-01-31
82.59642791748047,86.91084207862079,87.0887598555394,79.91882523678628,-4.96,ADM,核心個股 (壟斷/價值/農糧),2022-12-31
86.73291778564453,86.2409342289799,87.28444758494517,81.26277171523115,0.57,ADM,核心個股 (壟斷/價值/農糧),2022-11-30
85.90434265136719,72.06822573192753,86.6661196069938,71.67847407224244,19.2,ADM,核心個股 (壟斷/價值/農糧),2022-10-31
71.26215362548828,77.17040103783734,81.72338365157727,71.00526494980438,-7.66,ADM,核心個股 (壟斷/價值/農糧),2022-09-30
77.85245513916016,73.08249298896764,80.99702416686306,71.75116229081301,6.53,ADM,核心個股 (壟斷/價值/農糧),2022-08-31
72.97669982910156,68.33904874139225,73.03841720163385,61.73528675721513,6.79,ADM,核心個股 (壟斷/價值/農糧),2022-07-31
68.41840362548828,80.13593773216577,80.41807521473754,63.084242036832514,-14.62,ADM,核心個股 (壟斷/價值/農糧),2022-06-30
80.07422637939453,79.17148017042545,80.94708823058342,71.8128756016503,1.14,ADM,核心個股 (壟斷/價值/農糧),2022-05-31
78.60100555419922,79.56640321921763,86.78058571611554,77.89890934652988,-1.21,ADM,核心個股 (壟斷/價值/農糧),2022-04-30
79.21533966064453,69.0084634179043,82.05890335020113,68.03428766833096,14.79,ADM,核心個股 (壟斷/價值/農糧),2022-03-31
68.85050964355469,65.64946999545606,69.38582523131325,64.37455323142551,4.88,ADM,核心個股 (壟斷/價值/農糧),2022-02-28
65.4748764038086,59.014697675987556,66.3129587607334,57.303619931080725,10.95,ADM,核心個股 (壟斷/價值/農糧),2022-01-31
59.00595474243164,55.26079869136802,59.15436952252194,53.95130107626345,6.78,ADM,核心個股 (壟斷/價值/農糧),2021-12-31
54.30923080444336,56.00589078522064,58.473432780629324,54.30050228555902,-3.03,ADM,核心個股 (壟斷/價值/農糧),2021-11-30
55.771484375,52.32483824988189,57.97664055454892,51.58688849151714,6.59,ADM,核心個股 (壟斷/價值/農糧),2021-10-31
52.09910583496094,52.27274487732641,54.920673837463255,50.73607321211964,-0.33,ADM,核心個股 (壟斷/價值/農糧),2021-09-30
52.090423583984375,51.72251309749855,54.32163180797586,50.49698746053408,0.71,ADM,核心個股 (壟斷/價值/農糧),2021-08-31
51.54127883911133,52.64597968854326,52.87900327240102,49.116109965450846,-2.1,ADM,核心個股 (壟斷/價值/農糧),2021-07-31
52.30076599121094,57.95372621836718,59.80928968771438,51.93828700599897,-9.75,ADM,核心個股 (壟斷/價值/農糧),2021-06-30
57.418636322021484,54.81282236706474,58.94997222281499,54.684071867312056,4.75,ADM,核心個股 (壟斷/價值/農糧),2021-05-31
54.186248779296875,49.03627407743084,54.84715618238897,48.97619138608545,10.5,ADM,核心個股 (壟斷/價值/農糧),2021-04-30
48.9246826171875,49.09635084166912,50.74434527150786,47.156533371361014,-0.35,ADM,核心個股 (壟斷/價值/農糧),2021-03-31
48.5641975402832,43.027610778808594,50.366694709271464,42.77190058619299,12.87,ADM,核心個股 (壟斷/價值/農糧),2021-02-28
42.62699508666992,42.959425603348045,46.01943868082931,42.00476553666947,-0.77,ADM,核心個股 (壟斷/價值/農糧),2021-01-31
42.96794891357422,42.78043000518519,43.18956310181271,41.3995880558606,0.44,ADM,核心個股 (壟斷/價值/農糧),2020-12-31
42.422428131103516,39.90077907000713,43.4888893671347,39.316868494626306,6.32,ADM,核心個股 (壟斷/價值/農糧),2020-11-30
39.13069534301758,39.4861248013931,44.047413806629066,38.65679304339619,-0.9,ADM,核心個股 (壟斷/價值/農糧),2020-10-31
39.342262268066406,37.67513851931413,41.09399846848072,37.59051138443676,4.42,ADM,核心個股 (壟斷/價值/農糧),2020-09-30
37.87824630737305,36.06854565766875,38.05596171931027,35.64885254452301,5.02,ADM,核心個股 (壟斷/價值/農糧),2020-08-31
35.9510383605957,33.65949567474431,36.59736759865458,31.51066734064889,6.81,ADM,核心個股 (壟斷/價值/農糧),2020-07-31
33.49161911010742,32.803319097522454,36.02656919155931,31.93035757305363,2.1,ADM,核心個股 (壟斷/價值/農糧),2020-06-30
32.99639129638672,30.46256243636249,33.29855694762395,27.429602932617136,8.32,ADM,核心個股 (壟斷/價值/農糧),2020-05-31
30.861412048339844,28.002956855495874,32.16600031689115,27.853385915860862,10.21,ADM,核心個股 (壟斷/價值/農糧),2020-04-30
29.232759475708008,31.733911170723086,32.90555653330434,24.03102180684575,-7.88,ADM,核心個股 (壟斷/價值/農糧),2020-03-31
31.285192489624023,37.07606788631514,38.36487653614262,29.731317495947547,-15.62,ADM,核心個股 (壟斷/價值/農糧),2020-02-29
36.90292739868164,38.39520107356914,38.45291317095966,35.47659802821206,-3.89,ADM,核心個股 (壟斷/價值/農糧),2020-01-31
38.21382141113281,35.41065030040793,38.91461134084329,35.08085995321556,7.92,ADM,核心個股 (壟斷/價值/農糧),2019-12-31
35.394161224365234,34.56687748588943,35.801699806484265,34.354257143050106,2.39,ADM,核心個股 (壟斷/價值/農糧),2019-11-30
34.37879180908203,33.70003744179604,34.485098859835645,31.39395836969958,2.01,ADM,核心個股 (壟斷/價值/農糧),2019-10-31
33.5855598449707,30.81334652414705,35.163840285502566,30.559838571365386,9.0,ADM,核心個股 (壟斷/價值/農糧),2019-09-30
31.115917205810547,33.31242885480607,34.10635312223051,29.529145371723217,-6.59,ADM,核心個股 (壟斷/價值/農糧),2019-08-31
33.280033111572266,33.49877109018774,34.21978055139815,32.10534724523667,-0.65,ADM,核心個股 (壟斷/價值/農糧),2019-07-31
33.05318832397461,31.116984098334417,33.798513442198406,31.116984098334417,6.22,ADM,核心個股 (壟斷/價值/農糧),2019-06-30
31.044071197509766,35.692382029401905,36.053804163530955,30.598501896626136,-13.02,ADM,核心個股 (壟斷/價值/農糧),2019-05-31
35.82088088989258,34.71252269013925,35.85300797687943,32.439591902252964,3.19,ADM,核心個股 (壟斷/價值/農糧),2019-04-30
34.6402473449707,34.24668458554087,35.19441817258583,33.39535224187174,1.15,ADM,核心個股 (壟斷/價值/農糧),2019-03-31
34.134246826171875,35.87453891205537,35.94622438964141,32.752238536782315,-4.85,ADM,核心個股 (壟斷/價值/農糧),2019-02-28
35.76302719116211,32.314156645035176,35.87453725371428,32.178751807993656,10.67,ADM,核心個股 (壟斷/價值/農糧),2019-01-31
32.632755279541016,37.56313148429675,37.56313148429675,31.1910981361397,-13.13,ADM,核心個股 (壟斷/價值/農糧),2018-12-31
36.65510559082031,37.45357250572123,38.90049136402922,35.75506250488405,-2.13,ADM,核心個股 (壟斷/價值/農糧),2018-11-30
37.35868453979492,39.97576597561004,41.16966415963728,36.48896331893665,-6.55,ADM,核心個股 (壟斷/價值/農糧),2018-10-31
39.74648666381836,39.77020707686853,40.02320774800907,38.592123381856545,-0.06,ADM,核心個股 (壟斷/價值/農糧),2018-09-30
39.849273681640625,37.964116970251816,40.41063852113807,37.73636296438074,4.97,ADM,核心個股 (壟斷/價值/農糧),2018-08-31
37.90129470825195,35.96146425466687,38.93011256660575,35.31747235415002,5.39,ADM,核心個股 (壟斷/價值/農糧),2018-07-31
35.99288558959961,34.43002938906281,36.746833332294045,34.27295748847264,4.54,ADM,核心個股 (壟斷/價值/農糧),2018-06-30
34.335777282714844,35.54210012524799,35.91435674109929,33.78838195744259,-3.39,ADM,核心個股 (壟斷/價值/農糧),2018-05-31
35.370635986328125,33.772793309954686,36.048735000274995,32.665998214946974,4.73,ADM,核心個股 (壟斷/價值/農糧),2018-04-30
33.80397033691406,32.346427362615415,35.06665569272869,31.94891835869904,4.51,ADM,核心個股 (壟斷/價值/農糧),2018-03-31
32.362022399902344,33.077798320434006,33.85073423318373,31.090190878046823,-2.16,ADM,核心個股 (壟斷/價值/農糧),2018-02-28
33.21700668334961,31.090188634925777,33.78930887589565,30.37868190432312,6.84,ADM,核心個股 (壟斷/價值/農糧),2018-01-31
30.99738883972168,30.90458109911641,32.66016670998309,30.564286064733842,0.3,ADM,核心個股 (壟斷/價值/農糧),2017-12-31
30.842702865600586,31.430879377142936,31.538282447628816,29.84504234110873,-1.87,ADM,核心個股 (壟斷/價值/農糧),2017-11-30
31.354156494140625,32.619993027893656,34.07761470945579,30.64836331290004,-3.88,ADM,核心個股 (壟斷/價值/農糧),2017-10-31
32.61231231689453,31.737734272816493,33.954864827188594,31.699376464244054,2.76,ADM,核心個股 (壟斷/價值/農糧),2017-09-30
31.69938850402832,32.72135641335662,33.261889995106806,31.320550059221638,-3.12,ADM,核心個股 (壟斷/價值/農糧),2017-08-31
32.1123161315918,31.579389877738343,32.492974214797776,30.620131876940423,1.69,ADM,核心個股 (壟斷/價值/農糧),2017-07-31
31.50326156616211,31.252033402167292,32.56910673229275,30.75716771766359,0.8,ADM,核心個股 (壟斷/價值/農糧),2017-06-30
31.6555118560791,34.66393714584812,34.68660226737798,31.052486586509044,-8.68,ADM,核心個股 (壟斷/價值/農糧),2017-05-31
34.56572723388672,34.90571165308403,34.951041900823824,33.37952199605556,-0.97,ADM,核心個股 (壟斷/價值/農糧),2017-04-30
34.784820556640625,35.699020128823754,35.84257070658741,33.137760645121475,-2.56,ADM,核心個股 (壟斷/價值/農糧),2017-03-31
35.48747634887695,33.36435208236417,35.82746475941105,31.309090807385704,6.36,ADM,核心個股 (壟斷/價值/農糧),2017-02-28
33.199337005615234,34.271984603708596,34.90957480900766,32.36672845402164,-3.13,ADM,核心個股 (壟斷/價值/農糧),2017-01-31
34.24197769165039,32.3667406959607,35.457134663951166,32.3667406959607,5.79,ADM,核心個股 (壟斷/價值/農糧),2016-12-31
32.42674255371094,33.787288945799204,35.6565063026007,30.979742756977448,-4.03,ADM,核心個股 (壟斷/價值/農糧),2016-11-30
32.44681167602539,31.26274338223453,32.91597683911944,30.897841980032908,3.79,ADM,核心個股 (壟斷/價值/農糧),2016-10-31
163.7949981689453,161.5,163.80999755859375,160.83999633789062,1.42,XOM,石油巨獸與高股息個股,2026-10-31
162.75,163.60000610351562,169.63999938964844,155.85000610351562,-0.52,XOM,石油巨獸與高股息個股,2026-09-30
160.9499969482422,152.4727263545316,168.63999938964844,148.13083352442996,5.56,XOM,石油巨獸與高股息個股,2026-08-31
154.4399871826172,135.6516356483452,158.04662815474293,134.75743184534812,13.85,XOM,石油巨獸與高股息個股,2026-07-31
135.8404083251953,146.07415816976595,153.91339931686977,134.08179072030313,-7.01,XOM,石油巨獸與高股息個股,2026-06-30
144.32546997070312,150.60596441338373,162.62695246090524,142.03006595775787,-4.17,XOM,石油巨獸與高股息個股,2026-05-31
152.30337524414062,163.59314847597437,165.79386038255356,140.10568093036503,-6.9,XOM,石油巨獸與高股息個股,2026-04-30
167.4320526123047,157.25744744344775,174.09342357607832,145.72095615785696,6.47,XOM,石油巨獸與高股息個股,2026-03-31
150.4973907470703,137.0800926697375,153.8437850193578,135.34489745756886,9.79,XOM,石油巨獸與高股息個股,2026-02-28
138.61920166015625,117.72829333996988,139.54071684501432,115.94408487086373,17.75,XOM,石油巨獸與高股息個股,2026-01-31
117.97337341308594,113.81676607945676,119.40467124297325,112.35606717379666,3.65,XOM,石油巨獸與高股息個股,2025-12-31
113.64029693603516,111.27495623795205,117.40722222583193,109.34100086968844,2.13,XOM,石油巨獸與高股息個股,2025-11-30
111.13890075683594,109.38958479460722,113.75314249285343,107.28071559970572,1.6,XOM,石油巨獸與高股息個股,2025-10-31
109.57424926757812,110.96396512433365,115.02622466382806,105.29817752263065,-1.25,XOM,石油巨獸與高股息個股,2025-09-30
111.07087707519531,107.84186360975019,111.55679393662437,101.61207485182405,2.99,XOM,石油巨獸與高股息個股,2025-08-31
107.49522399902344,104.11552817205984,111.46226608816855,103.17191608132832,3.25,XOM,石油巨獸與高股息個股,2025-07-31
103.79779815673828,99.89814499476937,112.60807813632182,97.95315256808973,3.9,XOM,石油巨獸與高股息個股,2025-06-30
98.50199127197266,100.27447689207608,105.43610468326804,97.43320078154211,-1.77,XOM,石油巨獸與高股息個股,2025-05-31
100.7801513671875,113.74619111850504,113.80343397789585,93.30966388724607,-11.4,XOM,石油巨獸與高股息個股,2025-04-30
113.4695053100586,106.57145850890615,114.4045132628721,98.91013987147753,6.47,XOM,石油巨獸與高股息個股,2025-03-31
106.21845245361328,100.84178133142986,107.25839583220866,99.59355251161668,5.33,XOM,石油巨獸與高股息個股,2025-02-28
101.02144622802734,102.39260214217032,106.73304235262624,100.02854349391781,-1.34,XOM,石油巨獸與高股息個股,2025-01-31
101.7212142944336,111.6313983173192,112.26496896849113,99.13964447796727,-8.88,XOM,石油巨獸與高股息個股,2024-12-31
111.5462875366211,112.4848680717072,116.51082747137258,107.71084636498144,-0.83,XOM,石油巨獸與高股息個股,2024-11-30
109.5304183959961,108.8363586278658,118.49694324959624,108.73318674073163,0.64,XOM,石油巨獸與高股息個股,2024-10-31
109.94310760498047,108.64877640919876,110.82476152007003,101.07974868962246,1.19,XOM,石油巨獸與高股息個股,2024-09-30
110.61841583251953,110.11641599395374,113.01948134663546,105.37123335611005,0.46,XOM,石油巨獸與高股息個股,2024-08-31
110.3397216796875,107.66008005120568,111.57719545465164,102.73812060768866,2.49,XOM,石油巨獸與高股息個股,2024-07-31
107.11115264892578,108.20905671450744,108.43236214342097,100.65395627284346,-1.01,XOM,石油巨獸與高股息個股,2024-06-30
109.10225677490234,109.16461384242417,111.54928778066761,104.96183991807457,-0.06,XOM,石油巨獸與高股息個股,2024-05-31
109.15538787841797,107.43873325751116,114.21305771446366,106.48810547368141,1.6,XOM,石油巨獸與高股息個股,2024-04-30
107.28182220458984,97.57256391127079,107.4756374562894,96.01279772361131,9.95,XOM,石油巨獸與高股息個股,2024-03-31
96.46504974365234,94.70806995354098,97.30490594359367,91.90074864229838,1.86,XOM,石油巨獸與高股息個股,2024-02-29
94.01309967041016,92.28481906540767,95.90598063771411,87.57546937555534,1.87,XOM,石油巨獸與高股息個股,2024-01-31
91.42524719238281,93.72961725981092,95.30244707544908,89.13917245314605,-2.46,XOM,石油巨獸與高股息個股,2023-12-31
93.94908142089844,96.5320888207632,98.94243530806163,92.49514600719371,-2.68,XOM,石油巨獸與高股息個股,2023-11-30
95.9158935546875,106.49971527277842,106.7353160025194,94.72884028876139,-9.94,XOM,石油巨獸與高股息個股,2023-10-31
106.54502868652344,101.66994163321985,109.37221199160076,101.66994163321985,4.8,XOM,石油巨獸與高股息個股,2023-09-30
100.7547378540039,96.12469484524709,100.96314831112169,93.98558948355772,4.82,XOM,石油巨獸與高股息個股,2023-08-31
96.38533782958984,96.61003882973766,97.48185813813313,90.0759013111645,-0.23,XOM,石油巨獸與高股息個股,2023-07-31
96.39432525634766,91.45101727228185,98.09303667108095,91.01061625898485,5.41,XOM,石油巨獸與高股息個股,2023-06-30
91.83751678466797,103.35285157793695,104.52013129389573,91.44205063202308,-11.14,XOM,石油巨獸與高股息個股,2023-05-31
105.44681549072266,101.0361183529017,106.85467561164513,100.79553794077908,4.37,XOM,石油巨獸與高股息個股,2023-04-30
97.71250915527344,97.40062697684047,101.4370773836233,87.34068192953325,0.32,XOM,石油巨獸與高股息個股,2023-03-31
97.93525695800781,102.42215166217919,105.7822785170671,96.80362426460337,-4.38,XOM,石油巨獸與高股息個股,2023-02-28
102.5813217163086,97.07245627825833,104.1464279733534,92.63354253583333,5.68,XOM,石油巨獸與高股息個股,2023-01-31
97.53227233886719,98.71715867047257,99.09738447293103,90.52021305808847,-1.2,XOM,石油巨獸與高股息個股,2022-12-31
98.45187377929688,98.56915318834056,101.36989114470376,94.35866131211002,-0.12,XOM,石油巨獸與高股息個股,2022-11-30
97.20074462890625,78.98163408783071,99.04283615028754,78.7009355255491,23.07,XOM,石油巨獸與高股息個股,2022-10-31
76.58692932128906,82.82368696986924,87.00787759242041,73.58695115913355,-7.53,XOM,石油巨獸與高股息個股,2022-09-30
83.84999084472656,82.34813506526767,89.08678669650907,74.95513858461837,1.82,XOM,石油巨獸與高股息個股,2022-08-31
84.20726013183594,75.35475492813873,84.71981532574048,70.0988697468289,11.75,XOM,石油巨獸與高股息個股,2022-07-31
74.3991470336914,84.28543381663492,91.71318736153275,72.55740374492557,-11.73,XOM,石油巨獸與高股息個股,2022-06-30
83.3993148803711,73.10302113644515,86.68316184330857,71.82171647303073,14.08,XOM,石油巨獸與高股息個股,2022-05-31
73.30941009521484,70.50602257392276,77.22211766467747,68.1842061148293,3.98,XOM,石油巨獸與高股息個股,2022-04-30
71.02198028564453,67.73704140942421,78.69259687851991,65.56998385162737,4.85,XOM,石油巨獸與高股息個股,2022-03-31
67.43604278564453,65.02116420248586,70.66001691797274,63.66093418416679,3.71,XOM,石油巨獸與高股息個股,2022-02-28
64.60442352294922,52.08497138605462,64.99565543489793,52.059454008411535,24.04,XOM,石油巨獸與高股息個股,2022-01-31
52.04244613647461,51.795803733586034,53.87953461563034,49.295310461883346,0.48,XOM,石油巨獸與高股息個股,2021-12-31
50.894264221191406,54.60851457575494,55.83570118147959,50.63911133948713,-6.8,XOM,石油巨獸與高股息個股,2021-11-30
54.1049690246582,49.85848758959564,55.33863516584506,49.85848758959564,8.52,XOM,石油巨獸與高股息個股,2021-10-31
49.36334228515625,45.72948484596844,50.75645206950019,44.44547378349797,7.95,XOM,石油巨獸與高股息個股,2021-09-30
45.754669189453125,47.577403612286226,48.82574387368083,43.723735013243676,-3.83,XOM,石油巨獸與高股息個股,2021-08-31
47.593936920166016,53.182522523388485,53.256923769007294,45.13860449593574,-10.51,XOM,石油巨獸與高股息個股,2021-07-31
52.14913558959961,49.148162846982466,53.678559051370385,49.148162846982466,6.11,XOM,石油巨獸與高股息個股,2021-06-30
48.255313873291016,47.24463129209465,52.1662867127255,47.049070569876605,2.14,XOM,石油巨獸與高股息個股,2021-05-31
46.64165496826172,45.891991644150494,48.466894625799135,44.246006125978184,1.63,XOM,石油巨獸與高股息個股,2021-04-30
45.49271011352539,46.01422264563173,50.968481088402896,44.36824781667897,-1.13,XOM,石油巨獸與高股息個股,2021-03-31
44.30305099487305,36.520377333695315,46.64979879113225,35.4867810567471,21.31,XOM,石油巨獸與高股息個股,2021-02-28
35.927459716796875,33.21127009566583,40.92717142661447,32.85071287959455,8.18,XOM,石油巨獸與高股息個股,2021-01-31
33.0269775390625,31.216195963730193,35.63099565977197,30.719422204199397,5.8,XOM,石油巨獸與高股息個股,2020-12-31
30.551156997680664,25.92744990869604,33.71603934692515,25.450208434887458,17.83,XOM,石油巨獸與高股息個股,2020-11-30
25.520620346069336,26.435982540214063,28.12588608372875,24.339254792161082,-3.46,XOM,石油巨獸與高股息個股,2020-10-31
26.858469009399414,31.09885846418722,31.317915344406757,26.412512192217214,-13.64,XOM,石油巨獸與高股息個股,2020-09-30
31.24750518798828,32.26182610027116,35.61460313568431,30.754624056779118,-3.14,XOM,石油巨獸與高股息個股,2020-08-31
32.284847259521484,34.13386111216591,34.81669128546473,31.38719199118541,-5.42,XOM,石油巨獸與高股息個股,2020-07-31
34.31032943725586,34.770658755655646,42.473611507010204,33.11345645918878,-1.32,XOM,石油巨獸與高股息個股,2020-06-30
34.8857421875,34.34261508830366,36.16699863472455,30.842471134846193,1.58,XOM,石油巨獸與高股息個股,2020-05-31
34.974830627441406,27.74203167443027,35.88551519656374,27.350662468485474,26.07,XOM,石油巨獸與高股息個股,2020-04-30
28.57746124267578,39.5809413545583,40.755058771548605,22.661767921980687,-27.8,XOM,石油巨獸與高股息個股,2020-03-31
38.71540832519531,45.54274741979846,46.752173887803096,36.13387905000838,-14.99,XOM,石油巨獸與高股息個股,2020-02-29
46.09181213378906,52.11669364540395,52.955131809210016,45.89889851503081,-11.56,XOM,石油巨獸與高股息個股,2020-01-31
51.77538299560547,50.8256485375804,52.3392827238882,50.09850250974597,1.87,XOM,石油巨獸與高股息個股,2019-12-31
50.55112075805664,50.139365222619155,53.60710093960208,49.950104400457604,0.82,XOM,石油巨獸與高股息個股,2019-11-30
49.538185119628906,51.92820800750933,51.98686043750501,48.61443708994272,-4.6,XOM,石油巨獸與高股息個股,2019-10-31
51.766929626464844,49.772798230648085,55.117358546258664,49.582180555254354,4.01,XOM,石油巨獸與高股息個股,2019-09-30
50.20533752441406,53.397701649414174,53.781492231341396,48.77571666577734,-5.98,XOM,石油巨獸與高股息個股,2019-08-31
53.84668731689453,55.852522600356465,56.43183272767113,53.71632586403306,-3.59,XOM,石油巨獸與高股息個股,2019-07-31
55.490455627441406,51.478740792225004,56.30873823942508,51.39184815117509,7.79,XOM,石油巨獸與高股息個股,2019-06-30
51.24702453613281,57.23133009657738,57.460427014340326,51.14564609192371,-10.46,XOM,石油巨獸與高股息個股,2019-05-31
57.474735260009766,58.15488359415628,59.77287871400179,56.95926642359912,-1.17,XOM,石油巨獸與高股息個股,2019-04-30
57.84703826904297,56.83040669262482,58.706137751935344,55.74219851387564,1.79,XOM,石油巨獸與高股息個股,2019-03-31
56.57984161376953,53.04841746319848,57.09531112735094,52.0694829775029,6.66,XOM,石油巨獸與高股息個股,2019-02-28
51.88719177246094,47.688341825869344,52.03588531707864,47.624618348190964,8.8,XOM,石油巨獸與高股息個股,2019-01-31
48.28312301635742,56.815342024324806,58.0261456965838,45.77656180235888,-15.02,XOM,石油巨獸與高股息個股,2018-12-31
56.291378021240234,55.95776843431596,58.705516537373434,52.89264471560999,0.6,XOM,石油巨獸與高股息個股,2018-11-30
55.852638244628906,59.827071550056985,60.906542639987734,53.427298591562895,-6.64,XOM,石油巨獸與高股息個股,2018-10-31
59.59576416015625,56.36432590651204,61.236009970485675,55.7965413968687,5.73,XOM,石油巨獸與高股息個股,2018-09-30
56.19609069824219,56.12191949152288,56.80594476091695,53.63058543761029,0.13,XOM,石油巨獸與高股息個股,2018-08-31
56.55209732055664,56.81574443441524,58.55717457803376,55.99703591337374,-0.46,XOM,石油巨獸與高股息個股,2018-07-31
57.398536682128906,56.80185792709065,58.13395508082589,55.01877248546118,1.05,XOM,石油巨獸與高股息個股,2018-06-30
56.364749908447266,53.06553278545093,57.343017891739095,51.788031839933694,6.22,XOM,石油巨獸與高股息個股,2018-05-31
53.40208053588867,51.01187791177725,55.56565949799575,49.56264256501174,4.69,XOM,石油巨獸與高股息個股,2018-04-30
51.24540328979492,51.87730206599317,52.873207285324774,49.91291945965944,-1.22,XOM,石油巨獸與高股息個股,2018-03-31
52.02154541015625,59.49048565589024,60.68029536900804,50.757743328135795,-12.55,XOM,石油巨獸與高股息個股,2018-02-28
59.35451126098633,56.98846680190945,60.7142948925963,56.87968693276123,4.15,XOM,石油巨獸與高股息個股,2018-01-31
56.86609649658203,56.73011402480249,57.3556316119818,55.86667229344044,0.24,XOM,石油巨獸與高股息個股,2017-12-31
56.62813949584961,56.1762267496582,56.70292794391236,54.398101624314435,0.8,XOM,石油巨獸與高股息個股,2017-11-30
56.14928436279297,54.768290158158976,56.74884098279061,54.734605268310666,2.52,XOM,石油巨獸與高股息個股,2017-10-31
55.226383209228516,51.44716463514882,55.54299066249603,51.41347974391502,7.35,XOM,石油巨獸與高股息個股,2017-09-30
51.420223236083984,53.48192963775049,53.922276504840134,51.23159242075981,-3.85,XOM,石油巨獸與高股息個股,2017-08-31
53.4018669128418,53.902251212562845,55.03647155575298,52.220943232065096,-0.93,XOM,石油巨獸與高股息個股,2017-07-31
53.86223602294922,53.62202872398051,55.83712480482567,52.881463706696195,0.45,XOM,石油巨獸與高股息個股,2017-06-30
53.70875549316406,53.87388919986691,55.53020827171146,53.68874062232743,-0.31,XOM,石油巨獸與高股息個股,2017-05-31
53.9664421081543,54.21096150289825,55.22224303363416,53.074145553750924,-0.45,XOM,石油巨獸與高股息個股,2017-04-30
54.20436477661133,53.99946254223846,55.68488654321397,53.080754711878825,0.38,XOM,石油巨獸與高股息個股,2017-03-31
53.748294830322266,55.01657420142484,55.13630066756272,53.37818410111681,-2.31,XOM,石油巨獸與高股息個股,2017-02-28
54.94453048706055,59.56200106280684,59.82398078842725,54.44676006331324,-7.75,XOM,石油巨獸與高股息個股,2017-01-31
59.11662292480469,57.62331862850033,61.055289461413096,56.719442053063986,2.59,XOM,石油巨獸與高股息個股,2016-12-31
57.177955627441406,54.20907876499213,57.76086907338479,53.72868794874942,5.48,XOM,石油巨獸與高股息個股,2016-11-30
54.09221649169922,56.442365131889844,57.56549912664966,53.87797584655462,-4.16,XOM,石油巨獸與高股息個股,2016-10-31
206.60499572753906,203.3249969482422,206.6199951171875,202.9149932861328,1.61,CVX,石油巨獸與高股息個股,2026-10-31
204.2100067138672,209.0,217.77999877929688,200.77999877929688,-2.29,CVX,石油巨獸與高股息個股,2026-09-30
206.13999938964844,193.68964546360823,208.97999572753906,184.2619053568443,6.43,CVX,石油巨獸與高股息個股,2026-08-31
195.12709045410156,163.3543696717164,195.9796589162297,163.3543696717164,19.45,CVX,石油巨獸與高股息個股,2026-07-31
164.32589721679688,182.7848074875158,191.02290923322064,163.77074456051866,-10.1,CVX,石油巨獸與高股息個股,2026-06-30
180.8814239501953,187.9237219816454,197.14943647656602,176.36143912183607,-3.75,CVX,石油巨獸與高股息個股,2026-05-31
189.89822387695312,198.4250412139038,201.85344193643624,174.60302931342582,-4.3,CVX,石油巨獸與高股息個股,2026-04-30
203.24838256835938,186.9708350525315,210.92053767232753,180.89989504723084,8.71,CVX,石油巨獸與高股息個股,2026-03-31
183.46383666992188,168.7283690209118,184.58369781887117,167.95982167646466,8.73,CVX,石油巨獸與高股息個股,2026-02-28
172.09434509277344,148.0361734117126,172.48348763648758,147.14116775938132,16.25,CVX,石油巨獸與高股息個股,2026-01-31
148.2696533203125,147.62757051938604,149.76780251028592,142.5104657070619,0.43,CVX,石油巨獸與高股息個股,2025-12-31
147.02444458007812,151.44244549227744,152.0004588666608,143.7265089139333,-2.92,CVX,石油巨獸與高股息個股,2025-11-30
151.74069213867188,148.9602641075804,153.145333986221,143.24543505379498,1.87,CVX,石油巨獸與高股息個股,2025-10-31
149.40280151367188,154.39605905974747,155.723746753304,147.08419276366325,-3.23,CVX,石油巨獸與高股息個股,2025-09-30
154.51150512695312,145.1413466290147,154.9925496451811,142.5532982577939,6.46,CVX,石油巨獸與高股息個股,2025-08-31
144.2849884033203,136.38756607156384,149.58485123015524,135.59782187968008,5.79,CVX,石油巨獸與高股息個股,2025-07-31
136.24485778808594,131.77282441095952,144.77027536319162,129.81272840040148,3.39,CVX,石油巨獸與高股息個股,2025-06-30
130.0696258544922,127.30115381456922,135.0941337891519,126.54911832560869,2.17,CVX,石油巨獸與高股息個股,2025-05-31
127.90277862548828,157.2604444554422,158.49191798148618,124.12377154553063,-18.67,CVX,石油巨獸與高股息個股,2025-04-30
157.26043701171875,149.89988207217135,158.8303403731788,138.88254171268474,4.91,CVX,石油巨獸與高股息個股,2025-03-31
149.11024475097656,138.53043604335727,149.45805685485806,137.41475751657413,7.64,CVX,石油巨獸與高股息個股,2025-02-28
138.7071075439453,135.25779856460812,150.4031602594104,135.25779856460812,2.55,CVX,石油巨獸與高股息個股,2025-01-31
134.6627655029297,150.88662214322034,151.7326768961252,130.67418415018486,-10.75,CVX,石油巨獸與高股息個股,2024-12-31
150.55191040039062,140.33438071412857,153.10869472122178,139.61651182170024,7.28,CVX,石油巨獸與高股息個股,2024-11-30
136.9659423828125,134.69268156663156,140.58291759223732,133.86436150170067,1.69,CVX,石油巨獸與高股息個股,2024-10-31
135.53941345214844,133.95639087323357,137.2236427290834,124.58729087368205,1.18,CVX,石油巨獸與高股息個股,2024-09-30
136.1652374267578,144.4514524783756,145.17047253257914,127.1402253579161,-5.74,CVX,石油巨獸與高股息個股,2024-08-31
146.0533447265625,143.04072317513567,149.5210614252231,138.61733098957538,2.11,CVX,石油巨獸與高股息個股,2024-07-31
142.36717224121094,146.9816936686252,147.1546123442493,138.2805429081714,-3.14,CVX,石油巨獸與高股息個股,2024-06-30
147.71893310546875,144.8725793454226,150.39608584841423,141.50260778619977,1.96,CVX,石油巨獸與高股息個股,2024-05-31
145.31410217285156,142.6109325630613,150.57628525366334,140.0428818843828,1.9,CVX,石油巨獸與高股息個股,2024-04-30
142.1333770751953,137.9073759024587,142.53885180386183,133.05968867602775,3.06,CVX,石油巨獸與高股息個股,2024-03-31
136.9702911376953,132.08693752533634,141.13317926762193,130.59840968827038,3.7,CVX,石油巨獸與高股息個股,2024-02-29
131.40951538085938,133.69134493706687,137.57754099094473,124.44816353339874,-1.71,CVX,石油巨獸與高股息個股,2024-01-31
132.95152282714844,127.89764850652409,136.4277140122409,125.6693214799132,3.95,CVX,石油巨獸與高股息個股,2023-12-31
127.99568939208984,128.767266785928,131.7223062351818,125.018402016586,-0.6,CVX,石油巨獸與高股息個股,2023-11-30
128.54673767089844,148.4907771531625,150.10500633457718,126.98546143960608,-13.43,CVX,石油巨獸與高股息個股,2023-10-31
148.73773193359375,143.46286918192874,151.45458257473865,143.46286918192874,3.68,CVX,石油巨獸與高股息個股,2023-09-30
142.10446166992188,142.97094539036428,143.50387402359283,136.4881521848305,-0.61,CVX,石油巨獸與高股息個股,2023-08-31
142.98843383789062,137.32689587272174,143.32042806761132,132.47792283676253,4.12,CVX,石油巨獸與高股息個股,2023-07-31
137.4754180908203,132.1895578268768,140.46345369566083,130.82660089811208,4.0,CVX,石油巨獸與高股息個股,2023-06-30
131.5955047607422,145.10590330702306,145.9884172970476,131.3683496055752,-9.31,CVX,石油巨獸與高股息個股,2023-05-31
145.85862731933594,146.9142134979635,149.57910861768428,141.93918612506735,-0.72,CVX,石油巨獸與高股息個股,2023-04-30
141.16920471191406,139.23108400628897,144.31856031984722,129.70500845110064,1.39,CVX,石油巨獸與高股息個股,2023-03-31
139.10130310058594,148.6371425874564,149.56340043008908,137.49196693606498,-6.42,CVX,石油巨獸與高股息個股,2023-02-28
149.24606323242188,152.69375793759585,161.07286624983792,146.52736619626728,-2.26,CVX,石油巨獸與高股息個股,2023-01-31
153.93736267089844,158.02827808941998,158.27700028822326,143.31122355556886,-2.59,CVX,石油巨獸與高股息個股,2022-12-31
157.2135772705078,156.48333583610471,161.42796642863576,150.7898385266186,0.47,CVX,石油巨獸與高股息個股,2022-11-30
153.95570373535156,126.78152753932781,156.4578052285631,126.21132286314209,21.43,CVX,石油巨獸與高股息個股,2022-10-31
122.27095031738281,133.1729789942525,140.02396489786415,119.53909008592059,-8.19,CVX,石油巨獸與高股息個股,2022-09-30
134.51763916015625,135.93776639508087,141.9813866370242,125.68215036124535,-1.04,CVX,石油巨獸與高股息個股,2022-08-31
138.1305694580078,123.6411386723186,138.87275761587023,111.7830515078679,11.72,CVX,石油巨獸與高股息個股,2022-07-31
122.10616302490234,149.05249135307523,153.83452512124381,118.20123803447895,-18.08,CVX,石油巨獸與高股息個股,2022-06-30
147.306640625,130.754745899739,152.6200052535559,129.784392202273,12.66,CVX,石油巨獸與高股息個股,2022-05-31
131.05593872070312,136.16702151359829,146.00429711486552,126.61401647856854,-3.75,CVX,石油巨獸與高股息個股,2022-04-30
136.2088623046875,121.30221524837472,146.18839966544266,121.04289939427174,12.29,CVX,石油巨獸與高股息個股,2022-03-31
120.45732879638672,108.30342895479494,120.45732879638672,108.0385211353462,11.22,CVX,石油巨獸與高股息個股,2022-02-28
108.71733856201172,97.20238987522308,113.41106150091393,97.094775806866,11.85,CVX,石油巨獸與高股息個股,2022-01-31
97.14443969726562,95.15767320278533,98.79179995347914,91.66430038962423,2.09,CVX,石油巨獸與高股息個股,2021-12-31
93.4358139038086,94.13592549983898,97.68252396693612,91.63173144364684,-0.74,CVX,石油巨獸與高股息個股,2021-11-30
93.69400024414062,83.65273879687943,94.34869050115242,83.37449322139956,12.0,CVX,石油巨獸與高股息個股,2021-10-31
83.02259826660156,79.266310086147,85.8377599816666,76.3611354008644,4.74,CVX,石油巨獸與高股息個股,2021-09-30
79.19266510009766,82.42685842538677,83.96105860144903,75.9928771712036,-3.92,CVX,石油巨獸與高股息個股,2021-08-31
82.20882415771484,86.35923944721803,86.48036163572164,76.32235937410549,-4.81,CVX,石油巨獸與高股息個股,2021-07-31
84.5747299194336,85.02690944619172,89.23386848609663,77.7677269288153,-0.53,CVX,石油巨獸與高股息個股,2021-06-30
83.80764770507812,82.94573019373276,90.22881925857732,82.33802334432,1.04,CVX,石油巨獸與高股息個股,2021-05-31
82.21981048583984,83.96679818517435,85.87332872940961,79.88253249132823,-2.08,CVX,石油巨獸與高股息個股,2021-04-30
83.59188079833984,81.73321578194309,89.90175022684762,80.32125756538919,2.27,CVX,石油巨獸與高股息個股,2021-03-31
79.7708511352539,67.63884317499166,83.72748948806155,66.52188729821363,17.94,CVX,石油巨獸與高股息個股,2021-02-28
67.01744079589844,66.97811279492998,75.76431340325752,65.98700811272222,0.06,CVX,石油巨獸與高股息個股,2021-01-31
66.42750549316406,70.22674581875441,74.37991916707387,65.70384603964465,-5.41,CVX,石油巨獸與高股息個股,2020-12-31
68.57488250732422,54.80546954382823,75.37102250491412,53.797734570662605,25.12,CVX,石油巨獸與高股息個股,2020-11-30
53.875247955322266,55.433377835401274,58.983713389265766,50.51095530657177,-2.81,CVX,石油巨獸與高股息個股,2020-10-31
55.813209533691406,64.54177018411252,65.49524383843996,54.65042429207616,-13.52,CVX,石油巨獸與高股息個股,2020-09-30
65.06114196777344,64.17472129688278,71.0751436884038,64.03717105925165,1.38,CVX,石油巨獸與高股息個股,2020-08-31
64.14417266845703,68.2248204908526,70.86882731345177,62.28724683302591,-5.98,CVX,石油巨獸與高股息個股,2020-07-31
68.18658447265625,69.49331350383468,79.16002768142785,65.85588138019101,-1.88,CVX,石油巨獸與高股息個股,2020-06-30
70.07408905029297,68.9171462713125,72.35896445244039,64.7825711558783,1.68,CVX,石油巨獸與高股息個股,2020-05-31
69.28616333007812,52.348709573144525,72.10279488272246,50.91779855300339,32.36,CVX,石油巨獸與高股息個股,2020-04-30
54.57038116455078,70.8074415653528,74.57299437518971,38.860498102262646,-22.93,CVX,石油巨獸與高股息個股,2020-03-31
70.29533386230469,79.61462846353194,83.82053891820345,67.86279007668847,-11.71,CVX,石油巨獸與高股息個股,2020-02-29
79.75606536865234,89.93214825566714,91.35397961739078,79.20520370791233,-11.32,CVX,石油巨獸與高股息個股,2020-01-31
89.70880889892578,87.82547876191606,90.3862259791139,86.12820602065432,2.14,CVX,石油巨獸與高股息個股,2019-12-31
87.19271087646484,85.13304150067252,90.62478790481737,84.04943532487383,2.42,CVX,石油巨獸與高股息個股,2019-11-30
85.61219024658203,87.91944284854966,88.0963723578693,81.39570698473261,-2.62,CVX,石油巨獸與高股息個股,2019-10-31
87.42554473876953,85.33943461955663,92.34231981240819,84.4401207529185,2.44,CVX,石油巨獸與高股息個股,2019-09-30
86.77689361572266,89.0167902920534,90.39583018147513,84.24489124117777,-2.52,CVX,石油巨獸與高股息個股,2019-08-31
89.82669067382812,91.46838525040215,92.66500665742572,89.25755676850575,-1.79,CVX,石油巨獸與高股息個股,2019-07-31
90.797119140625,83.69037848068363,92.08127240066077,83.52256304913337,8.49,CVX,石油巨獸與高股息個股,2019-06-30
83.07017517089844,86.5599149523459,88.97298621020298,82.97532321869906,-4.03,CVX,石油巨獸與高股息個股,2019-05-31
86.74777221679688,89.5006437073161,92.00783916342228,83.56139352500992,-3.08,CVX,石油巨獸與高股息個股,2019-04-30
89.0020980834961,86.98622060037236,91.70436908751404,86.12639549320123,2.32,CVX,石油巨獸與高股息個股,2019-03-31
86.40096282958984,83.44510310027853,87.63649117692219,82.92289760568282,3.54,CVX,石油巨獸與高股息個股,2019-02-28
82.01441192626953,76.78522745732892,82.55807636094973,76.61354596685442,6.81,CVX,石油巨獸與高股息個股,2019-01-31
77.82247924804688,86.39232665422631,87.57980353267664,71.69196300659091,-9.92,CVX,石油巨獸與高股息個股,2018-12-31
85.08323669433594,79.18038539235853,86.33543846203187,77.99732104062647,7.45,CVX,石油巨獸與高股息個股,2018-11-30
79.09536743164062,87.21387909845524,90.39469682580985,76.18374273456284,-9.31,CVX,石油巨獸與高股息個股,2018-10-31
86.62589263916016,84.25268580921787,88.01439530284466,80.32802067107804,2.82,CVX,石油巨獸與高股息個股,2018-09-30
83.91973114013672,87.92940540826214,88.35743981901864,82.40004572592946,-4.56,CVX,石油巨獸與高股息個股,2018-08-31
88.60301971435547,87.90835293808155,90.20288871054456,83.97183215228428,0.79,CVX,石油巨獸與高股息個股,2018-07-31
88.71532440185547,88.05570182801908,90.08361532733225,85.29102590379917,0.75,CVX,石油巨獸與高股息個股,2018-06-30
87.22069549560547,86.2788886981573,91.49400380569733,84.24550861286278,1.09,CVX,石油巨獸與高股息個股,2018-05-31
87.03014373779297,79.22518915915003,88.97094926510769,76.89483298900828,9.85,CVX,石油巨獸與高股息個股,2018-04-30
79.32954406738281,77.58349830751762,82.32771062191446,76.40095468221699,2.25,CVX,石油巨獸與高股息個股,2018-03-31
77.85481262207031,86.50984385728407,86.53050619601345,74.40120695293706,-10.0,CVX,石油巨獸與高股息個股,2018-02-28
86.337646484375,86.58562732155416,92.21288534870217,85.4422452352838,-0.29,CVX,石油巨獸與高股息個股,2018-01-31
86.22746276855469,82.52184469443199,86.923100822239,81.63332739724433,4.49,CVX,石油巨獸與高股息個股,2017-12-31
81.95704650878906,79.36132614116542,82.06725264218262,78.27633678831866,3.27,CVX,石油巨獸與高股息個股,2017-11-30
79.08157348632812,79.4432210642376,82.49348258287309,76.81602956547476,-0.46,CVX,石油巨獸與高股息個股,2017-10-31
80.18019104003906,73.47920199513624,80.74659330835674,73.36319781832222,9.12,CVX,石油巨獸與高股息個股,2017-09-30
73.43822479248047,74.00487462539064,75.28848302504974,71.85509839258046,-0.77,CVX,石油巨獸與高股息個股,2017-08-31
73.7684097290039,70.42417803802016,74.3156414392871,69.28244395994669,4.75,CVX,石油巨獸與高股息個股,2017-07-31
70.48500061035156,70.05263105552436,73.29548420517482,69.28245800856494,0.62,CVX,石油巨獸與高股息個股,2017-06-30
69.91073608398438,71.0659849284021,72.34967591729853,69.63373901319451,-1.63,CVX,石油巨獸與高股息個股,2017-05-31
71.3602523803711,71.70803060245952,74.01537240646208,69.44082510548718,-0.48,CVX,石油巨獸與高股息個股,2017-04-30
71.80834197998047,75.52015222351324,76.50327937332204,70.7717014208151,-4.91,CVX,石油巨獸與高股息個股,2017-03-31
75.23927307128906,73.66472268230723,75.73416979926145,73.07904707621196,2.14,CVX,石油巨獸與高股息個股,2017-02-28
73.76407623291016,78.42113691088086,78.83185934205939,73.34675025741677,-5.94,CVX,石油巨獸與高股息個股,2017-01-31
77.97064971923828,74.71799109375819,78.83183478165219,74.33379211999278,4.35,CVX,石油巨獸與高股息個股,2016-12-31
73.9031982421875,69.20258024100528,74.84388462006812,68.3761380748849,6.79,CVX,石油巨獸與高股息個股,2016-11-30
68.7041015625,67.26113400718873,69.16978031389753,65.33285004917161,2.15,CVX,石油巨獸與高股息個股,2016-10-31
44.279998779296875,43.56999969482422,44.525001525878906,43.56999969482422,1.63,BP,石油巨獸與高股息個股,2026-10-31
43.9900016784668,43.810001373291016,47.040000915527344,42.470001220703125,0.41,BP,石油巨獸與高股息個股,2026-09-30
42.869998931884766,43.4361609337962,45.439998626708984,40.66027501103988,-1.3,BP,石油巨獸與高股息個股,2026-08-31
44.670982360839844,35.780251355040825,44.670982360839844,35.60243644763844,24.85,BP,石油巨獸與高股息個股,2026-07-31
36.50138854980469,42.04327932768212,43.62385022303888,36.46187328783273,-13.18,BP,石油巨獸與高股息個股,2026-06-30
41.36165237426758,45.98238844085433,46.05075617732339,40.62075759357133,-10.05,BP,石油巨獸與高股息個股,2026-05-31
46.275394439697266,45.99215449134096,46.871173555326244,42.32958017387607,0.62,BP,石油巨獸與高股息個股,2026-04-30
45.90425109863281,38.48144076094494,47.144643011580946,37.465685066640724,19.29,BP,石油巨獸與高股息個股,2026-03-31
37.95402526855469,36.36935525162104,38.0952594390496,34.85557562907786,4.36,BP,石油巨獸與高股息個股,2026-02-28
36.523624420166016,33.8431673889913,37.49746089198693,32.20404518434021,7.92,BP,石油巨獸與高股息個股,2026-01-31
33.486419677734375,35.08697657044087,36.099379797342124,32.03049009839601,-4.56,BP,石油巨獸與高股息個股,2025-12-31
34.8073616027832,33.30428895379779,35.795923214663304,33.12359880296891,4.51,BP,石油巨獸與高股息個股,2025-11-30
33.40889358520508,32.9619269678216,33.73224016489784,31.116968357758626,1.36,BP,石油巨獸與高股息個股,2025-10-31
32.771724700927734,33.066535171008965,34.12215342005512,32.03944153907725,-0.89,BP,石油巨獸與高股息個股,2025-09-30
33.503997802734375,30.031349292939794,33.68468794336718,29.60955997621806,11.56,BP,石油巨獸與高股息個股,2025-08-31
30.13445281982422,28.24108968774304,30.996775170442977,28.081747253781344,6.7,BP,石油巨獸與高股息個股,2025-07-31
28.053627014160156,27.772435363787995,30.874923944987827,27.022590985094915,1.01,BP,石油巨獸與高股息個股,2025-06-30
27.275665283203125,25.33738914971714,28.427313409528686,25.180586885566836,7.65,BP,石油巨獸與高股息個股,2025-05-31
25.32816505432129,30.936152894825508,31.258979549948023,23.262066120446505,-18.13,BP,石油巨獸與高股息個股,2025-04-30
31.166744232177734,30.751678334745904,32.23668562640099,28.584116426530116,1.35,BP,石油巨獸與高股息個股,2025-03-31
30.548757553100586,27.942555102667928,32.335869043391725,27.624200549686968,9.33,BP,石油巨獸與高股息個股,2025-02-28
28.251819610595703,27.014776935776755,29.279652127428044,27.005680843331984,4.58,BP,石油巨獸與高股息個股,2025-01-31
26.887435913085938,26.514502976865696,27.706065055651045,25.59582100423275,1.41,BP,石油巨獸與高股息個股,2024-12-31
26.660036087036133,26.56877611815144,27.30281963925483,25.304750939260007,0.34,BP,石油巨獸與高股息個股,2024-11-30
26.28232192993164,28.06371598201404,29.80035992312358,25.960058595431644,-6.35,BP,石油巨獸與高股息個股,2024-10-31
28.099523544311523,29.540754883004148,29.719791405587053,27.320724290377203,-4.88,BP,石油巨獸與高股息個股,2024-09-30
30.400121688842773,31.243947327125476,31.288064060699263,28.685132849860523,-2.7,BP,石油巨獸與高股息個股,2024-08-31
31.22629737854004,31.98512084830992,32.991000430833225,30.335127787422483,-2.37,BP,石油巨獸與高股息個股,2024-07-31
31.852758407592773,32.911580998753315,32.92040636399307,30.626300902163376,-3.22,BP,石油巨獸與高股息個股,2024-06-30
33.14981460571289,33.51709897439499,34.43287099875547,32.055700867896284,-1.1,BP,石油巨獸與高股息個股,2024-05-31
33.81364059448242,33.01997731435045,35.235259542009345,32.53156652871991,2.4,BP,石油巨獸與高股息個股,2024-04-30
32.862979888916016,30.90062749648633,33.560711686916804,30.80468936903553,6.35,BP,石油巨獸與高股息個股,2024-03-31
30.516874313354492,30.51526105185501,31.59216525076858,29.231581043194026,0.01,BP,石油巨獸與高股息個股,2024-02-29
30.239566802978516,30.70479206209117,31.428477913639842,28.878355321444868,-1.52,BP,石油巨獸與高股息個股,2024-01-31
30.498031616210938,31.083865770460328,31.428474266354577,29.507269037659544,-1.88,BP,石油巨獸與高股息個股,2023-12-31
31.264785766601562,30.874205304593108,31.712779773225016,29.632087681740543,1.27,BP,石油巨獸與高股息個股,2023-11-30
31.120927810668945,32.93305173945865,34.745176175466646,30.49136058958308,-5.5,BP,石油巨獸與高股息個股,2023-10-31
32.94155502319336,32.397068196741806,33.80082273214342,32.18437737059325,1.68,BP,石油巨獸與高股息個股,2023-09-30
31.63138198852539,31.582357021409173,32.02273007341247,30.085631048835545,0.16,BP,石油巨獸與高股息個股,2023-08-31
31.363727569580078,30.30425172487612,31.42259121993847,28.925263569508072,3.5,BP,石油巨獸與高股息個股,2023-07-31
29.673622131347656,28.723452783479328,30.20334789407285,28.639369017007798,3.31,BP,石油巨獸與高股息個股,2023-06-30
28.345073699951172,33.25404733166349,33.620023702998616,28.2693970156618,-14.76,BP,石油巨獸與高股息個股,2023-05-31
33.503578186035156,33.162551718928164,33.85292424098481,32.44722938581783,1.03,BP,石油巨獸與高股息個股,2023-04-30
31.55724334716797,33.071061309962644,33.72815242236077,28.396533082603437,-4.58,BP,石油巨獸與高股息個股,2023-03-31
32.93798065185547,30.072907275560734,34.31039299112969,28.23608030406868,9.53,BP,石油巨獸與高股息個股,2023-02-28
29.842269897460938,28.82913301667196,30.147038718698354,27.618311606374398,3.51,BP,石油巨獸與高股息個股,2023-01-31
28.771474838256836,29.644586252818677,29.735189457715396,27.29706827960351,-2.95,BP,石油巨獸與高股息個股,2022-12-31
29.570451736450195,27.331695888332238,29.743425762304234,26.459752086913912,8.19,BP,石油巨獸與高股息個股,2022-11-30
27.11981773376465,24.30841754946147,27.429475642341103,24.07209793282764,11.57,BP,石油巨獸與高股息個股,2022-10-31
23.26534652709961,24.870697462500406,26.41900209544908,22.173382645493813,-6.45,BP,石油巨獸與高股息個股,2022-09-30
25.131465911865234,23.3558348389679,26.802006061591793,23.146437514696935,7.6,BP,石油巨獸與高股息個股,2022-08-31
23.661876678466797,22.51019340975902,23.702146281822404,20.432331304147226,5.12,BP,石油巨獸與高股息個股,2022-07-31
22.83234214782715,26.35182290198364,27.62431664471764,21.793407841474945,-13.36,BP,石油巨獸與高股息個股,2022-06-30
26.069942474365234,22.7438494949741,26.746456418727888,22.433163412370583,14.62,BP,石油巨獸與高股息個股,2022-05-31
22.8792781829834,23.540485062366358,25.293077645181658,22.249939958148484,-2.81,BP,石油巨獸與高股息個股,2022-04-30
23.420988082885742,22.92707663240685,24.886788391657785,21.756025705025476,2.15,BP,石油巨獸與高股息個股,2022-03-31
23.269622802734375,24.6039275177626,26.938148099545984,22.560620723278923,-5.42,BP,石油巨獸與高股息個股,2022-02-28
24.38312339782715,21.047397578860252,25.73949379675709,21.01585336170866,15.85,BP,石油巨獸與高股息個股,2022-01-31
21.00008201599121,20.992196483233307,22.00947363153518,19.974920470320892,0.04,BP,石油巨獸與高股息個股,2021-12-31
20.471729278564453,22.751132032881063,22.899219863070677,20.077435557444694,-10.02,BP,石油巨獸與高股息個股,2021-11-30
22.439367294311523,21.363766800583146,23.608481957589987,21.285824996804177,5.03,BP,石油巨獸與高股息個股,2021-10-31
21.301414489746094,19.15802662474344,21.73789332403413,18.83846649385481,11.19,BP,石油巨獸與高股息個股,2021-09-30
19.064496994018555,18.70149997660372,20.086792332146786,18.230519312418096,1.94,BP,石油巨獸與高股息個股,2021-08-31
18.60914421081543,20.871794200888466,20.95645018246648,17.42394832121855,-10.84,BP,石油巨獸與高股息個股,2021-07-31
20.333070755004883,20.602435679275246,21.926160980111842,20.07140136822872,-1.31,BP,石油巨獸與高股息個股,2021-06-30
20.186845779418945,19.371369153775785,21.141160045590897,19.25728599469411,4.21,BP,石油巨獸與高股息個股,2021-05-31
19.135597229003906,18.610819207015293,19.736435000675698,18.329410481487585,2.82,BP,石油巨獸與高股息個股,2021-04-30
18.519550323486328,18.877014303243374,20.611081472500164,18.169693843774155,-1.89,BP,石油巨獸與高股息個股,2021-03-31
18.565181732177734,16.726338635879543,19.873340514010557,15.330597880840617,10.99,BP,石油巨獸與高股息個股,2021-02-28
16.67380714416504,15.82585767557294,19.172628168848764,15.420642996958243,5.36,BP,石油巨獸與高股息個股,2021-01-31
15.398131370544434,15.360613438035704,17.13154990992179,15.150500219243117,0.24,BP,石油巨獸與高股息個股,2020-12-31
14.677751541137695,11.639438319572411,16.583758576152306,11.418716278924874,26.1,BP,石油巨獸與高股息個股,2020-11-30
11.389286041259766,12.537044391994732,13.052062293971447,10.844838392541224,-9.15,BP,石油巨獸與高股息個股,2020-10-31
12.846054077148438,15.384365010180582,15.560942920662901,12.765123414990015,-16.5,BP,石油巨獸與高股息個股,2020-09-30
15.399078369140625,15.954368265678367,17.871508374490794,15.38436319417499,-3.48,BP,石油巨獸與高股息個股,2020-08-31
16.005203247070312,16.941994083011988,17.777102052689273,15.794607811405807,-5.53,BP,石油巨獸與高股息個股,2020-07-31
16.934722900390625,16.81127656967275,20.747219691992157,16.455441739990935,0.73,BP,石油巨獸與高股息個股,2020-06-30
16.80401039123535,16.208423045900524,17.55924803282713,15.395206992227378,3.67,BP,石油巨獸與高股息個股,2020-05-31
16.83074378967285,17.842000143687482,19.48264107157561,15.048661935769212,-5.67,BP,石油巨獸與高股息個股,2020-04-30
17.247970581054688,22.31133686103754,23.464032845863162,10.968269613025962,-22.69,BP,石油巨獸與高股息個股,2020-03-31
22.127473831176758,24.957247626759983,26.26420189379183,21.0101376807478,-11.34,BP,石油巨獸與高股息個股,2020-02-29
25.117141723632812,26.444953311812704,27.863142680553754,24.936391369049755,-5.02,BP,石油巨獸與高股息個股,2020-01-31
26.236398696899414,26.08345643178242,26.590935615447894,25.37436442148021,0.59,BP,石油巨獸與高股息個股,2019-12-31
26.013935089111328,26.22378083424112,27.473824408341656,25.874899603163325,-0.8,BP,石油巨獸與高股息個股,2019-11-30
25.943201065063477,26.052695708490013,27.236601379933145,24.554002560369007,-0.42,BP,石油巨獸與高股息個股,2019-10-31
25.99795150756836,25.108314421790745,27.2708163436509,25.026194742727892,3.54,BP,石油巨獸與高股息個股,2019-09-30
25.286243438720703,26.285662435834706,26.56164496588276,24.45135014038821,-3.8,BP,石油巨獸與高股息個股,2019-08-31
26.7501220703125,28.688734227562897,28.695466950116046,26.02314666697974,-6.76,BP,石油巨獸與高股息個股,2019-07-31
28.06946563720703,27.75981501461493,28.742588619806725,27.14054068357743,1.12,BP,石油巨獸與高股息個股,2019-06-30
27.409799575805664,29.014369130182594,29.060802529969816,27.329022288630945,-5.53,BP,石油巨獸與高股息個股,2019-05-31
29.007732391357422,29.359304275145075,30.102246278204742,28.344401449938537,-1.2,BP,石油巨獸與高股息個股,2019-04-30
29.001102447509766,28.284700273104335,29.830278181626856,27.75403278427937,2.53,BP,石油巨獸與高股息個股,2019-03-31
28.29133415222168,26.88302145730123,28.53676692743713,26.713033079713703,5.24,BP,石油巨獸與高股息個股,2019-02-28
26.88302230834961,24.49675941451504,27.24259531767693,24.45753232195657,9.74,BP,石油巨獸與高股息個股,2019-01-31
24.79094886779785,26.928781509399418,27.111845654557154,23.71876681021128,-7.94,BP,石油巨獸與高股息個股,2018-12-31
26.379610061645508,27.820612459414217,27.95595189561043,25.823906676571426,-5.18,BP,石油巨獸與高股息個股,2018-11-30
27.949504852294922,30.243726299857816,30.321061347012723,25.913065777468855,-7.59,BP,石油巨獸與高股息個股,2018-10-31
29.70883560180664,27.5821709425335,30.391950131707375,26.737953341142894,7.71,BP,石油巨獸與高股息個股,2018-09-30
27.63372802734375,28.346100149071795,28.663890737847783,26.615501743137155,-2.51,BP,石油巨獸與高股息個股,2018-08-31
28.65752601623535,28.778289377293504,30.03035137983805,27.780448923947024,-0.42,BP,石油巨獸與高股息個股,2018-07-31
29.01979637145996,29.343934038895558,30.23373285054089,27.996537748604457,-1.1,BP,石油巨獸與高股息個股,2018-06-30
29.12149429321289,28.214674270791587,30.398981147725596,27.687656417125815,3.21,BP,石油巨獸與高股息個股,2018-05-31
27.976268768310547,25.428972256627812,28.164487967474575,24.751369482822785,10.02,BP,石油巨獸與高股息個股,2018-04-30
25.435251235961914,24.34982713026702,25.51681297069302,24.048669860904454,4.46,BP,石油巨獸與高股息個股,2018-03-31
24.381200790405273,26.454095102086715,26.81258631404027,22.343816084500524,-7.84,BP,石油巨獸與高股息個股,2018-02-28
26.447906494140625,25.996712527645524,27.579003612290975,25.842190941347184,1.74,BP,石油巨獸與高股息個股,2018-01-31
25.978160858154297,24.636926598332696,26.101778563181547,24.241342512837413,5.44,BP,石油巨獸與高股息個股,2017-12-31
24.7667179107666,24.968175083694735,25.30928614365191,23.95083951626845,-0.81,BP,石油巨獸與高股息個股,2017-11-30
24.773258209228516,23.1773338239854,24.955998641964207,23.134695024325772,6.89,BP,石油巨獸與高股息個股,2017-10-31
23.4088077545166,21.106300915072932,23.439258498243852,21.057569525588406,10.91,BP,石油巨獸與高股息個股,2017-09-30
21.155031204223633,21.664413789871425,22.065821752814283,20.649455981484447,-2.35,BP,石油巨獸與高股息個股,2017-08-31
21.053302764892578,20.831625562934047,21.17911876894907,20.370293633985355,1.06,BP,石油巨獸與高股息個股,2017-07-31
20.759727478027344,21.712339401245117,21.850138184133513,20.651884559791966,-4.39,BP,石油巨獸與高股息個股,2017-06-30
21.65842056274414,20.218909249690483,22.281506048737857,20.14823274187099,7.12,BP,石油巨獸與高股息個股,2017-05-31
20.2130184173584,20.37203291311842,21.01988663502562,19.92442781524476,-0.78,BP,石油巨獸與高股息個股,2017-04-30
20.330806732177734,20.230683635549887,20.383812980261933,19.494486288722246,0.49,BP,石油巨獸與高股息個股,2017-03-31
19.977434158325195,20.938753972632707,20.950329004720082,19.629946975798298,-4.59,BP,石油巨獸與高股息個股,2017-02-28
20.822998046875,22.049925016421184,22.385599131565915,20.678313511634585,-5.56,BP,石油巨獸與高股息個股,2017-01-31
21.63323974609375,20.65516935969595,21.801072186667984,20.423669014483572,4.74,BP,石油巨獸與高股息個股,2016-12-31
20.261627197265625,19.909958481993357,20.412100393705465,18.826351747737352,1.77,BP,石油巨獸與高股息個股,2016-11-30
20.211284637451172,20.091892340001266,20.939012454936403,20.017982678049403,0.59,BP,石油巨獸與高股息個股,2016-10-31
95.33999633789062,94.37000274658203,95.44000244140625,94.33999633789062,1.03,SHEL,石油巨獸與高股息個股,2026-10-31
95.05000305175781,92.72000122070312,99.15499877929688,92.16000366210938,2.51,SHEL,石油巨獸與高股息個股,2026-09-30
91.44999694824219,90.14993607093479,94.69999694824219,86.88852126928514,1.44,SHEL,石油巨獸與高股息個股,2026-08-31
91.180908203125,75.62721131117013,91.27012267936261,75.59747315421986,20.57,SHEL,石油巨獸與高股息個股,2026-07-31
76.8663558959961,84.42015594305175,87.26026074938224,75.72139061067415,-8.95,SHEL,石油巨獸與高股息個股,2026-06-30
83.38919067382812,88.60791610688149,88.89772173232696,82.3450848328604,-5.89,SHEL,石油巨獸與高股息個股,2026-05-31
89.07454681396484,91.6189816300106,92.99434701204798,84.48672879773737,-2.78,SHEL,石油巨獸與高股息個股,2026-04-30
91.36355590820312,83.02295038036948,93.23012467847526,80.110111344722,10.05,SHEL,石油巨獸與高股息個股,2026-03-31
82.0405502319336,74.01054810493312,82.19282163432261,72.48244249836733,10.85,SHEL,石油巨獸與高股息個股,2026-02-28
74.97411346435547,72.0639230227275,76.08368872537905,66.79345300321019,4.04,SHEL,石油巨獸與高股息個股,2026-01-31
71.51886749267578,72.20018584810087,73.16998902239975,68.24367440976401,-0.94,SHEL,石油巨獸與高股息個股,2025-12-31
71.8011245727539,72.16524032394537,74.69125649413837,70.52608984295979,-0.5,SHEL,石油巨獸與高股息個股,2025-11-30
72.23271942138672,69.63921553814693,73.64036406719308,68.63168928821945,3.72,SHEL,石油巨獸與高股息個股,2025-10-31
68.96431732177734,70.74795973495608,71.3312624705508,67.90377423200692,-2.52,SHEL,石油巨獸與高股息個股,2025-09-30
71.23001861572266,69.25826364022214,71.54818371376157,67.90269617498232,2.85,SHEL,石油巨獸與高股息個股,2025-08-31
68.9336929321289,67.47311383009085,69.87876733392561,66.07458451564806,2.16,SHEL,石油巨獸與高股息個股,2025-07-31
67.21537017822266,64.34193666029238,69.84059090766607,63.78825060344198,4.47,SHEL,石油巨獸與高股息個股,2025-06-30
63.21547317504883,60.93820142811287,64.15101292517244,60.73986033736377,3.74,SHEL,石油巨獸與高股息個股,2025-05-31
60.900421142578125,68.71131092940747,69.06077311174607,55.29490166363998,-11.37,SHEL,石油巨獸與高股息個股,2025-04-30
69.21189880371094,64.62169859702,70.06192780076313,61.45767441396018,7.1,SHEL,石油巨獸與高股息個股,2025-03-31
63.71498489379883,61.019428148846615,64.68308221712944,60.67367998721111,4.42,SHEL,石油巨獸與高股息個股,2025-02-28
61.53337097167969,58.85150940648526,62.86963236022554,58.683308553353804,4.56,SHEL,石油巨獸與高股息個股,2025-01-31
58.54314422607422,60.43072967450842,61.332468827194745,56.202347387246114,-3.12,SHEL,石油巨獸與高股息個股,2024-12-31
60.49613571166992,62.88718056148872,63.64080323514786,59.604583213383506,-3.8,SHEL,石油巨獸與高股息個股,2024-11-30
62.46183776855469,60.70495583366988,65.24048867856773,60.19175694984925,2.89,SHEL,石油巨獸與高股息個股,2024-10-31
60.982364654541016,64.4498799495706,64.57933395604,58.92957133730697,-5.38,SHEL,石油巨獸與高股息個股,2024-09-30
66.26225280761719,67.74595837310862,68.20394890320404,62.7813587427767,-2.19,SHEL,石油巨獸與高股息個股,2024-08-31
67.0681381225586,66.61930654375448,67.80091390230156,64.8697805158522,0.67,SHEL,石油巨獸與高股息個股,2024-07-31
66.11552429199219,66.53686565920627,66.53686565920627,62.79966382180219,-0.63,SHEL,石油巨獸與高股息個股,2024-06-30
66.66510009765625,64.78718722715338,67.69536051768003,64.04313298878576,2.9,SHEL,石油巨獸與高股息個股,2024-05-31
65.02311706542969,60.83099485594786,67.0919485681383,60.42358190709161,6.89,SHEL,石油巨獸與高股息個股,2024-04-30
60.830997467041016,57.51904849246367,61.511534998958524,56.88379135865941,5.76,SHEL,石油巨獸與高股息個股,2024-03-31
57.01091766357422,57.66704193035582,58.49448248196186,56.150202453930966,-1.14,SHEL,石油巨獸與高股息個股,2024-02-29
56.46433639526367,59.112087346267,60.71868913783611,54.15496356270227,-4.48,SHEL,石油巨獸與高股息個股,2024-01-31
59.0582389831543,58.977461079402715,59.560865125002536,56.57205272227502,0.14,SHEL,石油巨獸與高股息個股,2023-12-31
59.0582389831543,58.20774629950602,61.077698641435056,57.132619220922436,1.46,SHEL,石油巨獸與高股息個股,2023-11-30
57.878990173339844,57.354756928523386,61.05992931618874,54.724698254313736,0.91,SHEL,石油巨獸與高股息個股,2023-10-31
57.20370864868164,55.98640709882909,58.607574948139735,55.51104255267913,2.17,SHEL,石油巨獸與高股息個股,2023-09-30
55.168968200683594,53.819963778888614,56.061939145200775,52.31226727478505,2.51,SHEL,石油巨獸與高股息個股,2023-08-31
54.1804084777832,53.855122698267785,55.99139832494022,51.11225851767766,0.6,SHEL,石油巨獸與高股息個股,2023-07-31
53.08150100708008,49.38918344130961,53.77601069413459,49.25731350827533,7.48,SHEL,石油巨獸與高股息個股,2023-06-30
49.230934143066406,53.51988878162349,54.01624935316568,49.033132624106656,-8.01,SHEL,石油巨獸與高股息個股,2023-05-31
53.97270584106445,52.901607159552135,54.26007576994552,51.38640390263023,2.02,SHEL,石油巨獸與高股息個股,2023-04-30
50.10631561279297,53.55471932073999,54.62581374690955,45.69131811796285,-6.44,SHEL,石油巨獸與高股息個股,2023-03-31
52.91902160644531,50.62862545608209,54.321029477246704,49.1014832222556,4.52,SHEL,石油巨獸與高股息個股,2023-02-28
50.74079513549805,49.584648833243556,51.88830377739657,47.4276762076727,2.33,SHEL,石油巨獸與高股息個股,2023-01-31
49.13600158691406,50.63725787987168,50.8788485527853,46.935875560326345,-2.96,SHEL,石油巨獸與高股息個股,2022-12-31
50.44743347167969,48.67326540340284,50.68038763357447,45.758165929135906,3.65,SHEL,石油巨獸與高股息個股,2022-11-30
47.57017135620117,43.995779357980325,48.511400562208316,42.52000641577906,8.12,SHEL,石油巨獸與高股息個股,2022-10-31
42.550636291503906,45.150188546384264,46.6594692475297,39.96903136543313,-5.76,SHEL,石油巨獸與高股息個股,2022-09-30
45.30409622192383,44.725282927953906,48.04048654919414,43.03961505253546,1.29,SHEL,石油巨獸與高股息個股,2022-08-31
45.216590881347656,43.68338278471765,45.31823836168975,38.03343278224866,3.51,SHEL,石油巨獸與高股息個股,2022-07-31
44.29328536987305,50.510768563262424,52.24302589956801,41.20147140225493,-12.31,SHEL,石油巨獸與高股息個股,2022-06-30
50.16346740722656,44.3256941510511,51.5441886569775,43.930980968932296,13.17,SHEL,石油巨獸與高股息個股,2022-05-31
44.871578216552734,46.14811129419795,49.28063488952785,43.87219931650587,-2.77,SHEL,石油巨獸與高股息個股,2022-04-30
46.131309509277344,43.83860085243014,46.97112773367574,40.53811265146759,5.23,SHEL,石油巨獸與高股息個股,2022-03-31
43.998165130615234,43.32631809083736,47.13909921720195,42.56207696298524,1.55,SHEL,石油巨獸與高股息個股,2022-02-28
43.166744232177734,36.98566852378172,43.74622187692119,36.91848139519015,16.71,SHEL,石油巨獸與高股息個股,2022-01-31
36.44818878173828,36.12905876691759,37.89267368995758,34.62578641392446,0.88,SHEL,石油巨獸與高股息個股,2021-12-31
35.306034088134766,38.536445938331774,38.644485171645265,34.81893564781627,-8.38,SHEL,石油巨獸與高股息個股,2021-11-30
38.16246795654297,37.45606364352588,42.17651127507531,37.19012335028418,1.89,SHEL,石油巨獸與高股息個股,2021-10-31
37.04053497314453,33.21763702722992,37.7386311226192,32.419819529738106,11.51,SHEL,石油巨獸與高股息個股,2021-09-30
33.043113708496094,33.715773055798785,34.40586969711001,31.551356827428958,-2.0,SHEL,石油巨獸與高股息個股,2021-08-31
33.370731353759766,33.96224323370129,34.23334168143102,29.838140403279585,-1.74,SHEL,石油巨獸與高股息個股,2021-07-31
33.18999481201172,32.31096895639962,34.81663629834404,31.94126495522817,2.72,SHEL,石油巨獸與高股息個股,2021-06-30
31.719451904296875,30.97734011492738,34.052617474026405,30.932551389405567,2.4,SHEL,石油巨獸與高股息個股,2021-05-31
30.94477081298828,32.28842180409126,33.04574190793442,30.725698681450318,-4.16,SHEL,石油巨獸與高股息個股,2021-04-30
31.93010711669922,33.45291471719158,36.23795058801388,31.58808639607506,-4.55,SHEL,石油巨獸與高股息個股,2021-03-31
33.412200927734375,29.794209142795943,35.1711660065227,28.85733648088378,12.14,SHEL,石油巨獸與高股息個股,2021-02-28
29.79421043395996,29.277316271976595,33.800149812228156,28.667539580752045,1.77,SHEL,石油巨獸與高股息個股,2021-01-31
28.380823135375977,28.453520312288717,31.393354151827037,28.033540541415007,-0.26,SHEL,石油巨獸與高股息個股,2020-12-31
27.330886840820312,21.0398334704812,30.064771339303356,20.696227893596674,29.9,SHEL,石油巨獸與高股息個股,2020-11-30
20.416549682617188,19.68139252482284,21.731036616904056,18.434826347188153,3.74,SHEL,石油巨獸與高股息個股,2020-10-31
20.112897872924805,23.33319664001465,23.66082576266039,20.032989352715923,-13.8,SHEL,石油巨獸與高股息個股,2020-09-30
23.71675682067871,23.707433569266986,26.263338954763164,23.532973872716884,0.04,SHEL,石油巨獸與高股息個股,2020-08-31
23.588729858398438,25.970558571494315,27.007164411744707,23.38299100324608,-9.17,SHEL,石油巨獸與高股息個股,2020-07-31
25.86768913269043,25.440385511735144,31.12194672699575,25.214865185680154,1.68,SHEL,石油巨獸與高股息個股,2020-06-30
25.28212547302246,24.94316894298397,27.269105103171228,22.93195313386705,1.36,SHEL,石油巨獸與高股息個股,2020-05-31
25.94559669494629,28.647445616082067,31.5999066907467,25.02931546638443,-9.43,SHEL,石油巨獸與高股息個股,2020-04-30
27.32393455505371,34.50536881637179,36.04033921573494,16.64575124655601,-20.81,SHEL,石油巨獸與高股息個股,2020-03-31
34.481876373291016,39.51959717984414,40.83486282896988,32.97823927735616,-12.75,SHEL,石油巨獸與高股息個股,2020-02-29
40.11185073852539,45.73442335667745,47.04969949081522,39.86571881868656,-12.29,SHEL,石油巨獸與高股息個股,2020-01-31
45.365234375,44.32686513578696,45.78442365501804,43.096200089453816,2.34,SHEL,石油巨獸與高股息個股,2019-12-31
44.21918487548828,44.0824794965326,45.93287359647617,44.057658405638456,0.31,SHEL,石油巨獸與高股息個股,2019-11-30
43.8931884765625,44.423211438017525,45.57788631930767,42.49999390360156,-1.19,SHEL,石油巨獸與高股息個股,2019-10-31
44.55949401855469,41.42480315356701,44.91537190551907,41.31122929571351,7.57,SHEL,石油巨獸與高股息個股,2019-09-30
42.09868621826172,44.345209972883474,44.67280955379853,41.47780809753034,-5.07,SHEL,石油巨獸與高股息個股,2019-08-31
46.82453918457031,49.408129745531156,49.408129745531156,46.48949261815529,-5.23,SHEL,石油巨獸與高股息個股,2019-07-31
48.44764709472656,46.43737716118216,49.497475146091325,46.02042698520638,4.33,SHEL,石油巨獸與高股息個股,2019-06-30
46.020442962646484,46.59351959460084,48.33596303380073,45.35346774853304,-1.23,SHEL,石油巨獸與高股息個股,2019-05-31
46.61552429199219,46.53481235478459,47.994985855415095,45.925803880989506,0.17,SHEL,石油巨獸與高股息個股,2019-04-30
45.92579650878906,45.66165347249941,47.49970498571771,44.245495277117705,0.58,SHEL,石油巨獸與高股息個股,2019-03-31
45.64697265625,45.002578840632026,46.7109307561287,44.803805848147626,1.43,SHEL,石油巨獸與高股息個股,2019-02-28
44.619483947753906,41.829407129591665,45.06040266869248,41.72098626480283,6.67,SHEL,石油巨獸與高股息個股,2019-01-31
42.1185302734375,44.764035848279335,44.901370020654824,39.783835233744526,-5.91,SHEL,石油巨獸與高股息個股,2018-12-31
43.65813446044922,45.21683851828495,45.94637732761917,42.32092150769756,-3.45,SHEL,石油巨獸與高股息個股,2018-11-30
44.974849700927734,49.06735889203645,49.53710745044815,43.08163189883439,-8.34,SHEL,石油巨獸與高股息個股,2018-10-31
48.49795913696289,46.59761919954779,49.88585665849276,44.4552772192132,4.08,SHEL,石油巨獸與高股息個股,2018-09-30
46.42679214477539,47.56722833737588,47.58126710711636,43.85030971055036,-2.4,SHEL,石油巨獸與高股息個股,2018-08-31
47.98128128051758,47.988299639908,50.42350216215043,47.202294088254476,-0.01,SHEL,石油巨獸與高股息個股,2018-07-31
48.5848274230957,49.0269463257483,49.6269761631848,46.56719525550248,-0.9,SHEL,石油巨獸與高股息個股,2018-06-30
48.830448150634766,48.29424884688935,51.830590064782434,47.09773789838912,1.11,SHEL,石油巨獸與高股息個股,2018-05-31
48.4119987487793,44.13179547482789,49.651743326626764,43.16909667384027,9.7,SHEL,石油巨獸與高股息個股,2018-04-30
44.19412612915039,43.73701095581055,45.1083302914939,42.45572547736669,1.05,SHEL,石油巨獸與高股息個股,2018-03-31
43.820125579833984,47.03509130835945,47.5743912266847,41.65234627220827,-6.84,SHEL,石油巨獸與高股息個股,2018-02-28
47.94985580444336,45.73804142321621,49.444864959052595,45.67660476306129,4.84,SHEL,石油巨獸與高股息個股,2018-01-31
45.54006576538086,43.5876754735557,45.683423166801965,43.075616841482336,4.48,SHEL,石油巨獸與高股息個股,2017-12-31
43.77199935913086,42.31353978914141,44.27050465849392,41.9527036549484,3.45,SHEL,石油巨獸與高股息個股,2017-11-30
42.38753128051758,40.477630823541624,42.552295072135635,40.383474266354455,4.72,SHEL,石油巨獸與高股息個股,2017-10-31
40.73990249633789,37.06134219011449,40.79369967166893,36.953742679506014,9.93,SHEL,石油巨獸與高股息個股,2017-09-30
37.10841369628906,37.44500685344686,38.20458911799778,36.49651197857569,-0.9,SHEL,石油巨獸與高股息個股,2017-08-31
37.3920783996582,35.3283430907697,37.597130511889006,34.68342659559485,5.84,SHEL,石油巨獸與高股息個股,2017-07-31
35.18282699584961,35.87734556814155,36.16838506466525,34.33748018326493,-1.94,SHEL,石油巨獸與高股息個股,2017-06-30
35.989803314208984,34.00208358013501,36.95222185137849,33.72242539601472,5.85,SHEL,石油巨獸與高股息個股,2017-05-31
33.94355010986328,34.21020993790934,34.964661182357965,33.22162709188963,-0.78,SHEL,石油巨獸與高股息個股,2017-04-30
34.294761657714844,33.91102735319338,34.684999277062914,32.72668198829142,1.13,SHEL,石油巨獸與高股息個股,2017-03-31
33.74843978881836,34.83402120190025,35.29421137593186,33.52328013507473,-3.12,SHEL,石油巨獸與高股息個股,2017-02-28
34.763710021972656,35.30699576013564,36.04202247326123,34.226821387233244,-1.54,SHEL,石油巨獸與高股息個股,2017-01-31
34.757320404052734,33.27448931784463,35.140813210182834,32.8790417747694,4.46,SHEL,石油巨獸與高股息個股,2016-12-31
32.660884857177734,32.445870619219626,33.01881301781148,30.724244859680166,0.66,SHEL,石油巨獸與高股息個股,2016-11-30
31.253700256347656,31.63016429498554,32.891373287224674,30.958794075520895,-1.19,SHEL,石油巨獸與高股息個股,2016-10-31
28.312400817871094,28.44499969482422,28.584999084472656,28.219999313354492,-0.47,PFE,石油巨獸與高股息個股,2026-10-31
28.520000457763672,28.81999969482422,29.209999084472656,27.25,-1.04,PFE,石油巨獸與高股息個股,2026-09-30
28.459999084472656,25.149999618530273,28.700000762939453,24.700000762939453,13.16,PFE,石油巨獸與高股息個股,2026-08-31
25.010000228881836,23.73478541217818,25.5,23.213898473353783,5.37,PFE,石油巨獸與高股息個股,2026-07-31
23.66598892211914,25.454696982878904,26.034553585719202,23.213899041687213,-7.03,PFE,石油巨獸與高股息個股,2026-06-30
25.729883193969727,25.718139602086225,26.08369505362089,24.75690456144416,0.05,PFE,石油巨獸與高股息個股,2026-05-31
25.8148250579834,27.33277664304482,27.79686152581427,25.33140160095004,-5.55,PFE,石油巨獸與高股息個股,2026-04-30
27.149072647094727,26.655980547772796,27.3714470879045,25.33140074154525,1.85,PFE,石油巨獸與高股息個股,2026-03-31
26.73332977294922,25.544108501312326,27.0137169768747,24.42256466591785,4.66,PFE,石油巨獸與高股息個股,2026-02-28
25.563446044921875,23.75394550386945,25.94051571505145,23.611308080752412,7.62,PFE,石油巨獸與高股息個股,2026-01-31
23.67786979675293,24.495660613890397,25.34197575433329,23.61130642374388,-3.34,PFE,石油巨獸與高股息個股,2025-12-31
24.476642608642578,22.9784682724627,25.180319496356077,22.576648566119303,6.52,PFE,石油巨獸與高股息個股,2025-11-30
23.034534454345703,24.268028436274445,25.87530686056334,22.567301595731816,-5.08,PFE,石油巨獸與高股息個股,2025-10-31
23.81014060974121,23.10929287359424,23.95030984336671,22.034658835373435,3.03,PFE,石油巨獸與高股息個股,2025-09-30
23.137327194213867,21.77300906130895,24.398857534897548,21.595462196226183,6.27,PFE,石油巨獸與高股息個股,2025-08-31
21.7636661529541,22.303925259415074,23.929868899546587,21.62349513520692,-2.42,PFE,石油巨獸與高股息個股,2025-07-31
22.267179489135742,21.624151812299758,22.919397806153277,21.183216847900805,2.97,PFE,石油巨獸與高股息個股,2025-06-30
21.578222274780273,21.904423149524337,21.931466267042516,20.181927793946983,-1.49,PFE,石油巨獸與高股息個股,2025-05-31
22.003578186035156,22.796826216138083,22.850910729725815,18.85763398114331,-3.48,PFE,石油巨獸與高股息個股,2025-04-30
22.841896057128906,23.77035641707369,24.554585057036586,22.183862372633804,-3.91,PFE,石油巨獸與高股息個股,2025-03-31
23.824440002441406,23.70725530305905,24.36528964254732,22.68865357046486,0.49,PFE,石油巨獸與高股息個股,2025-02-28
23.905567169189453,23.720737323192157,24.447878288710108,22.922658128264064,0.78,PFE,石油巨獸與高股息個股,2025-01-31
23.525651931762695,23.1177443723339,23.8094166537821,22.222117359964667,1.76,PFE,石油巨獸與高股息個股,2024-12-31
23.24188995361328,24.868554400399105,24.920947217806752,21.70780194537451,-6.54,PFE,石油巨獸與高股息個股,2024-11-30
24.711380004882812,25.36627869405188,26.57128542646521,24.47561950071649,-2.58,PFE,石油巨獸與高股息個股,2024-10-31
25.27022361755371,25.016998120130886,26.501427966836104,24.571669151995366,1.01,PFE,石油巨獸與高股息個股,2024-09-30
25.331348419189453,26.824510975106982,27.34842516490415,24.31844385569364,-5.57,PFE,石油巨獸與高股息個股,2024-08-31
26.66733741760254,24.066122981236084,27.540528184074216,23.506442486643774,10.81,PFE,石油巨獸與高股息個股,2024-07-31
24.091951370239258,24.677461816814283,25.598775947582627,23.13619585823975,-2.37,PFE,石油巨獸與高股息個股,2024-06-30
24.677461624145508,22.334413121027445,25.512671408347543,22.07145618370435,10.49,PFE,石油巨獸與高股息個股,2024-05-31
21.73215675354004,23.547408084586188,23.640716054332056,21.375892796358368,-7.71,PFE,石油巨獸與高股息個股,2024-04-30
23.538923263549805,22.75853421641412,24.336283281191886,21.723672787930685,3.43,PFE,石油巨獸與高股息個股,2024-03-31
22.529508590698242,22.987561468465906,23.86974443540016,22.495576835434882,-1.99,PFE,石油巨獸與高股息個股,2024-02-29
22.970600128173828,24.134267821801405,25.304212861910447,22.71612588398292,-4.82,PFE,石油巨獸與高股息個股,2024-01-31
24.059057235717773,24.20947608561119,24.76937794640366,21.526963579191126,-0.62,PFE,石油巨獸與高股息個股,2023-12-31
25.462987899780273,25.19845950222358,25.899339767008904,24.176049502138113,1.05,PFE,石油巨獸與高股息個股,2023-11-30
25.198463439941406,27.16915626031221,28.125642268666503,24.489345434223925,-7.25,PFE,石油巨獸與高股息個股,2023-10-31
27.350557327270508,29.387211827179936,29.923175447655883,26.19617921340734,-6.93,PFE,石油巨獸與高股息個股,2023-09-30
29.172828674316406,29.585110968105496,30.665273844866924,28.57914319253128,-1.39,PFE,石油巨獸與高股息個股,2023-08-31
29.733530044555664,29.76471528516344,30.824830210606837,28.82692205085316,-0.1,PFE,石油巨獸與高股息個股,2023-07-31
29.9114990234375,31.08577450231255,32.92059870887289,29.161267480715697,-3.78,PFE,石油巨獸與高股息個股,2023-06-30
31.004228591918945,31.46294913172585,32.73303761083351,29.495608124841553,-1.46,PFE,石油巨獸與高股息個股,2023-05-31
31.374202728271484,32.82632656548268,34.06064503240018,30.90628975127053,-4.42,PFE,石油巨獸與高股息個股,2023-04-30
32.91507339477539,32.7214646300631,33.28617823268686,31.64849591120336,0.59,PFE,石油巨獸與高股息個股,2023-03-31
32.72951889038086,35.42404081414523,35.86775087247854,32.3422831446778,-7.61,PFE,石油巨獸與高股息個股,2023-02-28
35.625728607177734,40.777554753665996,41.24920277302405,34.447885959309176,-12.63,PFE,石油巨獸與高股息個股,2023-01-31
40.96142578125,40.21797436371669,43.911219027141485,39.31464813688113,1.85,PFE,石油巨獸與高股息個股,2022-12-31
40.07407760620117,38.04527499947757,40.07407760620117,36.90045144578188,5.33,PFE,石油巨獸與高股息個股,2022-11-30
36.89598846435547,34.93032305241601,37.66482561784494,32.85367556792218,5.63,PFE,石油巨獸與高股息個股,2022-10-31
34.684608459472656,35.77841010542946,38.322692977320905,34.49437851752785,-3.06,PFE,石油巨獸與高股息個股,2022-09-30
35.8497428894043,39.884140754027186,40.795628420004384,35.770483114413004,-10.12,PFE,石油巨獸與高股息個股,2022-08-31
40.03472137451172,40.929827945863565,42.40845320923059,38.917141762896364,-2.19,PFE,石油巨獸與高股息個股,2022-07-31
41.23655700683594,41.88150005452169,42.911816079774646,36.39954936308767,-1.54,PFE,石油巨獸與高股息個股,2022-06-30
41.716331481933594,37.19731223541469,43.19495725847105,37.02567939048415,12.15,PFE,石油巨獸與高股息個股,2022-05-31
38.281707763671875,40.661157719204404,43.93776533819823,36.76043210796211,-5.85,PFE,石油巨獸與高股息個股,2022-04-30
40.388099670410156,36.42496649578597,43.14201576554719,35.44978531225759,10.88,PFE,石油巨獸與高股息個股,2022-03-31
36.6199951171875,41.14484786114656,42.229243756121804,35.41858562229167,-11.0,PFE,石油巨獸與高股息個股,2022-02-28
41.105838775634766,45.29410123243337,45.33281354875755,38.57354453074846,-9.25,PFE,石油巨獸與高股息個股,2022-01-31
45.719940185546875,40.625331028771186,47.779468676887355,39.02261516652306,12.54,PFE,石油巨獸與高股息個股,2021-12-31
41.60089874267578,33.87837412083306,43.126172077656186,33.04177578756162,22.79,PFE,石油巨獸與高股息個股,2021-11-30
33.57136535644531,32.634981688383384,33.64044235435844,31.422314009585868,2.87,PFE,石油巨獸與高股息個股,2021-10-31
33.011077880859375,35.451792495784716,36.45724005877653,32.565922652647615,-6.88,PFE,石油巨獸與高股息個股,2021-09-30
35.35969543457031,33.23365542348748,39.80364426161431,33.19527996285964,6.4,PFE,石油巨獸與高股息個股,2021-08-31
32.85757827758789,29.79394829267843,33.270041503533385,29.61139920941824,10.28,PFE,石油巨獸與高股息個股,2021-07-31
29.786338806152344,29.618993880794164,30.972923217271305,29.269104036195625,0.56,PFE,石油巨獸與高股息個股,2021-06-30
29.459266662597656,29.405323803909678,30.949400794704612,28.873583434245973,0.18,PFE,石油巨獸與高股息個股,2021-05-31
29.111568450927734,27.34152603149414,29.87984203150839,26.934794500736015,6.47,PFE,石油巨獸與高股息個股,2021-04-30
27.288803100585938,25.300322929029274,27.67294306051905,25.187346656150698,7.86,PFE,石油巨獸與高股息個股,2021-03-31
25.225008010864258,27.06284198651898,27.258675369002965,25.127089891417395,-6.79,PFE,石油巨獸與高股息個股,2021-02-28
27.04024314880371,27.472000132478822,28.187300670803427,26.829342371586765,-1.57,PFE,石油巨獸與高股息個股,2021-01-31
27.427295684814453,29.357115102109308,32.09910593042429,27.03984103175183,-6.57,PFE,石油巨獸與高股息個股,2020-12-31
28.54494857788086,25.141445931330576,29.683994549081646,24.86855034872516,13.54,PFE,石油巨獸與高股息個股,2020-11-30
24.826560974121094,25.827179211254293,27.184664658769638,24.21079070569239,-3.87,PFE,石油巨獸與高股息個股,2020-10-31
25.680234909057617,26.442943795248155,26.463937488604465,24.756584547937017,-2.88,PFE,石油巨獸與高股息個股,2020-09-30
26.442943572998047,27.01673399210209,27.359594819934614,26.170053684755484,-2.12,PFE,石油巨獸與高股息個股,2020-08-31
26.92576026916504,23.934873175252708,27.337317985468633,22.93701692227949,12.5,PFE,石油巨獸與高股息個股,2020-07-31
22.65983009338379,24.60011989844316,25.4039515043519,21.904504001013063,-7.89,PFE,石油巨獸與高股息個股,2020-06-30
26.464187622070312,25.969771891873943,26.765671714178655,25.355449906420905,1.9,PFE,石油巨獸與高股息個股,2020-05-31
26.319692611694336,21.901056362771932,26.909760475816544,21.633468968157473,20.18,PFE,石油巨獸與高股息個股,2020-04-30
22.395069122314453,23.26643888819193,25.0160576864618,19.129115343190538,-3.75,PFE,石油巨獸與高股息個股,2020-03-31
22.93024444580078,25.70217641060489,26.4637782618533,22.319594600832552,-10.78,PFE,石油巨獸與高股息個股,2020-02-29
25.551237106323242,26.69198686222667,27.82622289467402,25.17386097574376,-4.27,PFE,石油巨獸與高股息個股,2020-01-31
26.61048126220703,26.34560348509648,26.909331489430862,25.666416229141912,1.01,PFE,石油巨獸與高股息個股,2019-12-31
26.162227630615234,26.02614977242404,26.406734839244564,24.654427421423076,0.52,PFE,石油巨獸與高股息個股,2019-11-30
25.810895919799805,24.169545204349678,26.113601464756243,23.27487744953308,6.79,PFE,石油巨獸與高股息個股,2019-10-31
24.1695499420166,23.954286341992347,25.400559441510985,23.88701615282364,0.9,PFE,石油巨獸與高股息個股,2019-09-30
23.913925170898438,25.770536596880973,25.97906826406307,22.851086200540966,-7.2,PFE,石油巨獸與高股息個股,2019-08-31
25.8848876953125,28.99720640543351,29.696974928506247,25.664960641497373,-10.73,PFE,石油巨獸與高股息個股,2019-07-31
28.87058448791504,27.744284766745395,29.517045713512513,27.704297295154948,4.06,PFE,石油巨獸與高股息個股,2019-06-30
27.670978546142578,26.81336300731894,28.31076323626659,26.535914150056485,3.2,PFE,石油巨獸與高股息個股,2019-05-31
26.826580047607422,28.127934299119577,28.590356126210956,25.379880748431866,-4.63,PFE,石油巨獸與高股息個股,2019-04-30
28.055273056030273,28.808345365826483,28.927250495626506,26.6482196220247,-2.61,PFE,石油巨獸與高股息個股,2019-03-31
28.63658905029297,28.31951026673354,28.92064342498201,27.222929070172885,1.12,PFE,石油巨獸與高股息個股,2019-02-28
28.04206085205078,28.23803582936493,28.617869553026278,25.847761826048536,-0.69,PFE,石油巨獸與高股息個股,2019-01-31
28.58512306213379,30.366379667986426,30.4318613905147,26.46988603215223,-5.87,PFE,石油巨獸與高股息個股,2018-12-31
30.274686813354492,28.0737875120715,30.294331879177495,27.605893622332864,7.84,PFE,石油巨獸與高股息個股,2018-11-30
27.982818603515625,28.613168932606218,29.769915778024643,27.073012672014897,-2.2,PFE,石油巨獸與高股息個股,2018-10-31
28.639156341552734,26.95604327990897,28.8926049320033,26.78707932075576,6.24,PFE,石油巨獸與高股息個股,2018-09-30
26.982025146484375,25.53636352766818,27.7943579516409,25.47837082322819,5.66,PFE,石油巨獸與高股息個股,2018-08-31
25.72966957092285,23.197308731251855,25.768332230425806,23.197308731251855,10.92,PFE,石油巨獸與高股息個股,2018-07-31
23.377737045288086,23.364834836280153,23.71280093442524,23.023320370258595,0.06,PFE,石油巨獸與高股息個股,2018-06-30
23.152198791503906,22.7050264176027,23.358396731514972,21.932882069272658,1.97,PFE,石油巨獸與高股息個股,2018-05-31
23.36231231689453,22.602921719657015,23.78348305984886,22.181748978397856,3.36,PFE,石油巨獸與高股息個股,2018-04-30
22.647594451904297,23.049626307592494,23.636711738361665,21.900969973149,-1.74,PFE,石油巨獸與高股息個股,2018-03-31
23.170862197875977,23.36231177866678,23.86644344421904,21.186257138124095,-0.82,PFE,石油巨獸與高股息個股,2018-02-28
23.41974639892578,23.00243731815369,24.930903553367198,22.907593152863647,1.81,PFE,石油巨獸與高股息個股,2018-01-31
22.90126609802246,22.94553538151552,23.615750570559925,22.224732590857794,-0.19,PFE,石油巨獸與高股息個股,2017-12-31
22.926565170288086,21.935766956880503,23.065667414858368,21.8668443644028,4.52,PFE,石油巨獸與高股息個股,2017-11-30
21.967100143432617,22.3493002373589,23.044776556476226,21.365604911294856,-1.71,PFE,石油巨獸與高股息個股,2017-10-31
22.368093490600586,21.265352451595707,22.68763783296138,21.146312834825064,5.19,PFE,石油巨獸與高股息個股,2017-09-30
21.252824783325195,20.50119457649912,21.315479641881637,20.25033085874293,3.67,PFE,石油巨獸與高股息個股,2017-08-31
20.575654983520508,20.774210171862396,21.07825426803916,20.284020297304465,-0.96,PFE,石油巨獸與高股息個股,2017-07-31
20.842472076416016,20.271613400536953,21.394712502776837,19.651119125987105,2.82,PFE,石油巨獸與高股息個股,2017-06-30
20.259201049804688,20.82702766041419,20.888481587372883,19.83726475413722,-2.73,PFE,石油巨獸與高股息個股,2017-05-31
20.845457077026367,20.962226806987193,21.214194214315256,20.568915786995756,-0.56,PFE,石油巨獸與高股息個股,2017-04-30
21.023679733276367,21.060560239438054,21.355533022043748,20.722557174864004,-0.18,PFE,石油巨獸與高股息個股,2017-03-31
20.96837043762207,19.364401236311412,21.177319458022428,19.210763959635752,8.28,PFE,石油巨獸與高股息個股,2017-02-28
19.30294418334961,19.893048958705716,20.50139845141262,18.798020930860883,-2.97,PFE,石油巨獸與高股息個股,2017-01-31
19.75920867919922,19.619283176725318,20.258061184113703,18.560758540295694,0.71,PFE,石油巨獸與高股息個股,2016-12-31
19.552371978759766,18.636478792647722,20.580474987517775,17.96787967150935,4.91,PFE,石油巨獸與高股息個股,2016-11-30
19.100278854370117,20.317016789910873,20.479647686936183,19.04004544946649,-5.99,PFE,石油巨獸與高股息個股,2016-10-31
261.9549865722656,263.67999267578125,263.9750061035156,261.3901062011719,-0.65,JNJ,石油巨獸與高股息個股,2026-10-31
264.739990234375,270.8299865722656,281.07000732421875,260.67999267578125,-2.25,JNJ,石油巨獸與高股息個股,2026-09-30
265.8500061035156,253.71867195954576,275.1131561312948,249.21090897857138,4.78,JNJ,石油巨獸與高股息個股,2026-08-31
255.09190368652344,252.00712264580847,273.55084592551594,244.28521347459443,1.22,JNJ,石油巨獸與高股息個股,2026-07-31
252.7235870361328,222.10459450044488,258.62447695588,219.75617610550876,13.79,JNJ,石油巨獸與高股息個股,2026-06-30
224.22413635253906,226.63244949097316,233.0042165151488,218.034549114472,-1.06,JNJ,石油巨獸與高股息個股,2026-05-31
227.41409301757812,242.99717824988343,244.59011472810894,221.40842182578342,-6.41,JNJ,石油巨獸與高股息個股,2026-04-30
241.84947204589844,246.54912469567304,249.04242234613034,229.77875461897233,-1.91,JNJ,石油巨獸與高股息個股,2026-03-31
245.79718017578125,224.70574839064855,246.3017849576054,223.65267906312954,9.39,JNJ,石油巨獸與高股息個股,2026-02-28
223.65267944335938,203.54607900663632,226.3591396349424,197.7296480872701,9.88,JNJ,石油巨獸與高股息個股,2026-01-31
203.6740264892578,203.23116445354526,211.7835972337083,196.74546622144234,0.22,JNJ,石油巨獸與高股息個股,2025-12-31
203.64450073242188,184.83461711915595,204.52041084092286,181.04011446379977,10.18,JNJ,石油巨獸與高股息個股,2025-11-30
184.7074737548828,181.90072970718464,190.19382165505388,178.90817109783274,1.54,JNJ,石油巨獸與高股息個股,2025-10-31
181.33352661132812,173.55873354113072,181.89097154345833,169.50996181681276,4.48,JNJ,石油巨獸與高股息個股,2025-09-30
173.2653350830078,160.65376326107594,175.87646078588406,159.98388477586158,7.85,JNJ,石油巨獸與高股息個股,2025-08-31
159.93533325195312,148.53773775923037,165.0322433553102,148.35327676043812,7.67,JNJ,石油巨獸與高股息個股,2025-07-31
148.29502868652344,149.97455532185518,153.07152610979966,144.6932451932975,-1.12,JNJ,石油巨獸與高股息個股,2025-06-30
150.68328857421875,149.2003302283948,152.03032852242876,140.6525960528821,0.99,JNJ,石油巨獸與高股息個股,2025-05-31
150.4613037109375,154.71593904784055,155.75553029967048,136.20546125569413,-2.75,JNJ,石油巨獸與高股息個股,2025-04-30
159.6347198486328,158.78765913218382,163.62944849125128,154.55226168858474,0.53,JNJ,石油巨獸與高股息個股,2025-03-31
158.8454132080078,145.15071227109303,160.20264082246834,143.98568565164132,9.43,JNJ,石油巨獸與高股息個股,2025-02-28
145.2939453125,138.68575647298846,147.19426745640064,134.3407796830898,4.76,JNJ,石油巨獸與高股息個股,2025-01-31
138.1032257080078,147.77677407322818,148.0155087647843,136.31752592367584,-6.55,JNJ,石油巨獸與高股息個股,2024-12-31
148.02505493164062,152.123457798311,152.57817575178618,142.82063166043767,-2.69,JNJ,石油巨獸與高股息個股,2024-11-30
151.44139099121094,153.87601433167373,157.96853811693717,150.41826503230683,-1.58,JNJ,石油巨獸與高股息個股,2024-10-31
153.52552795410156,156.53806248513249,159.95797082254163,151.59296027499917,-1.92,JNJ,石油巨獸與高股息個股,2024-09-30
157.12539672851562,149.0031162137646,157.2390726016869,147.08508276026143,5.45,JNJ,石油巨獸與高股息個股,2024-08-31
148.4107666015625,137.33523551591364,151.9177117120487,135.85909323539153,8.06,JNJ,石油巨獸與高股息個股,2024-07-31
137.41981506347656,138.4446459148245,140.76694636914337,135.27616500733436,-0.74,JNJ,石油巨獸與高股息個股,2024-06-30
137.89930725097656,138.7241788877566,144.86622609872316,135.11633043171008,-0.59,JNJ,石油巨獸與高股息個股,2024-05-31
134.85362243652344,147.09948382899432,147.5005217453532,133.49195932794603,-8.32,JNJ,石油巨獸與高股息個股,2024-04-30
147.53782653808594,150.9327354998566,152.12654411047785,144.33880948328368,-2.25,JNJ,石油巨獸與高股息個股,2024-03-31
150.51304626464844,146.39831104014473,151.32445733431663,143.32520014124353,2.81,JNJ,石油巨獸與高股息個股,2024-02-29
147.08326721191406,145.25974918380038,151.4152260104482,145.13016097775088,1.26,JNJ,石油巨獸與高股息個股,2024-01-31
145.08392333984375,144.80621142491063,148.1199652987534,140.4835345276059,0.19,JNJ,石油巨獸與高股息個股,2023-12-31
143.1585693359375,136.99824845403373,143.6028697369124,133.73836478332916,4.5,JNJ,石油巨獸與高股息個股,2023-11-30
136.2177276611328,142.7191463106435,146.2545534946776,133.10475417208087,-4.56,JNJ,石油巨獸與高股息個股,2023-10-31
143.02218627929688,148.22884759686147,151.76422096267086,142.57223251422707,-3.51,JNJ,石油巨獸與高股息個股,2023-09-30
148.4675750732422,151.67309893543032,160.42505518421368,148.10026850133863,-2.11,JNJ,石油巨獸與高股息個股,2023-08-31
152.73062133789062,149.8224272168611,159.86893207474557,143.43168668307408,1.94,JNJ,石油巨獸與高股息個股,2023-07-31
150.898193359375,140.8881378173828,151.58192981927616,139.62092910712826,7.1,JNJ,石油巨獸與高股息個股,2023-06-30
141.36219787597656,148.03091430664062,150.3653762881221,139.77593618925064,-4.5,JNJ,石油巨獸與高股息個股,2023-05-31
148.12139892578125,140.20407011915253,151.3154834933103,139.29019245896978,5.65,JNJ,石油巨獸與高股息個股,2023-04-30
140.2493438720703,138.44872900621743,141.3803795179494,135.82469988254837,1.3,JNJ,石油巨獸與高股息個股,2023-03-31
138.67489624023438,146.42581472353626,149.43534583932845,138.4758315948786,-5.29,JNJ,石油巨獸與高股息個股,2023-02-28
146.8120880126953,158.25738913289425,162.5425886011033,144.68294876638055,-7.23,JNJ,石油巨獸與高股息個股,2023-01-31
158.6975555419922,160.808736796141,162.6414323894744,156.37975863759374,-1.31,JNJ,石油巨獸與高股息個股,2022-12-31
159.91038513183594,155.36793987034332,160.01817417516006,148.90543900376827,2.92,JNJ,石油巨獸與高股息個股,2022-11-30
155.2876434326172,146.6471376038329,156.555165315015,142.0769795960303,5.89,JNJ,石油巨獸與高股息個股,2022-10-31
145.81700134277344,144.14784992826347,149.6641662416753,143.54082791194088,1.16,JNJ,石油巨獸與高股息個股,2022-09-30
144.01393127441406,154.42855377604235,155.59895938404424,143.95145555401405,-6.74,JNJ,石油巨獸與高股息個股,2022-08-31
154.7388458251953,157.33675407311767,159.58887734461544,150.51843113001337,-1.65,JNJ,石油巨獸與高股息個股,2022-07-31
157.38995361328125,158.84406167922262,162.56804184210915,148.30174749417253,-0.92,JNJ,石油巨獸與高股息個股,2022-06-30
159.18099975585938,158.99277264604473,161.14050768550513,152.13864246855704,0.12,JNJ,石油巨獸與高股息個股,2022-05-31
158.98397827148438,155.97979946641132,164.4725868746323,154.6318856836184,1.93,JNJ,石油巨獸與高股息個股,2022-04-30
156.1383819580078,143.6370596041386,158.76375071521113,143.0820432835906,8.7,JNJ,石油巨獸與高股息個股,2022-03-31
144.98500061035156,150.3366688862678,151.98237512709045,137.1882046516455,-3.56,JNJ,石油巨獸與高股息個股,2022-02-28
150.8181610107422,148.99735537182957,152.57764163715723,138.5366367129744,1.22,JNJ,石油巨獸與高股息個股,2022-01-31
149.75018310546875,137.3286737721823,151.8860510073252,136.777183892441,9.05,JNJ,石油巨獸與高股息個股,2021-12-31
136.49700927734375,141.8965345501252,145.7752746853312,136.42699113837477,-3.81,JNJ,石油巨獸與高股息個股,2021-11-30
141.65304565429688,140.4789694374864,144.39248007087832,136.8350271837069,0.84,JNJ,石油巨獸與高股息個股,2021-10-31
140.45289611816406,150.3671935572068,152.3848355350451,140.37462833923672,-6.59,JNJ,石油巨獸與高股息個股,2021-09-30
150.56719970703125,149.10717044685578,155.61133061842858,148.09566053113312,0.98,JNJ,石油巨獸與高股息個股,2021-08-31
148.87374877929688,142.42430993402274,149.8939496438739,142.32921001597464,4.53,JNJ,石油巨獸與高股息個股,2021-07-31
142.42433166503906,147.10143886492716,147.14466849246205,139.87391278894384,-3.18,JNJ,石油巨獸與高股息個股,2021-06-30
146.3233642578125,140.56175845026783,148.4146532136604,140.14934288916425,4.1,JNJ,石油巨獸與高股息個股,2021-05-31
139.8142852783203,139.70261513133298,144.16171685065797,134.48738022795027,0.08,JNJ,石油巨獸與高股息個股,2021-04-30
141.2061767578125,138.71451901421108,143.50876511667784,130.13994051705936,1.8,JNJ,石油巨獸與高股息個股,2021-03-31
136.14559936523438,141.1507863458345,143.39645546850778,135.72459665961452,-3.55,JNJ,石油巨獸與高股息個股,2021-02-28
139.2893829345703,134.26016856488525,148.2719352101054,131.60467892105635,3.75,JNJ,石油巨獸與高股息個股,2021-01-31
134.3796844482422,124.91050268201498,134.61876277103053,124.5433511081109,7.58,JNJ,石油巨獸與高股息個股,2020-12-31
123.53571319580078,117.8498539936564,128.29680292554465,116.5863978347045,4.82,JNJ,石油巨獸與高股息個股,2020-11-30
116.26416778564453,126.60931254378667,129.8570542024491,113.33021111341228,-8.17,JNJ,石油巨獸與高股息個股,2020-10-31
126.2447280883789,130.4760268836791,131.83278963563768,121.2247434217721,-3.24,JNJ,石油巨獸與高股息個股,2020-09-30
130.08599853515625,123.31254047282586,130.9254735700593,122.83240973668873,5.49,JNJ,石油巨獸與高股息個股,2020-08-31
122.7818603515625,118.51112843730354,127.76019451326265,117.9804397722421,3.6,JNJ,石油巨獸與高股息個股,2020-07-31
118.46055603027344,124.0706094186496,126.3787490069632,115.41967291026624,-4.52,JNJ,石油巨獸與高股息個股,2020-06-30
125.30049133300781,125.16571584581534,128.51191404290583,120.46538470729519,0.11,JNJ,石油巨獸與高股息個股,2020-05-31
125.51702117919922,106.82836364423287,131.33946170648235,104.98794015465145,17.49,JNJ,石油巨獸與高股息個股,2020-04-30
109.69775390625,112.75119310052757,120.16310334499401,91.3186032392177,-2.71,JNJ,石油巨獸與高股息個股,2020-03-31
112.50022888183594,124.2063534186795,128.4291225117877,109.43843868136167,-9.42,JNJ,石油巨獸與高股息個股,2020-02-29
123.74913024902344,121.25538550908188,125.67769166733434,117.52307049143846,2.06,JNJ,石油巨獸與高股息個股,2020-01-31
121.2553939819336,114.48067228812556,122.89296572745968,113.18390299740618,5.92,JNJ,石油巨獸與高股息個股,2019-12-31
114.28950500488281,109.0121591544176,114.93788431122218,107.05563250677426,4.84,JNJ,石油巨獸與高股息個股,2019-11-30
109.00390625,107.33631905614024,113.5030830770662,104.10021314127646,1.55,JNJ,石油巨獸與高股息個股,2019-10-31
106.80797576904297,105.66049630600168,109.61481814459012,104.29833922806706,1.09,JNJ,石油巨獸與高股息個股,2019-09-30
105.96597290039062,106.73465065717691,109.8811482106926,104.16993973906374,-0.72,JNJ,石油巨獸與高股息個股,2019-08-31
106.70186614990234,114.87945256267042,116.73949235794574,104.7517216445594,-7.12,JNJ,石油巨獸與高股息個股,2019-07-31
114.1256332397461,107.75070753577991,118.79621108190013,107.37377940733582,5.92,JNJ,石油巨獸與高股息個股,2019-06-30
107.46391296386719,114.70912832167922,115.84849570955335,105.3089158906695,-6.32,JNJ,石油巨獸與高股息個股,2019-05-31
114.91259002685547,113.92784777980816,115.11604716656946,109.39483398384924,0.86,JNJ,石油巨獸與高股息個股,2019-04-30
113.76509857177734,111.67354761783724,113.93599158014757,110.46905922085021,1.87,JNJ,石油巨獸與高股息個股,2019-03-31
111.20150756835938,108.35069013377573,112.26762074222647,106.11932061185749,2.63,JNJ,石油巨獸與高股息個股,2019-02-28
107.59072875976562,103.58883749050636,109.29659365477421,101.05833751149244,3.86,JNJ,石油巨獸與高股息個股,2019-01-31
104.33259582519531,117.68846879857217,120.45343007317186,97.82444398705066,-11.35,JNJ,石油巨獸與高股息個股,2018-12-31
118.7636947631836,112.52537071328868,119.49840467768112,111.66576807562952,5.54,JNJ,石油巨獸與高股息個股,2018-11-30
112.46112060546875,111.07127947284616,113.61793584841513,106.227045917653,1.25,JNJ,石油巨獸與高股息個股,2018-10-31
110.99898529052734,108.2033158542891,114.98357538207588,107.19912740402383,2.58,JNJ,石油巨獸與高股息個股,2018-09-30
108.20330047607422,105.65151270589375,109.67357601609707,102.89032309116685,2.42,JNJ,石油巨獸與高股息個股,2018-08-31
105.75528717041016,96.83325572879805,105.85104718903436,95.85167921301793,9.21,JNJ,石油巨獸與高股息個股,2018-07-31
96.83326721191406,96.0671595029156,99.63436030970799,95.7399693121112,0.8,JNJ,石油巨獸與高股息個股,2018-06-30
95.46064758300781,100.0653224139456,101.08721384981152,94.66262317127803,-4.6,JNJ,石油巨獸與高股息個股,2018-05-31
100.19998931884766,101.25354656926869,105.261896590188,97.86311426798073,-1.04,JNJ,石油巨獸與高股息個股,2018-04-30
101.51495361328125,102.27544760090449,107.49576713192711,98.9404707622985,-0.74,JNJ,石油巨獸與高股息個股,2018-03-31
102.88541412353516,108.25223197140424,110.72377959981489,96.14636582291273,-4.96,JNJ,石油巨獸與高股息個股,2018-02-28
108.7717514038086,109.92878339036166,116.74523697180773,108.70091372293915,-1.05,JNJ,石油巨獸與高股息個股,2018-01-31
109.97602081298828,109.85794752621482,113.18745459866255,109.09444292198545,0.11,JNJ,石油巨獸與高股息個股,2017-12-31
109.6690444946289,109.39267324075108,110.98865012644953,106.86579105385617,0.25,JNJ,石油巨獸與高股息個股,2017-11-30
109.06411743164062,101.82761150040224,112.92881864894423,101.71808627715147,7.11,JNJ,石油巨獸與高股息個股,2017-10-31
101.71025085449219,103.7364671906667,106.23207545247595,100.9592241962376,-1.95,JNJ,石油巨獸與高股息個股,2017-09-30
103.5565414428711,103.52383944746715,104.92315404975452,102.14785869606455,0.03,JNJ,石油巨獸與高股息個股,2017-08-31
103.17404174804688,103.22844480748307,106.56345246368919,100.72531479177746,-0.05,JNJ,石油巨獸與高股息個股,2017-07-31
102.83975219726562,99.75356393007941,106.50123567588919,99.59807819642856,3.09,JNJ,石油巨獸與高股息個股,2017-06-30
99.69915771484375,95.29691182402254,100.12671982791079,94.47828149442229,4.62,JNJ,石油巨獸與高股息個股,2017-05-31
95.35092163085938,96.32400481950661,97.15802443358315,93.40483766176014,-1.01,JNJ,石油巨獸與高股息個股,2017-04-30
96.18496704101562,94.59410155887096,99.62153004848949,94.516903341967,1.68,JNJ,石油巨獸與高股息個股,2017-03-31
94.3779067993164,86.29282966317776,94.89532451455507,86.28515618689535,9.37,JNJ,石油巨獸與高股息個股,2017-02-28
86.88356018066406,88.82450766566562,89.76047585378696,84.9732520381728,-2.19,JNJ,石油巨獸與高股息個股,2017-01-31
88.38721466064453,85.43356484844489,89.99065078938133,83.86849939906578,3.46,JNJ,石油巨獸與高股息個股,2016-12-31
85.38754272460938,87.43776850761984,93.3350157191784,85.38754272460938,-2.34,JNJ,石油巨獸與高股息個股,2016-11-30
88.37492370605469,89.90637696928412,91.58261772345611,86.08917813647385,-1.7,JNJ,石油巨獸與高股息個股,2016-10-31
144.05499267578125,144.5500030517578,145.0,143.50999450683594,-0.34,PG,石油巨獸與高股息個股,2026-10-31
145.27999877929688,145.75999450683594,149.47999572753906,141.86000061035156,-0.33,PG,石油巨獸與高股息個股,2026-09-30
145.1199951171875,145.85000610351562,148.5,142.13999938964844,-0.5,PG,石油巨獸與高股息個股,2026-08-31
144.49000549316406,145.44426020826734,153.67999267578125,140.1999969482422,-0.66,PG,石油巨獸與高股息個股,2026-07-31
145.55343627929688,140.47138752814354,152.21372763836797,137.8310936193964,3.62,PG,石油巨獸與高股息個股,2026-06-30
142.4962615966797,146.77431917479143,148.17387509806076,139.0519765313656,-2.91,PG,石油巨獸與高股息個股,2026-05-31
146.00010681152344,141.7859527393269,151.29061979953673,138.65309436612947,2.97,PG,石油巨獸與高股息個股,2026-04-30
142.29823303222656,162.83905396833535,164.08038016205148,139.90425497864086,-12.61,PG,石油巨獸與高股息個股,2026-03-31
164.72073364257812,150.15990096775937,164.76999524257963,149.0072516350481,9.7,PG,石油巨獸與高股息個股,2026-02-28
149.51954650878906,139.99400981152448,149.71657788628465,134.62352471732706,6.8,PG,石油巨獸與高股息個股,2026-01-31
140.1896209716797,144.87533883037642,145.6481311348022,135.13220802723131,-3.23,PG,石油巨獸與高股息個股,2025-12-31
144.9340362548828,146.8317860317067,148.2013148118135,140.9526520163762,-1.29,PG,石油巨獸與高股息個股,2025-11-30
147.09591674804688,149.3093029348087,153.9728344665201,142.77155341399862,-1.48,PG,石油巨獸與高股息個股,2025-10-31
149.26071166992188,152.8647531081918,157.05162555923857,146.65729337213102,-2.36,PG,石油巨獸與高股息個股,2025-09-30
152.5538787841797,147.44414465720405,156.429906159423,145.73442643933652,3.47,PG,石油巨獸與高股息個股,2025-08-31
146.17156982421875,154.25784467914147,156.81465187453895,145.62756954792903,-5.24,PG,石油巨獸與高股息個股,2025-07-31
153.71755981445312,163.07645162181834,163.09573772605825,151.64315291933934,-5.74,PG,石油巨獸與高股息個股,2025-06-30
163.9158477783203,155.010419903329,164.9771723628566,151.18002603180958,5.75,PG,石油巨獸與高股息個股,2025-05-31
156.85328674316406,163.55244462521014,167.60842885097355,150.24349965864195,-4.1,PG,石油巨獸與高股息個股,2025-04-30
163.4086456298828,166.43862115464086,172.58492196851873,155.5268035560038,-1.82,PG,石油巨獸與高股息個股,2025-03-31
166.6879119873047,158.66227264781978,167.46458481634903,155.52682347058962,5.06,PG,石油巨獸與高股息個股,2025-02-28
159.16090393066406,160.19765136039643,162.94838027398046,150.07627953255212,-0.65,PG,石油巨獸與高股息個股,2025-01-31
159.77830505371094,170.7097585108501,171.70093544470765,158.54888844733938,-6.4,PG,石油巨獸與高股息個股,2024-12-31
170.84317016601562,157.548169410659,171.95822908801352,152.3064215740312,8.44,PG,石油巨獸與高股息個股,2024-11-30
157.4242706298828,164.1407702198984,165.72306003004698,157.33849990412912,-4.09,PG,石油巨獸與高股息個股,2024-10-31
164.10284423828125,162.04683413286787,168.59392759840242,161.4310135735646,1.27,PG,石油巨獸與高股息個股,2024-09-30
162.5300750732422,152.42997695810968,162.8616791734839,152.24047015065204,6.63,PG,石油巨獸與高股息個股,2024-08-31
152.31625366210938,155.95461270223024,161.58258447225452,149.73914257955826,-2.33,PG,石油巨獸與高股息個股,2024-07-31
155.32359313964844,154.39118458962713,159.55236969365964,154.1086525772548,0.6,PG,石油巨獸與高股息個股,2024-06-30
154.9656982421875,153.77903124882795,158.73294827676142,152.027253284839,0.77,PG,石油巨獸與高股息個股,2024-05-31
153.7036895751953,151.38877432041534,154.75851782423877,144.58695945543425,1.53,PG,石油巨獸與高股息個股,2024-04-30
151.82859802246094,147.8983694737584,152.66143228792268,147.48662861711858,2.66,PG,石油巨獸與高股息個股,2024-03-31
148.73117065429688,146.70058641831767,151.35135326378727,144.96004917384224,1.38,PG,石油巨獸與高股息個股,2024-02-29
147.0467987060547,136.0996920946482,148.31944562451744,136.05319441823625,8.04,PG,石油巨獸與高股息個股,2024-01-31
136.26705932617188,142.5810521112685,142.72983897758803,132.51027975540575,-4.43,PG,石油巨獸與高股息個股,2023-12-31
142.75775146484375,140.11682348969413,142.86004067378408,138.39652316285608,1.88,PG,石油巨獸與高股息個股,2023-11-30
139.51243591308594,133.78604719145451,140.76777679911686,130.70890802074075,4.28,PG,石油巨獸與高股息個股,2023-10-31
134.7840118408203,143.13754513412258,143.52567141671503,133.82299122649192,-5.84,PG,石油巨獸與高股息個股,2023-09-30
142.62008666992188,144.04315624250174,146.35333710837847,139.46902333557236,-0.99,PG,石油巨獸與高股息個股,2023-08-31
144.43124389648438,139.10082756362732,145.70644296283336,134.9502008806586,3.83,PG,石油巨獸與高股息個股,2023-07-31
139.33958435058594,131.5433896620331,139.64261793638715,130.80876409017836,5.93,PG,石油巨獸與高股息個股,2023-06-30
130.85470581054688,143.2789783821661,144.69313493671532,130.30373302345868,-8.67,PG,石油巨獸與高股息個股,2023-05-31
143.60040283203125,135.45206510280155,145.18903233085985,134.22923090382707,6.02,PG,石油巨獸與高股息個股,2023-04-30
135.6892852783203,125.97961045194236,135.6892852783203,124.2001215889353,7.71,PG,石油巨獸與高股息個股,2023-03-31
125.53246307373047,129.65726387404496,131.50064945685625,123.95373780646585,-3.18,PG,石油巨獸與高股息個股,2023-02-28
129.93104553222656,136.89269972724105,140.38417758407505,126.60013064158649,-5.09,PG,石油巨獸與高股息個股,2023-01-31
137.44589233398438,135.60495221283804,140.24812003177317,134.28995951726282,1.36,PG,石油巨獸與高股息個股,2022-12-31
135.26939392089844,122.1559921500222,135.26939392089844,118.76427835082985,10.73,PG,石油巨獸與高股息個股,2022-11-30
122.1287612915039,114.58655631877868,123.03563559871442,110.02111210615578,6.58,PG,石油巨獸與高股息個股,2022-10-31
113.68608856201172,124.11368726598398,127.68860157818189,113.65006838280217,-8.4,PG,石油巨獸與高股息個股,2022-09-30
124.21273803710938,124.57293397770559,135.63986557992064,124.14069768400364,-0.29,PG,石油巨獸與高股息個股,2022-08-31
125.0862045288086,129.04799998951216,133.82090668734276,124.47386841663211,-3.07,PG,石油巨獸與高股息個股,2022-07-31
128.6453857421875,132.4120028124618,132.5193595272896,115.86049797476444,-2.84,PG,石油巨獸與高股息個股,2022-06-30
132.30462646484375,144.5795870858404,144.93745187672116,124.52093720964423,-8.49,PG,石油巨獸與高股息個股,2022-05-31
143.64015197753906,136.5843276869268,147.53200119348296,134.5736040035597,5.17,PG,石油巨獸與高股息個股,2022-04-30
135.94375610351562,137.2871910716126,139.20889418883436,127.25154344443702,-0.98,PG,石油巨獸與高股息個股,2022-03-31
138.69288635253906,143.0523062863185,146.7800920724694,133.95085999678892,-3.05,PG,石油巨獸與高股息個股,2022-02-28
142.74986267089844,143.0805008043599,147.1092827357591,138.0807881584662,-0.23,PG,石油巨獸與高股息個股,2022-01-31
144.75299072265625,128.17869883590413,145.9918404352072,128.17869883590413,12.93,PG,石油巨獸與高股息個股,2021-12-31
127.93973541259766,126.86017135424657,132.48817049529143,125.90446687040304,0.85,PG,石油巨獸與高股息個股,2021-11-30
126.53275299072266,123.0620429196305,127.40657797947466,121.0129392232905,2.82,PG,石油巨獸與高股息個股,2021-10-31
122.94769287109375,125.17273830614761,129.48206875973364,122.710236493127,-1.78,PG,石油巨獸與高股息個股,2021-09-30
125.2254867553711,124.68023703148741,128.3827581823129,123.8271653063454,0.44,PG,石油巨獸與高股息個股,2021-08-31
125.08483123779297,118.36008678428682,127.11636933422889,117.91437315102155,5.68,PG,石油巨獸與高股息個股,2021-07-31
117.9231185913086,118.6747225390189,119.59237957652368,115.31001123256141,-0.63,PG,石油巨獸與高股息個股,2021-06-30
117.85320281982422,117.1365434549128,121.56753809926246,116.55973851525913,0.61,PG,石油巨獸與高股息個股,2021-05-31
116.60342407226562,117.27765895842482,120.35179928435306,113.86794537519111,-0.57,PG,石油巨獸與高股息個股,2021-04-30
117.60760498046875,107.82076494228812,119.49207729667229,105.54555361759361,9.08,PG,石油巨獸與高股息個股,2021-03-31
107.27367401123047,112.0238461021526,113.51746804644432,105.78870771834676,-4.24,PG,石油巨獸與高股息個股,2021-02-28
111.3377914428711,120.55383681485856,121.74501523009334,110.66911034129129,-7.64,PG,石油巨獸與高股息個股,2021-01-31
120.1049575805664,120.12224895451979,120.90773397851136,115.8407764280537,-0.01,PG,石油巨獸與高股息個股,2020-12-31
119.87193298339844,119.56114033129259,126.82063113225468,118.03333586059439,0.26,PG,石油巨獸與高股息個股,2020-11-30
118.34408569335938,119.81950397028952,125.21897991961497,116.25514139196643,-1.23,PG,石油巨獸與高股息個股,2020-10-31
119.31304931640625,118.34298539854915,121.63934480049849,115.63033165835758,0.82,PG,石油巨獸與高股息個股,2020-09-30
118.74642944335938,111.99919736501981,119.91390338517994,111.99919736501981,6.02,PG,石油巨獸與高股息個股,2020-08-31
112.55716705322266,102.06691256507345,113.33834695712127,101.42712833233152,10.28,PG,石油巨獸與高股息個股,2020-07-31
101.9986572265625,98.95327778309901,103.91799349757919,97.04246170276313,3.08,PG,石油巨獸與高股息個股,2020-06-30
98.88504791259766,100.31816845871936,100.97501726246885,94.9013115070927,-1.43,PG,石油巨獸與高股息個股,2020-05-31
100.5484848022461,91.47622149107858,105.91582026634597,90.67119940946688,9.92,PG,石油巨獸與高股息個股,2020-04-30
93.21338653564453,95.91657040717777,105.66159444480729,79.94316779972173,-2.82,PG,石油巨獸與高股息個股,2020-03-31
95.9504623413086,105.63616937855818,108.542738717773,90.39155116858085,-9.17,PG,石油巨獸與高股息個股,2020-02-29
105.602294921875,104.87749100558645,107.60216310321972,102.65358746478975,0.69,PG,石油巨獸與高股息個股,2020-01-31
105.2144775390625,102.72099648526748,106.64652051772819,101.89545179634148,2.43,PG,石油巨獸與高股息個股,2019-12-31
102.82207489013672,105.1554950001957,105.41663371880996,99.60413791886462,-2.22,PG,石油巨獸與高股息個股,2019-11-30
104.88592529296875,104.0946257837944,105.94734921591622,97.52384379362964,0.76,PG,石油巨獸與高股息個股,2019-10-31
104.11137390136719,100.26933939414332,104.93167859803339,99.62481117176692,3.83,PG,石油巨獸與高股息個股,2019-09-30
100.63761901855469,99.23976027070835,102.11921322419987,94.3179693966832,1.41,PG,石油巨獸與高股息個股,2019-08-31
98.80451965332031,91.41570355126679,101.91832118987936,91.15789200295812,8.08,PG,石油巨獸與高股息個股,2019-07-31
91.19117736816406,85.78540293383259,93.66950121170443,85.16166031387506,6.3,PG,石油巨獸與高股息個股,2019-06-30
85.5858154296875,88.28038480367942,90.38447510291088,85.16998697577598,-3.05,PG,石油巨獸與高股息個股,2019-05-31
88.55481719970703,86.07593281487884,89.15360000645033,84.85370279473199,2.88,PG,石油巨獸與高股息個股,2019-04-30
85.92730712890625,81.43479978137592,86.00988857384817,80.72458163924757,5.52,PG,石油巨獸與高股息個股,2019-03-31
81.38524627685547,79.56843387571105,82.95431024848027,79.2711356378946,2.28,PG,石油巨獸與高股息個股,2019-02-28
79.66751861572266,74.58511849329211,79.94829672534671,73.56464975352652,6.81,PG,石油巨獸與高股息個股,2019-01-31
75.31433868408203,77.56755019987558,79.3946877526847,71.07013120389601,-2.9,PG,石油巨獸與高股息個股,2018-12-31
77.43643188476562,72.76616127414214,77.68224509135229,72.24997522522087,6.42,PG,石油巨獸與高股息個股,2018-11-30
72.65965270996094,67.66188008679987,74.31470126865034,63.74721506740401,7.39,PG,石油巨獸與高股息個股,2018-10-31
67.59691619873047,66.9877783214518,70.07400628362115,65.98881375355018,0.91,PG,石油巨獸與高股息個股,2018-09-30
67.36949157714844,65.31469358163514,68.38471464768908,65.06292292742461,3.15,PG,石油巨獸與高股息個股,2018-08-31
65.68829345703125,62.37705803486203,65.76951539692135,62.31266733991244,5.31,PG,石油巨獸與高股息個股,2018-07-31
62.82777786254883,59.020771629740985,63.350958836466816,58.642483970936226,6.45,PG,石油巨獸與高股息個股,2018-06-30
58.89198684692383,57.99055096848506,60.380986011221644,56.92813171500127,1.55,PG,石油巨獸與高股息個股,2018-05-31
58.223960876464844,63.20872692348346,63.41606533481691,57.91006844698769,-7.89,PG,石油巨獸與高股息個股,2018-04-30
63.22464370727539,62.522877244726345,64.39698652222668,60.45739026809657,1.12,PG,石油巨獸與高股息個股,2018-03-31
62.618560791015625,68.7033823184159,68.98250104798645,62.60261375761008,-8.86,PG,石油巨獸與高股息個股,2018-02-28
68.85489654541016,72.7502584610886,73.30489131226814,68.64755469192542,-5.35,PG,石油巨獸與高股息個股,2018-01-31
72.71862030029297,71.37314051245822,73.71585168537219,70.53420333751532,1.89,PG,石油巨獸與高股息個股,2017-12-31
71.2227554321289,68.32604545048915,71.52351102135052,67.605808133654,4.24,PG,石油巨獸與高股息個股,2017-11-30
68.33396911621094,71.69068228384761,73.45825954807417,67.84327269523484,-4.68,PG,石油巨獸與高股息個股,2017-10-31
71.47074127197266,72.60197231310478,74.36946388085737,70.9679836339138,-1.56,PG,石油巨獸與高股息個股,2017-09-30
72.48409271240234,71.51002072997801,73.02617193252793,71.1093676608697,1.36,PG,石油巨獸與高股息個股,2017-08-31
71.34505462646484,68.12397436664214,71.54144599088403,67.27435760640383,4.73,PG,石油巨獸與高股息個股,2017-07-31
67.9290771484375,68.60720738570977,70.31419646134543,67.75760195925862,-0.99,PG,石油巨獸與高股息個股,2017-06-30
68.66179656982422,68.10835786604416,68.8644553793115,66.65859173217656,0.81,PG,石油巨獸與高股息個股,2017-05-31
68.06941223144531,69.50915395388125,70.50129208094344,67.92911090638066,-2.07,PG,石油巨獸與高股息個股,2017-04-30
69.50141143798828,70.42965246224855,71.16449544717977,69.30029982550789,-1.32,PG,石油巨獸與高股息個股,2017-03-31
70.44511413574219,67.32006352950829,71.00980880228316,67.10347688266422,4.64,PG,石油巨獸與高股息個股,2017-02-28
67.76097869873047,64.37329900442766,68.05493291312905,63.88212859283887,5.26,PG,石油巨獸與高股息個股,2017-01-31
64.52677917480469,63.09165604565053,65.80071663045999,62.30118859114946,2.27,PG,石油巨獸與高股息個股,2016-12-31
63.283504486083984,66.44540316248086,67.2972806824832,62.70793721346155,-4.76,PG,石油巨獸與高股息個股,2016-11-30
66.6142349243164,68.04585418631594,68.79220351226313,64.51143863680736,-2.1,PG,石油巨獸與高股息個股,2016-10-31
260.3500061035156,260.510009765625,262.3157958984375,259.0,-0.06,ABBV,石油巨獸與高股息個股,2026-10-31
261.5899963378906,260.989990234375,269.3900146484375,246.77000427246094,0.23,ABBV,石油巨獸與高股息個股,2026-09-30
256.4200134277344,251.4499969482422,266.9700012207031,241.1999969482422,1.98,ABBV,石油巨獸與高股息個股,2026-08-31
250.94000244140625,248.97780738382934,267.4700012207031,241.47124409798792,0.79,ABBV,石油巨獸與高股息個股,2026-07-31
249.86151123046875,213.7386289796587,254.18078393459402,207.51295439675928,16.9,ABBV,石油巨獸與高股息個股,2026-06-30
216.18125915527344,209.50874344835918,218.455058194335,198.60634865360774,3.18,ABBV,石油巨獸與高股息個股,2026-05-31
209.8264923095703,215.04262967714786,217.09093793141716,189.4018585166218,-2.43,ABBV,石油巨獸與高股息個股,2026-04-30
214.17604064941406,230.09965737391593,233.4970901325881,198.72513105602079,-6.92,ABBV,石油巨獸與高股息個股,2026-03-31
228.54373168945312,221.42390258684242,231.66542613375927,201.15748442543773,3.22,ABBV,石油巨獸與高股息個股,2026-02-28
219.61192321777344,223.45675347349484,231.56503946826768,206.76077650603958,-1.72,ABBV,石油巨獸與高股息個股,2026-01-31
223.2125244140625,221.9425430496452,226.66100814315337,215.14330772033674,0.57,ABBV,石油巨獸與高股息個股,2025-12-31
222.44076538085938,211.67528311431965,233.76306321615613,206.80054787662974,5.09,ABBV,石油巨獸與高股息個股,2025-11-30
213.00387573242188,226.60991844739544,237.44381838205877,211.01100061870739,-6.0,ABBV,石油巨獸與高股息個股,2025-10-31
224.57308959960938,203.81701730980186,225.3587296025878,201.36314105002072,10.18,ABBV,石油巨獸與高股息個股,2025-09-30
204.06918334960938,184.2054181596383,206.05749168383238,184.07932504657936,10.78,ABBV,石油巨獸與高股息個股,2025-08-31
183.33250427246094,177.90655431267555,192.8473248135255,177.31036384586574,3.05,ABBV,石油巨獸與高股息個股,2025-07-31
178.49314880371094,178.59891503175075,186.15713496545013,174.75249371211137,-0.06,ABBV,石油巨獸與高股息個股,2025-06-30
178.96434020996094,185.4744178664812,191.34019057087738,169.79064844465245,-3.51,ABBV,石油巨獸與高股息個股,2025-05-31
187.60916137695312,200.5834264202689,202.13648027349305,156.63077631007948,-6.47,ABBV,石油巨獸與高股息個股,2025-04-30
199.630615234375,200.0689232878236,208.33920861664961,187.21564950687136,-0.22,ABBV,石油巨獸與高股息個股,2025-03-31
199.16375732421875,174.53388096881517,199.70686023316338,173.5524982221633,14.11,ABBV,石油巨獸與高股息個股,2025-02-28
175.21987915039062,168.63694437392232,182.71842353733146,160.12753862343206,3.9,ABBV,石油巨獸與高股息個股,2025-01-31
167.73081970214844,172.05384712234985,173.2148582980283,160.6610001578273,-2.51,ABBV,石油巨獸與高股息個股,2024-12-31
172.6674041748047,192.90458948747096,194.58471021041538,154.62004999151407,-10.49,ABBV,石油巨獸與高股息個股,2024-11-30
192.43264770507812,185.0836032227688,195.68911015425925,175.46131601105483,3.97,ABBV,石油巨獸與高股息個股,2024-10-31
184.92440795898438,183.66960787599862,187.23736947369932,177.56411929242708,0.68,ABBV,石油巨獸與高股息個股,2024-09-30
183.8287811279297,175.83174823453814,185.6922480952575,171.40248256417107,4.55,ABBV,石油巨獸與高股息個股,2024-08-31
173.5375213623047,158.92091592807546,175.775557131091,151.72970693768795,9.2,ABBV,石油巨獸與高股息個股,2024-07-31
159.1529083251953,148.46349835572002,160.90663195573927,147.3778607230237,7.2,ABBV,石油巨獸與高股息個股,2024-06-30
149.61412048339844,150.40284194243233,154.48556810304413,142.50641139991438,-0.52,ABBV,石油巨獸與高股息個股,2024-05-31
150.91317749023438,167.2043820832568,167.222758213616,146.28297296661262,-9.74,ABBV,石油巨獸與高股息個股,2024-04-30
167.40663146972656,161.84478298377704,168.13288319402983,161.55060677874116,3.44,ABBV,石油巨獸與高股息個股,2024-03-31
161.84478759765625,150.49129210020243,165.37494939006865,149.5444023625867,7.54,ABBV,石油巨獸與高股息個股,2024-02-29
151.13482666015625,141.05365561562465,154.39837327447842,140.93528561960733,7.15,ABBV,石油巨獸與高股息個股,2024-01-31
141.11741638183594,129.79848772966966,141.9551745503098,129.56173386833348,8.72,ABBV,石油巨獸與高股息個股,2023-12-31
129.6619415283203,129.17928317743852,131.08248608795608,123.70654811225646,0.37,ABBV,石油巨獸與高股息個股,2023-11-30
128.56007385253906,133.85858272485007,136.28210469452762,123.87043318346967,-3.96,ABBV,石油巨獸與高股息個股,2023-10-31
134.3905487060547,132.8578436596597,139.6377711894555,129.59409683245957,1.15,ABBV,石油巨獸與高股息個股,2023-09-30
132.49722290039062,135.23803003210057,138.4837539514221,131.57759916183159,-2.03,ABBV,石油巨獸與高股息個股,2023-08-31
134.85934448242188,119.48798967904101,136.82482818598322,118.73003803333954,12.86,ABBV,石油巨獸與高股息個股,2023-07-31
120.138916015625,120.61150614263421,124.54391323997389,116.7772137100081,-0.39,ABBV,石油巨獸與高股息個股,2023-06-30
123.01911926269531,134.50420851944725,138.23152992622065,120.60258496340529,-8.54,ABBV,石油巨獸與高股息個股,2023-05-31
134.75389099121094,139.82543075261444,148.20076417866258,131.22277218386495,-3.63,ABBV,石油巨獸與高股息個股,2023-04-30
140.8150177001953,134.9746059647292,141.10660941006552,129.50530265559402,4.33,ABBV,石油巨獸與高股息個股,2023-03-31
135.9818878173828,129.55832068812563,136.73289199253796,126.73968800982671,4.96,ABBV,石油巨獸與高股息個股,2023-02-28
130.5479278564453,141.82598477406546,147.1387226777606,127.59679688548262,-7.95,ABBV,石油巨獸與高股息個股,2023-01-31
141.44960021972656,140.9157189596042,146.82365725274417,139.88290364300948,0.38,ABBV,石油巨獸與高股息個股,2022-12-31
141.0732421875,128.36459131976494,141.0732421875,125.1873985521034,9.9,ABBV,石油巨獸與高股息個股,2022-11-30
128.13699340820312,117.73136757557708,134.7801970825667,117.23749254321861,8.84,ABBV,石油巨獸與高股息個股,2022-10-31
116.284423828125,116.65701637729057,126.10112321588439,116.18044248004577,-0.32,ABBV,石油巨獸與高股息個股,2022-09-30
116.50103759765625,122.60941162938911,124.74952644202533,116.24976365218127,-4.98,ABBV,石油巨獸與高股息個股,2022-08-31
124.34227752685547,131.40495611439025,133.83844423379938,120.4779787567213,-5.37,ABBV,石油巨獸與高股息個股,2022-07-31
131.47364807128906,126.86398330283602,134.44369547195365,116.53732750647826,3.63,ABBV,石油巨獸與高股息個股,2022-06-30
126.5034408569336,125.88538247811164,134.67549478654652,123.12990331757914,0.49,ABBV,石油巨獸與高股息個股,2022-05-31
126.08283233642578,138.01767519586383,149.72979986018754,120.11689282999421,-8.65,ABBV,石油巨獸與高股息個股,2022-04-30
137.98362731933594,125.69269733210714,140.15412062284685,124.44999220346857,9.78,ABBV,石油巨獸與高股息個股,2022-03-31
125.77783203125,116.92560177262409,127.9823459997793,113.24854482562954,7.57,ABBV,石油巨獸與高股息個股,2022-02-28
116.51705932617188,114.07360393680433,117.71719713282369,109.17142309600986,2.14,ABBV,石油巨獸與高股息個股,2022-01-31
114.0651626586914,97.53666667785264,115.26988416671298,97.38501934172682,16.95,ABBV,石油巨獸與高股息個股,2021-12-31
97.11544799804688,97.09018468172246,100.52730647618488,95.6749001707041,0.03,ABBV,石油巨獸與高股息個股,2021-11-30
96.60157775878906,90.10082508523186,96.81218554483014,88.95219791527055,7.21,ABBV,石油巨獸與高股息個股,2021-10-31
89.78453826904297,100.71316343438426,101.15430272099046,87.86182795131047,-10.85,ABBV,石油巨獸與高股息個股,2021-09-30
100.53006744384766,97.2922610771942,101.04610056788624,93.98785770517132,3.33,ABBV,石油巨獸與高股息個股,2021-08-31
96.80116271972656,92.976301057007,99.17333089517872,92.92691326399047,4.11,ABBV,石油巨獸與高股息個股,2021-07-31
92.72111511230469,93.59368405339116,96.30190484655795,91.08303923732397,-0.93,ABBV,石油巨獸與高股息個股,2021-06-30
93.18209075927734,92.52357136827393,97.36376109603378,91.85680471523034,0.71,ABBV,石油巨獸與高股息個股,2021-05-31
91.78270721435547,88.5819336366679,92.696443749397,84.7188524026126,3.61,ABBV,石油巨獸與高股息個股,2021-04-30
88.01263427734375,88.26474144110577,90.33860022180713,82.99472821847147,-0.29,ABBV,石油巨獸與高股息個股,2021-03-31
87.62226867675781,83.76731853862272,89.6798600074515,82.84018560652062,4.6,ABBV,石油巨獸與高股息個股,2021-02-28
83.34442901611328,86.15911203212512,91.98142545171838,82.79953002244692,-3.27,ABBV,石油巨獸與高股息個股,2021-01-31
86.13500213623047,84.44687759507653,87.74274193868318,81.63331952508346,2.0,ABBV,石油巨獸與高股息個股,2020-12-31
84.06905364990234,69.15719622986988,85.04975697278162,69.13308102010667,21.56,ABBV,石油巨獸與高股息個股,2020-11-30
68.40958404541016,69.92525514905216,70.4249064035184,63.59439451128792,-2.17,ABBV,石油巨獸與高股息個股,2020-10-31
69.46527099609375,75.75432390673478,76.07155429010517,67.66498026132332,-8.3,ABBV,石油巨獸與高股息個股,2020-09-30
75.95259857177734,75.492612914716,77.26118121833271,72.78822090494,0.61,ABBV,石油巨獸與高股息個股,2020-08-31
75.27056121826172,77.17576185053375,80.32244138240951,74.19198145587141,-2.47,ABBV,石油巨獸與高股息個股,2020-07-31
76.92501831054688,72.1221204439812,77.84173968975306,70.20249013881286,6.66,ABBV,石油巨獸與高股息個股,2020-06-30
72.6078872680664,64.20865936203438,73.38356808106307,63.07257194784603,13.08,ABBV,石油巨獸與高股息個股,2020-05-31
64.40453338623047,55.67639681672764,67.35836665922669,55.14371727888519,15.68,ABBV,石油巨獸與高股息個股,2020-04-30
58.818416595458984,66.39169614967204,70.91558565863862,48.28837990524205,-11.41,ABBV,石油巨獸與高股息個股,2020-03-31
66.16780853271484,62.7710507408201,75.54758505670738,62.46997249445969,5.41,ABBV,石油巨獸與高股息個股,2020-02-29
62.54716491699219,67.85272139348383,69.38702781352535,62.076252387259416,-7.82,ABBV,石油巨獸與高股息個股,2020-01-31
67.44141387939453,66.9082165485897,70.06929815607262,65.19438291689058,0.8,ABBV,石油巨獸與高股息個股,2019-12-31
66.82442474365234,60.959286318147775,68.86579035391213,60.27375024992763,9.62,ABBV,石油巨獸與高股息個股,2019-11-30
60.59370040893555,56.97505310380871,60.776479334483824,53.731764584875194,6.35,ABBV,石油巨獸與高股息個股,2019-10-31
56.84743118286133,49.38487253534296,57.387978187426164,48.37887865449918,15.11,ABBV,石油巨獸與高股息個股,2019-09-30
49.35484313964844,50.24825722792295,51.39691948100541,47.0425105861902,-1.78,ABBV,石油巨獸與高股息個股,2019-08-31
50.01551818847656,54.35193551706557,55.43897217561532,49.27226337447733,-7.98,ABBV,石油巨獸與高股息個股,2019-07-31
53.775142669677734,56.66650883202083,58.67052794932109,48.11070860392843,-5.1,ABBV,石油巨獸與高股息個股,2019-06-30
56.725677490234375,58.862777309727,60.452678091527304,55.91965508419574,-3.63,ABBV,石油巨獸與高股息個股,2019-05-31
58.70747756958008,59.09967696622038,61.836416554204796,56.799625256205076,-0.66,ABBV,石油巨獸與高股息個股,2019-04-30
58.815032958984375,58.21660978691542,59.83675665574241,56.26072307965555,1.03,ABBV,石油巨獸與高股息個股,2019-03-31
57.82980728149414,58.566903902136765,59.625128862040825,56.574536364696684,-1.26,ABBV,石油巨獸與高股息個股,2019-02-28
58.59611129760742,65.780667108758,66.54488581265338,55.297359850700005,-10.92,ABBV,石油巨獸與高股息個股,2019-01-31
66.46558380126953,68.00123866457284,68.47708550268618,59.414572004862954,-2.26,ABBV,石油巨獸與高股息個股,2018-12-31
67.96517944335938,56.0260304225166,67.96517944335938,55.87462886243453,21.31,ABBV,石油巨獸與高股息個股,2018-11-30
56.126976013183594,67.58108789908675,68.90788576319694,56.047669632455914,-16.95,ABBV,石油巨獸與高股息個股,2018-10-31
67.46693420410156,68.45846789493467,68.76521742859929,64.48521262730179,-1.45,ABBV,石油巨獸與高股息個股,2018-09-30
68.46562194824219,65.83340632415775,71.49728422717007,65.8262714808157,4.0,ABBV,石油巨獸與高股息個股,2018-08-31
65.79061889648438,65.00545090458827,69.87062718371115,61.88869808933588,1.21,ABBV,石油巨獸與高股息個股,2018-07-31
65.42206573486328,69.15037103439991,71.37467532386057,64.12280638520382,-5.39,ABBV,石油巨獸與高股息個股,2018-06-30
69.86357116699219,72.09492085672953,75.7314406527136,69.55287639116538,-3.1,ABBV,石油巨獸與高股息個股,2018-05-31
68.17594146728516,65.69489945857659,70.20250400416958,61.65533762113375,3.78,ABBV,石油巨獸與高股息個股,2018-04-30
66.14913940429688,81.00733549279096,84.87915939130842,63.68208825913848,-18.34,ABBV,石油巨獸與高股息個股,2018-03-31
80.95146179199219,78.44245595121625,85.26356577094721,70.58703959312822,3.2,ABBV,石油巨獸與高股息個股,2018-02-28
78.4284896850586,67.40581049247032,87.96122899872977,67.13518845092209,16.35,ABBV,石油巨獸與高股息個股,2018-01-31
67.10746765136719,67.44052849856776,68.76587976754504,64.46368012877856,-0.49,ABBV,石油巨獸與高股息個股,2017-12-31
67.25318145751953,62.992609820433664,67.67646336540463,62.58320144778488,6.76,ABBV,石油巨獸與高股息個股,2017-11-30
62.62483596801758,61.839542561244244,68.18303997410429,59.148358584543985,1.27,ABBV,石油巨獸與高股息個股,2017-10-31
61.233116149902344,52.088824882387115,62.673348823038175,51.49619476176316,17.56,ABBV,石油巨獸與高股息個股,2017-09-30
51.888973236083984,48.25744010553458,51.957881840825365,47.87155728458047,7.53,ABBV,石油巨獸與高股息個股,2017-08-31
48.17475509643555,49.69202057057879,51.709812572387364,47.80953187813157,-3.05,ABBV,石油巨獸與高股息個股,2017-07-31
49.5212516784668,45.252779299698005,50.31348381579812,45.15716563719272,9.43,ABBV,石油巨獸與高股息個股,2017-06-30
45.088863372802734,45.07521219252468,46.03134660600324,44.125897737242795,0.03,ABBV,石油巨獸與高股息個股,2017-05-31
45.03422546386719,44.11725797079101,46.09964610556186,43.108283685234156,2.08,ABBV,石油巨獸與高股息個股,2017-04-30
44.063167572021484,42.03445811267623,45.16541422054583,41.892450426999986,4.83,ABBV,石油巨獸與高股息個股,2017-03-31
41.81807327270508,41.29737317813264,42.19676309164615,40.607616587309,1.26,ABBV,石油巨獸與高股息個股,2017-02-28
41.324432373046875,42.12337932575057,43.181146916989874,40.080166532634706,-1.9,ABBV,石油巨獸與高股息個股,2017-01-31
41.922542572021484,40.72417253799373,42.39786487647778,39.331663070667524,2.94,ABBV,石油巨獸與高股息個股,2016-12-31
40.7040901184082,37.49061716259645,43.54936365944923,37.276385268832115,8.57,ABBV,石油巨獸與高股息個股,2016-11-30
37.34332275390625,41.804867180499535,42.289125440775365,36.861295346866164,-10.67,ABBV,石油巨獸與高股息個股,2016-10-31
61.619998931884766,62.20000076293945,62.61000061035156,61.45500183105469,-0.93,BMY,石油巨獸與高股息個股,2026-10-31
62.400001525878906,67.58000183105469,68.23999786376953,60.599998474121094,-7.66,BMY,石油巨獸與高股息個股,2026-09-30
66.80999755859375,66.12000274658203,68.63999938964844,63.0,1.04,BMY,石油巨獸與高股息個股,2026-08-31
65.30999755859375,56.97683022259541,65.66000366210938,55.671564691528914,14.63,BMY,石油巨獸與高股息個股,2026-07-31
56.976829528808594,56.75928486781832,58.2227671937295,52.843485399669724,0.38,BMY,石油巨獸與高股息個股,2026-06-30
56.54174041748047,59.350040349066155,59.577474074364915,54.79149927461519,-4.73,BMY,石油巨獸與高股息個股,2026-05-31
59.91367721557617,59.909035692335046,60.90735695919262,56.58129689811017,0.01,BMY,石油巨獸與高股息個股,2026-04-30
59.36094284057617,61.044379644851006,61.553327951774804,55.2502072415601,-2.76,BMY,石油巨獸與高股息個股,2026-03-31
61.04438018798828,53.88974933928803,61.34779275835953,53.79187251140276,13.28,BMY,石油巨獸與高股息個股,2026-02-28
53.87996292114258,52.07906688923344,55.82766557548452,50.95351270957833,3.46,BMY,石油巨獸與高股息個股,2026-01-31
52.17694091796875,47.62089000899122,53.240992226575116,46.643905787914505,9.57,BMY,石油巨獸與高股息個股,2025-12-31
47.59187316894531,44.689932647895,48.356052746038515,43.79032802516432,6.49,BMY,石油巨獸與高股息個股,2025-11-30
44.564178466796875,43.89318831639387,46.35502540828788,41.13020877721675,1.53,BMY,石油巨獸與高股息個股,2025-10-31
43.03440856933594,45.1336505665101,46.28822977063828,41.21188504466855,-4.65,BMY,石油巨獸與高股息個股,2025-09-30
45.01914596557617,41.61265509079086,47.30922975314162,41.57448622406628,8.19,BMY,石油巨獸與高股息個股,2025-08-31
41.326393127441406,43.566691890775296,47.022963989963664,40.9924210257427,-5.14,BMY,石油巨獸與高股息個股,2025-07-31
43.594947814941406,45.67628126992278,47.804701442106186,43.481931755934625,-4.56,BMY,石油巨獸與高股息個股,2025-06-30
45.46908950805664,46.683980965442714,47.70110698263141,41.43827613030944,-2.6,BMY,石油巨獸與高股息個股,2025-05-31
47.277305603027344,56.618214720874505,56.925667385130666,44.19768756542765,-16.5,BMY,石油巨獸與高股息個股,2025-04-30
56.823184967041016,55.66790058670644,59.00331679890607,54.25174775925722,2.08,BMY,石油巨獸與高股息個股,2025-03-31
55.54677963256836,54.773487560047556,56.23622797291172,49.882162249363994,1.41,BMY,石油巨獸與高股息個股,2025-02-28
54.922550201416016,52.46149204345104,56.92566374891023,51.06540016821715,4.69,BMY,石油巨獸與高股息個股,2025-01-31
52.12054443359375,54.73762503294869,55.37346097782567,50.71984555306836,-4.78,BMY,石油巨獸與高股息個股,2024-12-31
54.57175064086914,51.49391334820871,56.28575585018031,49.73382905385606,5.98,BMY,石油巨獸與高股息個股,2024-11-30
51.39254379272461,47.34242895769309,51.7887928394028,47.03258424483256,8.55,BMY,石油巨獸與高股息個股,2024-10-31
47.15105438232422,45.30110044882929,47.53379523297067,43.33267102666774,4.08,BMY,石油巨獸與高股息個股,2024-09-30
45.51980972290039,43.5604955907629,45.78408972875909,42.12063056111801,4.5,BMY,石油巨獸與高股息個股,2024-08-31
43.341793060302734,37.38747043072137,46.649834116828316,35.85995325726344,15.93,BMY,石油巨獸與高股息個股,2024-07-31
37.27975082397461,36.947617525706505,38.769863125577416,35.57419909997418,0.9,BMY,石油巨獸與高股息個股,2024-06-30
36.88478469848633,39.47004210571233,41.040948700381826,35.825548553918864,-6.55,BMY,石油巨獸與高股息個股,2024-05-31
39.44310760498047,48.067027958613856,48.120269379788354,39.4341325279566,-17.94,BMY,石油巨獸與高股息個股,2024-04-30
48.12026596069336,45.2009327803436,48.83900309917044,44.757264405795944,6.46,BMY,石油巨獸與高股息個股,2024-03-31
45.03232955932617,43.34638924627886,46.070511614475244,42.21947514231313,3.89,BMY,石油巨獸與高股息個股,2024-02-29
43.36414337158203,45.12971629784327,46.884029830540086,43.151175302593835,-3.91,BMY,石油巨獸與高股息個股,2024-01-31
45.00691223144531,43.33154576397433,46.91035069505809,42.91928101144487,3.87,BMY,石油巨獸與高股息個股,2023-12-31
43.31400680541992,45.48934712859928,46.97174092612808,42.32281861393001,-4.78,BMY,石油巨獸與高股息個股,2023-11-30
45.19988250732422,50.37260410610368,50.568093067510354,43.41049174760446,-10.27,BMY,石油巨獸與高股息個股,2023-10-31
50.39864730834961,53.68967977764772,54.18463530380296,50.02526319585731,-6.13,BMY,石油巨獸與高股息個股,2023-09-30
53.53337860107422,54.11516078677537,55.06165573688511,51.84878868412851,-1.08,BMY,石油巨獸與高股息個股,2023-08-31
54.002281188964844,55.03296890943612,56.7722922392885,52.14402637321835,-1.87,BMY,石油巨獸與高股息個股,2023-07-31
55.04157638549805,55.48052553052948,57.201922544344555,54.12062811772975,-0.79,BMY,石油巨獸與高股息個股,2023-06-30
55.463321685791016,57.90768686919134,59.47416600808939,54.28416114280209,-4.22,BMY,石油巨獸與高股息個股,2023-05-31
57.46873474121094,58.92887248043138,61.16972796198764,56.82321200311171,-2.48,BMY,石油巨獸與高股息個股,2023-04-30
59.16789627075195,58.6471419982296,59.577645932548066,55.72759949947023,0.89,BMY,石油巨獸與高股息個股,2023-03-31
58.86910629272461,62.2667175051829,64.17893717045192,58.749592965294966,-5.46,BMY,石油巨獸與高股息個股,2023-02-28
62.0191535949707,60.778556711662596,64.02529892167563,60.397180683095634,2.04,BMY,石油巨獸與高股息個股,2023-01-31
60.939483642578125,68.16413168151298,68.97722190614813,60.02476103274268,-10.6,BMY,石油巨獸與高股息個股,2022-12-31
67.99472045898438,65.21668630147558,68.74853844332232,63.141614017147994,4.26,BMY,石油巨獸與高股息個股,2022-11-30
65.61475372314453,59.98299011075823,66.62264988801442,57.873456758405545,9.39,BMY,石油巨獸與高股息個股,2022-10-31
59.75601577758789,56.6459258693147,63.87480922079239,56.49462324228118,5.49,BMY,石油巨獸與高股息個股,2022-09-30
56.662723541259766,62.00034664178118,63.76552947618769,55.43549532887092,-8.61,BMY,石油巨獸與高股息個股,2022-08-31
62.017154693603516,64.7069799490377,64.80784388092648,60.739488499839446,-4.16,BMY,石油巨獸與高股息個股,2022-07-31
64.7237777709961,62.891570208425904,67.27411936852508,59.86136217575776,2.91,BMY,石油巨獸與高股息個股,2022-06-30
62.9833984375,62.91662556987602,65.62129039543704,61.497508750696895,0.11,BMY,石油巨獸與高股息個股,2022-05-31
62.83313751220703,61.096827370145384,65.25397650048595,60.938219008685124,2.84,BMY,石油巨獸與高股息個股,2022-04-30
60.963253021240234,56.44801479026777,61.447421157217164,55.79337223325452,8.0,BMY,石油巨獸與高股息個股,2022-03-31
56.90376663208008,53.870891817040366,57.44238786282487,52.12242983027189,5.63,BMY,石油巨獸與高股息個股,2022-02-28
53.771453857421875,50.987816977477614,54.566955346597226,50.16636408132147,5.46,BMY,石油巨獸與高股息個股,2022-01-31
51.21782302856445,44.30937270410546,51.89141256789075,44.28473000617489,15.59,BMY,石油巨獸與高股息個股,2021-12-31
44.054725646972656,47.890924801407834,49.451689678489124,43.71792851042029,-8.01,BMY,石油巨獸與高股息個股,2021-11-30
47.97307586669922,48.76987283950436,49.312052336849725,46.09193266540595,-1.63,BMY,石油巨獸與高股息個股,2021-10-31
48.6056022644043,54.829016472904485,54.829016472904485,48.38381771461622,-11.35,BMY,石油巨獸與高股息個股,2021-09-30
54.47865295410156,55.57049920161301,56.833465271648045,54.19345908861959,-1.96,BMY,石油巨獸與高股息個股,2021-08-31
55.301605224609375,54.12011806577808,56.442349164064254,53.59864426932012,2.18,BMY,石油巨獸與高股息個股,2021-07-31
54.04679489135742,53.70707499567442,54.95269418130757,51.13496882083445,0.63,BMY,石油巨獸與高股息個股,2021-06-30
53.157073974609375,50.7143689737144,54.96888246194683,50.67392751078237,4.82,BMY,石油巨獸與高股息個股,2021-05-31
50.48788833618164,51.10261246883061,54.13575321639068,49.751842645220016,-1.2,BMY,石油巨獸與高股息個股,2021-04-30
51.062171936035156,49.67978248768853,51.70228513035739,47.0553434757555,2.78,BMY,石油巨獸與高股息個股,2021-03-31
49.222312927246094,49.687811259793,51.87885413847603,47.64925269257041,-0.94,BMY,石油巨獸與高股息個股,2021-02-28
49.30257034301758,49.55137715201946,53.901362631266856,48.532093764803896,-0.5,BMY,石油巨獸與高股息個股,2021-01-31
49.784122467041016,50.281937813471906,50.75171374800147,47.710109768120645,-0.99,BMY,石油巨獸與高股息個股,2020-12-31
49.68477249145508,47.1288615265968,52.73433391093079,46.85018218880188,5.42,BMY,石油巨獸與高股息個股,2020-11-30
46.5396614074707,48.07637934572502,49.70068357053686,45.18606499343361,-3.2,BMY,石油巨獸與高股息個股,2020-10-31
47.64641189575195,49.1558562913886,49.20327158611358,44.96734670420647,-3.07,BMY,石油巨獸與高股息個股,2020-09-30
49.15586471557617,46.71387532413344,50.79175541061156,46.25549937898251,5.23,BMY,石油巨獸與高股息個股,2020-08-31
46.35824203491211,46.422907113180464,47.95462843533692,45.17281822131037,-0.14,BMY,石油巨獸與高股息個股,2020-07-31
46.11702346801758,46.6346638612991,48.760132018824,42.40726810432471,-1.11,BMY,石油巨獸與高股息個股,2020-06-30
46.83858871459961,47.724842988433565,51.24637024985039,46.36016207596744,-1.86,BMY,石油巨獸與高股息個股,2020-05-31
47.6934814453125,41.70912418948694,49.552274991112625,41.6313388694765,14.35,BMY,石油巨獸與高股息個股,2020-04-30
43.358192443847656,46.33742578457742,48.110954662140216,35.59510137303673,-6.43,BMY,石油巨獸與高股息個股,2020-03-31
45.94071960449219,49.083287175617784,52.73925706499564,43.848260325411786,-6.4,BMY,石油巨獸與高股息個股,2020-02-29
48.966609954833984,49.66667979037425,53.15930072331657,48.624347402548224,-1.41,BMY,石油巨獸與高股息個股,2020-01-31
49.58112335205078,44.29009339621259,50.0136656509283,43.78030062380985,11.95,BMY,石油巨獸與高股息個股,2019-12-31
43.98112869262695,44.79216527292519,45.71133153714501,42.71437678900742,-1.81,BMY,石油巨獸與高股息個股,2019-11-30
44.313270568847656,39.13372803324668,44.96982246199426,37.31071067350239,13.24,BMY,石油巨獸與高股息個股,2019-10-31
38.8426628112793,36.682614409740566,39.39416675812209,36.200048392744726,5.89,BMY,石油巨獸與高股息個股,2019-09-30
36.82048034667969,34.12424931490089,37.640081075491,34.01701308239557,7.9,BMY,石油巨獸與高股息個股,2019-08-31
34.01701736450195,34.70525925114423,35.74811832990609,32.538685775446886,-1.98,BMY,石油巨獸與高股息個股,2019-07-31
34.431922912597656,34.363597574963904,37.62077106011497,33.81693347797029,0.2,BMY,石油巨獸與高股息個股,2019-06-30
34.447113037109375,35.168400291510295,37.8181795845805,34.05989464212859,-2.05,BMY,石油巨獸與高股息個股,2019-05-31
35.251914978027344,36.162833897350694,36.20046374404214,33.81693489877225,-2.52,BMY,石油巨獸與高股息個股,2019-04-30
35.90695571899414,38.88727249683381,40.92684397521329,35.01135251599995,-7.66,BMY,石油巨獸與高股息個股,2019-03-31
38.87975311279297,36.885345397103,39.73773515152868,36.56172634764318,5.41,BMY,石油巨獸與高股息個股,2019-02-28
37.156272888183594,38.33676743632612,39.456852184740185,33.34055251634007,-3.08,BMY,石油巨獸與高股息個股,2019-01-31
38.81467819213867,40.00943491337311,40.50973499131806,35.76057520517094,-2.99,BMY,石油巨獸與高股息個股,2018-12-31
39.9198112487793,37.84392488318516,40.92789681812589,37.231611833062416,5.49,BMY,石油巨獸與高股息個股,2018-11-30
37.73938751220703,46.27575630146111,47.55879730023985,35.05118440820186,-18.45,BMY,石油巨獸與高股息個股,2018-10-31
46.06059646606445,44.888313572658916,46.46125984576205,44.161193612570166,2.61,BMY,石油巨獸與高股息個股,2018-09-30
44.92540740966797,43.671508495102096,45.697042794971324,43.50826764692573,2.87,BMY,石油巨獸與高股息個股,2018-08-31
43.58988952636719,40.63945727798077,45.25186598692692,40.13118882333743,7.26,BMY,石油巨獸與高股息個股,2018-07-31
40.764686584472656,38.9747028355578,41.1403627983972,36.80903732447713,4.59,BMY,石油巨獸與高股息個股,2018-06-30
38.76107406616211,38.2896360444581,39.37247684155342,36.80166012087085,1.23,BMY,石油巨獸與高股息個股,2018-05-31
38.4001350402832,46.06123950407228,46.54717831033202,37.24363463822617,-16.63,BMY,石油巨獸與高股息個股,2018-04-30
46.29546356201172,48.38149595286937,49.93322870173695,45.18291747867579,-4.31,BMY,石油巨獸與高股息個股,2018-03-31
48.45469665527344,45.512279019674224,51.27269856533422,42.77480553455932,6.47,BMY,石油巨獸與高股息個股,2018-02-28
45.819698333740234,44.64839241301335,47.547093956283355,43.492113611525205,2.62,BMY,石油巨獸與高股息個股,2018-01-31
44.56113815307617,45.92821783975005,46.51723854143389,44.05939206318078,-2.98,BMY,石油巨獸與高股息個股,2017-12-31
45.95002746582031,44.9828947778824,46.39360311717306,43.73943660339093,2.15,BMY,石油巨獸與高股息個股,2017-11-30
44.837467193603516,46.11413141344877,48.06611227310955,43.47764910530032,-2.77,BMY,石油巨獸與高股息個股,2017-10-31
46.070777893066406,43.62772212696549,46.07800460217419,42.9266162049924,5.6,BMY,石油巨獸與高股息個股,2017-09-30
43.71446228027344,41.307562936204846,43.90961646208397,39.811380800482745,5.83,BMY,石油巨獸與高股息個股,2017-08-31
41.126869201660156,40.38961410522461,41.343706267606024,37.62855944991904,1.83,BMY,石油巨獸與高股息個股,2017-07-31
39.99483108520508,38.76025833888784,41.55960652661134,37.00885908290341,3.19,BMY,石油巨獸與高股息個股,2017-06-30
38.724365234375,40.43985229356603,40.791566802744754,38.27215763423316,-4.24,BMY,石油巨獸與高股息個股,2017-05-31
40.23170471191406,38.85872712523387,40.43268565452742,37.69075346388141,3.53,BMY,石油巨獸與高股息個股,2017-04-30
38.751834869384766,40.61887245074751,41.71629619020092,38.59505938559852,-4.6,BMY,石油巨獸與高股息個股,2017-03-31
40.41222381591797,35.01061982018053,40.76853167724873,34.433403261711526,15.43,BMY,石油巨獸與高股息個股,2017-02-28
35.03199768066406,41.6125376291298,43.07739447134059,32.787270115572284,-15.81,BMY,石油巨獸與高股息個股,2017-01-31
41.3718376159668,39.60200230720544,42.426666280739326,38.48345617480143,4.47,BMY,石油巨獸與高股息個股,2016-12-31
39.95596694946289,36.055228358599244,40.74177695598719,35.46763585114979,10.82,BMY,石油巨獸與高股息個股,2016-11-30
36.04106903076172,37.9232895814714,39.57367897415538,34.71015757548068,-4.96,BMY,石油巨獸與高股息個股,2016-10-31
512.9450073242188,519.8800048828125,522.8499755859375,512.6199951171875,-1.33,MSFT,石油巨獸與高股息個股,2026-10-31
512.9000244140625,497.5199890136719,519.8300170898438,486.0,3.09,MSFT,石油巨獸與高股息個股,2026-09-30
507.2900085449219,475.2353605631651,517.780029296875,474.10747895013026,6.75,MSFT,石油巨獸與高股息個股,2026-08-31
463.8468017578125,380.1144231011508,465.962813447145,372.64849496928053,22.03,MSFT,石油巨獸與高股息個股,2026-07-31
372.319091796875,463.96658383705716,465.4438139523178,348.54386902384044,-19.75,MSFT,石油巨獸與高股息個股,2026-06-30
449.3940124511719,411.1338775963461,449.48383969057267,399.2620170659624,9.31,MSFT,石油巨獸與高股息個股,2026-05-31
406.1341552734375,371.98254731341393,431.9495495900464,362.680245817395,9.18,MSFT,石油巨獸與高股息個股,2026-04-30
368.67596435546875,391.2743390590049,411.38287590243635,354.8419936524484,-5.78,MSFT,石油巨獸與高股息個股,2026-03-31
391.15484619140625,427.5277051213245,428.0245530606437,380.16937672197673,-8.51,MSFT,石油巨獸與高股息個股,2026-02-28
427.5773620605469,481.3363251826272,486.6128550141313,418.36581575660404,-11.17,MSFT,石油巨獸與高股息個股,2026-01-31
480.5711669921875,485.3607732415945,490.38888506208144,467.911505956298,-0.99,MSFT,石油巨獸與高股息個股,2025-12-31
488.9082946777344,515.5680119038287,520.676008789008,461.9592459889855,-5.17,MSFT,石油巨獸與高股息個股,2025-11-30
513.5843505859375,510.5989672146665,549.2013167264516,501.87073577210117,0.58,MSFT,石油巨獸與高股息個股,2025-10-31
513.7232666015625,496.38587753866574,515.0621842649809,488.35199810583333,3.49,MSFT,石油巨獸與高股息個股,2025-09-30
502.5551452636719,529.7632164041114,532.981410508703,494.4419229807315,-5.14,MSFT,石油巨獸與高股息個股,2025-08-31
528.2778930664062,491.61032989433573,550.0130499577134,483.9164603345879,7.46,MSFT,石油巨獸與高股息個股,2025-07-31
492.54119873046875,452.6653804963421,495.85841392483957,452.41782757710985,8.81,MSFT,石油巨獸與高股息個股,2025-06-30
455.8537902832031,426.1078502028247,457.9926743719098,419.9699127886788,6.98,MSFT,石油巨獸與高股息個股,2025-05-31
390.6738586425781,370.3030004386035,392.0576085897077,340.7894367933375,5.5,MSFT,石油巨獸與高股息個股,2025-04-30
371.03436279296875,394.1925819302831,397.4838599812305,362.97890314508544,-5.87,MSFT,石油巨獸與高股息個股,2025-03-31
392.38372802734375,406.0101743775102,414.4447923675228,382.0846478468725,-3.36,MSFT,石油巨獸與高股息個股,2025-02-28
409.4231872558594,419.7509810335182,442.29067649663904,405.14208486737954,-2.46,MSFT,石油巨獸與高股息個股,2025-01-31
415.7757263183594,415.84474493949193,449.96499320791463,414.9471377359365,-0.02,MSFT,石油巨獸與高股息個股,2024-12-31
417.7090759277344,402.64935394725995,423.21330950979313,399.26283871579096,3.74,MSFT,石油巨獸與高股息個股,2024-11-30
400.0307312011719,421.78706729834266,431.68074872313076,399.9814907408766,-5.16,MSFT,石油巨獸與高股息個股,2024-10-31
423.6082458496094,411.41094371784055,434.9786922694464,394.5670056307313,2.96,MSFT,石油巨獸與高股息個股,2024-09-30
410.65289306640625,413.50088916463085,420.1528703345148,378.9007621776494,-0.69,MSFT,石油巨獸與高股息個股,2024-08-31
411.1031188964844,440.88808384173325,460.2370169877969,405.0694649339739,-6.76,MSFT,石油巨獸與高股息個股,2024-07-31
439.2077331542969,408.3319723384426,448.2680202655606,401.83648858598,7.56,MSFT,石油巨獸與高股息個股,2024-06-30
407.9389343261719,385.11433904555116,426.0889486573305,382.85826224732904,5.93,MSFT,石油巨獸與高股息個股,2024-05-31
381.8969421386719,415.856044584665,421.1725504908495,380.6217622511499,-8.17,MSFT,石油巨獸與高股息個股,2024-04-30
412.6877136230469,403.41813008815376,422.59484462108253,390.7839881082766,2.3,MSFT,石油巨獸與高股息個股,2024-03-31
405.742919921875,393.4307745878308,412.02383590927224,389.63638185870155,3.13,MSFT,石油巨獸與高股息個股,2024-02-29
389.26959228515625,366.045381402949,406.6388032074163,358.8392992881915,6.34,MSFT,石油巨獸與高股息個股,2024-01-31
368.1798400878906,368.884854564053,370.2555853515813,355.3145134346435,-0.19,MSFT,石油巨獸與高股息個股,2023-12-31
370.9898681640625,332.01374650613616,376.2672475889846,331.8769361620282,11.74,MSFT,石油巨獸與高股息個股,2023-11-30
330.3721618652344,309.04173366618016,338.2770379621599,304.0877634575696,6.9,MSFT,石油巨獸與高股息個股,2023-10-31
308.5238342285156,323.7277442108601,333.0592103619418,302.36804670236813,-4.7,MSFT,石油巨獸與高股息個股,2023-09-30
320.259033203125,326.827001708787,330.0934250583603,304.4199257759019,-2.01,MSFT,石油巨獸與高股息個股,2023-08-31
327.5388488769531,330.72726202126387,357.6288755346599,318.84137119543414,-0.96,MSFT,石油巨獸與高股息個股,2023-07-31
332.04351806640625,317.7980281716673,342.70085137133475,314.45362725824225,4.48,MSFT,石油巨獸與高股息個股,2023-06-30
320.19671630859375,298.6582327311371,327.5583326539221,295.1849176329067,7.21,MSFT,石油巨獸與高股息個股,2023-05-31
298.9404296875,278.7619618964318,300.5651950095922,267.91382992661585,7.24,MSFT,石油巨獸與高股息個股,2023-04-30
280.49365234375,243.97017580621457,281.4373887179891,238.95965271701235,14.97,MSFT,石油巨獸與高股息個股,2023-03-31
242.66647338867188,240.68212262765826,268.5935048183664,238.2267779645673,0.82,MSFT,石油巨獸與高股息個股,2023-02-28
240.49769592285156,235.90728230837536,242.45812290706542,212.8774972822173,1.95,MSFT,石油巨獸與高股息個股,2023-01-31
232.74349975585938,246.378856625145,256.13232821113195,226.9690262734001,-5.53,MSFT,石油巨獸與高股息個股,2022-12-31
247.61143493652344,227.03770950079402,247.79583086530997,206.55010773152472,9.06,MSFT,石油巨獸與高股息個股,2022-11-30
224.64727783203125,227.82159220301807,242.94774252500142,212.0663836762347,-1.39,MSFT,石油巨獸與高股息個股,2022-10-31
225.3925018310547,250.52527194796352,258.82876464312335,225.22798352444488,-10.03,MSFT,石油巨獸與高股息個股,2022-09-30
253.04148864746094,268.2950273632756,284.09412741241835,252.25762926790654,-5.69,MSFT,石油巨獸與高股息個股,2022-08-31
271.1148681640625,247.59975426359935,272.33167871252647,237.5079908622042,9.5,MSFT,石油巨獸與高股息個股,2022-07-31
248.02462768554688,265.7648261496329,268.16944748829445,233.22988499278367,-6.68,MSFT,石油巨獸與高股息個股,2022-06-30
262.54901123046875,267.56556930704056,280.2546001760667,237.99085911430905,-1.87,MSFT,石油巨獸與高股息個股,2022-05-31
267.3824768066406,298.0690878498517,303.5994397899151,260.137278279722,-10.3,MSFT,石油巨獸與高股息個股,2022-04-30
297.0478515625,285.5728578838848,304.40876140768165,260.1372168079997,4.02,MSFT,石油巨獸與高股息個股,2022-03-31
287.8755187988281,298.45396439636784,302.98257070424955,261.60163542289047,-3.54,MSFT,石油巨獸與高股息個股,2022-02-28
299.0019836425781,322.433341000755,324.98126516990294,265.4173418936867,-7.27,MSFT,石油巨獸與高股息個股,2022-01-31
323.3659973144531,322.2218403334276,331.03872891487487,305.0304840740271,0.36,MSFT,石油巨獸與高股息個股,2021-12-31
317.8566589355469,318.01525586042806,336.2018030638584,313.2262255270214,-0.05,MSFT,石油巨獸與高股息個股,2021-11-30
318.2648010253906,270.7582465838053,318.62950212965984,268.96353787366274,17.55,MSFT,石油巨獸與高股息個股,2021-10-31
270.5663146972656,290.6727160465833,293.0239921430995,270.278378953934,-6.92,MSFT,石油巨獸與高股息個股,2021-09-30
289.722412109375,274.3023442842748,293.52300710937357,271.7926682142206,5.62,MSFT,石油巨獸與高股息個股,2021-08-31
272.91339111328125,258.25756057715324,277.9327573622619,258.24800152371677,5.67,MSFT,石油巨獸與高股息個股,2021-07-31
259.4932861328125,240.65156753252833,260.2117939597386,232.76813099742398,7.83,MSFT,石油巨獸與高股息個股,2021-06-30
239.16683959960938,242.1710003473486,243.0789143649509,227.5203826295477,-1.24,MSFT,石油巨獸與高股息個股,2021-05-31
241.0050506591797,227.9026180384794,251.52723678852888,227.50123135762215,5.75,MSFT,石油巨獸與高股息個股,2021-04-30
225.32223510742188,225.44650726256452,230.36826626043398,214.32228361038455,-0.06,MSFT,石油巨獸與高股息個股,2021-03-31
222.0824737548828,224.1274947645994,234.68266680852793,217.78188435010034,-0.91,MSFT,石油巨獸與高股息個股,2021-02-28
221.17169189453125,212.18027520947413,231.35499244547177,202.0828229184312,4.24,MSFT,石油巨獸與高股息個股,2021-01-31
212.0753936767578,204.53330510854798,216.61400540208348,199.38444989929366,3.69,MSFT,石油巨獸與高股息個股,2020-12-31
204.11376953125,194.2799538734767,216.94228977274764,190.31428213947027,5.06,MSFT,石油巨獸與高股息個股,2020-11-30
192.5491180419922,203.02916650629612,214.17492142049753,189.83876017002257,-5.16,MSFT,石油巨獸與高股息個股,2020-10-31
200.02406311035156,214.4601710654626,221.45004902915983,186.6339321767802,-6.73,MSFT,石油巨獸與高股息個股,2020-09-30
214.47926330566406,200.67060447829826,219.82386528727073,192.72048608763345,6.88,MSFT,石油巨獸與高股息個股,2020-08-31
194.49452209472656,192.72042765399385,205.28134636486303,187.37918351676916,0.92,MSFT,石油巨獸與高股息個股,2020-07-31
193.07151794433594,173.17710663559222,193.9158673019454,172.04812518661575,11.49,MSFT,石油巨獸與高股息個股,2020-06-30
173.8506622314453,166.31957965837367,177.3980669441104,164.4274181980878,4.53,MSFT,石油巨獸與高股息個股,2020-05-31
169.54566955566406,144.74913922915178,170.67148377407221,142.25151679459384,17.13,MSFT,石油巨獸與高股息個股,2020-04-30
149.2051239013672,156.39525905232836,165.56270392318126,125.3735689196874,-4.6,MSFT,石油巨獸與高股息個股,2020-03-31
153.27325439453125,160.79992994302856,179.92465024052413,143.80307053825447,-4.68,MSFT,石油巨獸與高股息個股,2020-02-29
160.6112518310547,149.80822213313544,164.2153941915774,147.6665150898337,7.21,MSFT,石油巨獸與高股息個股,2020-01-31
148.7892608642578,143.232103184922,150.53473209198071,138.3636798046277,3.88,MSFT,石油巨獸與高股息個股,2019-12-31
142.82640075683594,135.6470967924306,143.88307913372716,134.4341212565321,5.29,MSFT,石油巨獸與高股息個股,2019-11-30
134.8102264404297,131.32174631835753,136.97290222715964,125.266206093918,2.66,MSFT,石油巨獸與高股息個股,2019-10-31
130.7293243408203,128.45387585394275,133.86995650837275,126.47924857035898,1.77,MSFT,石油巨獸與高股息個股,2019-09-30
129.62924194335938,128.39304037400944,132.08551404213475,122.56379297487317,0.96,MSFT,石油巨獸與高股息個股,2019-08-31
127.7088851928711,128.04628821387894,132.77899384607088,126.209384896759,-0.26,MSFT,石油巨獸與高股息個股,2019-07-31
125.54399871826172,116.06915576760241,129.70508292776324,111.53323089252349,8.16,MSFT,石油巨獸與高股息個股,2019-06-30
115.90982055664062,121.87834865100939,122.26390402423397,114.8847894946365,-4.9,MSFT,石油巨獸與高股息個股,2019-05-31
121.94367980957031,111.06585029498783,122.66265520443052,110.2721907262635,9.79,MSFT,石油巨獸與高股息個股,2019-04-30
110.12281799316406,105.40754293114438,112.81192367292404,101.5886213478002,4.47,MSFT,石油巨獸與高股息個股,2019-03-31
104.60455322265625,96.48928049497349,105.73434415688274,95.15974010012883,8.41,MSFT,石油巨獸與高股息個股,2019-02-28
97.09361267089844,92.55644686887081,100.31983528048782,90.37155640954086,4.9,MSFT,石油巨獸與高股息個股,2019-01-31
94.43451690673828,105.06155898572406,105.4520515733395,87.35913913027805,-10.12,MSFT,石油巨獸與高股息個股,2018-12-31
103.09976959228516,99.10143692734589,103.90606680782544,92.37048329203554,4.03,MSFT,石油巨獸與高股息個股,2018-11-30
98.87922668457031,106.22971121214125,107.5535312169723,92.67672520053253,-6.92,MSFT,石油巨獸與高股息個股,2018-10-31
105.87791442871094,102.61929096397293,106.72958216500041,99.2680705138481,3.18,MSFT,石油巨獸與高股息個股,2018-09-30
103.98939514160156,97.78087880017299,104.40597939959572,96.68347798709931,6.35,MSFT,石油巨獸與高股息個股,2018-08-31
97.82697296142578,90.46783472616775,102.5025393493425,90.37561611688773,8.13,MSFT,石油巨獸與高股息個股,2018-07-31
90.93814849853516,91.55603078071445,94.70071128451524,89.69318669815428,-0.67,MSFT,石油巨獸與高股息個股,2018-06-30
91.15023803710938,85.5872964021615,92.21076936765049,84.88946422941343,6.5,MSFT,石油巨獸與高股息個股,2018-05-31
85.8719482421875,83.07140255330806,89.89378701160288,80.35347094961774,3.37,MSFT,石油巨獸與高股息個股,2018-04-30
83.80596923828125,86.30349940884442,89.2877207729822,79.95862492828141,-2.89,MSFT,石油巨獸與高股息個股,2018-03-31
86.10147857666016,86.63113921666623,88.00220289636489,76.61448484167151,-0.61,MSFT,石油巨獸與高股息個股,2018-02-28
86.83221435546875,78.71653198436441,87.23432860559907,78.14076047002398,10.31,MSFT,石油巨獸與高股息個股,2018-01-31
78.17732238769531,76.40431202923496,79.96861574532907,73.75389959720049,2.32,MSFT,石油巨獸與高股息個股,2017-12-31
76.92524719238281,76.0952516334107,77.73865728550771,75.16134738751832,1.09,MSFT,石油巨獸與高股息個股,2017-11-30
75.64057159423828,67.9382780482574,78.38684061989646,67.02894412917503,11.34,MSFT,石油巨獸與高股息個股,2017-10-31
67.73822784423828,67.93829476552037,69.08408307143416,66.3105420224628,-0.29,MSFT,石油巨獸與高股息個股,2017-09-30
67.99285888671875,66.12193904659311,68.16563954429104,64.47567498856384,2.83,MSFT,石油巨獸與高股息個股,2017-08-31
65.7601318359375,62.71182264293028,67.31591717891281,61.526869363819856,4.86,MSFT,石油巨獸與高股息個股,2017-07-31
62.35001754760742,63.534952743536984,65.9319967290693,61.5901933284663,-1.87,MSFT,石油巨獸與高股息個股,2017-06-30
63.173126220703125,61.76979899300507,63.9872143217119,60.73087951903406,2.27,MSFT,石油巨獸與高股息個股,2017-05-31
61.571929931640625,59.18857397131018,62.183512340400455,58.32515211560678,4.03,MSFT,石油巨獸與高股息個股,2017-04-30
59.233551025390625,57.67760554901557,59.53034999467545,57.21892370439519,2.7,MSFT,石油巨獸與高股息個股,2017-03-31
57.54269790649414,57.53565608196032,58.67592878979804,56.09636060237073,0.01,MSFT,石油巨獸與高股息個股,2017-02-28
57.79489517211914,56.13212136946368,58.921285066037676,55.381189295636744,2.96,MSFT,石油巨獸與高股息個股,2017-01-31
55.55105209350586,53.73630336493328,57.30321546721314,52.56519815350003,3.38,MSFT,石油巨獸與高股息個股,2016-12-31
53.87038803100586,53.251404824299925,54.89845365233406,50.86277269853061,1.16,MSFT,石油巨獸與高股息個股,2016-11-30
53.207000732421875,50.978197623946905,54.49456403252839,50.01030431236081,4.37,MSFT,石油巨獸與高股息個股,2016-10-31
225.00999450683594,230.75999450683594,234.27000427246094,224.58999633789062,-2.49,IBM,石油巨獸與高股息個股,2026-10-31
219.92999267578125,231.0,251.82000732421875,218.60000610351562,-4.79,IBM,石油巨獸與高股息個股,2026-09-30
233.8699951171875,226.7037524426992,241.8000030517578,221.70956836703579,3.16,IBM,石油巨獸與高股息個股,2026-08-31
222.05706787109375,277.66815242960917,309.5792143346339,197.77128808096214,-20.03,IBM,石油巨獸與高股息個股,2026-07-31
279.20709228515625,320.2526516961638,330.0920765561894,241.9444108964294,-12.82,IBM,石油巨獸與高股息個股,2026-06-30
295.6789245605469,231.17797642644223,298.8561448652482,210.82763027417263,27.9,IBM,石油巨獸與高股息個股,2026-05-31
227.65928649902344,238.63914534174,254.78364464866746,218.5422734220594,-4.6,IBM,石油巨獸與高股息個股,2026-04-30
238.90525817871094,232.31144416305978,256.63663366032154,230.38948432536125,2.84,IBM,石油巨獸與高股息個股,2026-03-31
236.75662231445312,301.3707961247758,310.3185271019021,217.5467979560888,-21.44,IBM,石油巨獸與高股息個股,2026-02-28
300.57696533203125,291.61943414919784,313.5134386185288,283.2303305571934,3.07,IBM,石油巨獸與高股息個股,2026-01-31
290.29638671875,300.39073122494136,309.054280031851,289.7965819176984,-3.36,IBM,石油巨獸與高股息個股,2025-12-31
302.41943359375,300.1958616951781,318.4136191020833,282.3189062838342,0.74,IBM,石油巨獸與高股息個股,2025-11-30
299.62078857421875,273.1002638230121,311.2582921199115,256.8818449554671,9.71,IBM,石油巨獸與高股息個股,2025-10-31
275.0105895996094,234.79602581822925,281.5310827693081,232.21317795147314,17.13,IBM,石油巨獸與高股息個股,2025-09-30
237.32040405273438,243.3941228917163,246.86965452896786,227.4470885866284,-2.5,IBM,石油巨獸與高股息個股,2025-08-31
245.07862854003906,285.158632139097,286.1848356018749,244.17828749706848,-14.06,IBM,石油巨獸與高股息個股,2025-07-31
285.38134765625,249.62879382388235,286.7173059029788,249.0188758278498,14.32,IBM,石油巨獸與高股息個股,2025-06-30
250.80018615722656,232.19683958799345,260.69435766102106,228.840443640913,8.01,IBM,石油巨獸與高股息個股,2025-05-31
232.5623016357422,238.53454076307548,243.1123334136196,206.28817697951666,-2.5,IBM,石油巨獸與高股息個股,2025-04-30
239.14041137695312,244.98765981446869,256.24938244085615,228.1383909904911,-2.39,IBM,石油巨獸與高股息個股,2025-03-31
242.77572631835938,241.13081525953953,254.94141926137434,237.10158991325872,0.68,IBM,石油巨獸與高股息個股,2025-02-28
244.283447265625,211.91615279946407,250.111099315185,205.02805836314184,15.27,IBM,石油巨獸與高股息個股,2025-01-31
210.01498413085938,217.3425312961529,228.6634721833848,207.93230879254781,-3.37,IBM,石油巨獸與高股息個股,2024-12-31
217.25657653808594,196.941337471583,220.0748616946403,194.85599190658937,10.32,IBM,石油巨獸與高股息個股,2024-11-30
195.94602966308594,209.13108799675555,224.9985967886784,192.9033242303272,-6.3,IBM,石油巨獸與高股息個股,2024-10-31
209.55763244628906,191.38675125380118,212.4676244936557,188.95068252737548,9.49,IBM,石油巨獸與高股息個股,2024-09-30
191.5952911376953,181.1764399872754,191.63320003353002,170.84010892666754,5.75,IBM,石油巨獸與高股息個股,2024-08-31
180.54684448242188,162.98455104679115,184.41825614699275,162.91878208996437,10.78,IBM,石油巨獸與高股息個股,2024-07-31
162.5146942138672,156.4914653021063,167.69224204795896,153.66308491351847,3.85,IBM,石油巨獸與高股息個股,2024-06-30
156.7827606201172,154.16241334128526,164.87324640139883,151.30597417075646,1.7,IBM,石油巨獸與高股息個股,2024-05-31
154.6369171142578,176.78108038784637,179.83288597257015,153.76231373105676,-12.53,IBM,石油巨獸與高股息個股,2024-04-30
177.67430114746094,172.58484445304217,185.32241307747867,172.29640026585153,2.95,IBM,石油巨獸與高股息個股,2024-03-31
172.15684509277344,169.3106856776069,175.8041381888884,166.31379025184984,1.68,IBM,石油巨獸與高股息個股,2024-02-29
169.33834838867188,150.13264614412412,181.54587372999728,145.57786474836422,12.79,IBM,石油巨獸與高股息個股,2024-01-31
150.79649353027344,146.0573022924586,153.36889651863734,145.67927042936074,3.24,IBM,石油巨獸與高股息個股,2023-12-31
146.1956329345703,132.19377424589152,146.23252164949025,131.6923468027286,10.59,IBM,石油巨獸與高股息個股,2023-11-30
131.8656005859375,127.67182896193151,131.97499790522733,123.87014710921746,3.28,IBM,石油巨獸與高股息個股,2023-10-31
127.90887451171875,134.25417974730615,138.51173616902634,127.27981226103545,-4.73,IBM,石油巨獸與高股息個股,2023-09-30
133.86216735839844,130.01384940289728,134.68267496645083,127.41657020806953,2.96,IBM,石油巨獸與高股息個股,2023-08-31
129.95079040527344,120.25266953045009,130.3293524782904,118.56723571427167,8.06,IBM,石油巨獸與高股息個股,2023-07-31
120.60419464111328,115.76414646241923,125.70560533741975,115.16927913795762,4.18,IBM,石油巨獸與高股息個股,2023-06-30
115.89934539794922,112.34847658531203,117.23331342373211,108.26712830426092,3.16,IBM,石油巨獸與高股息個股,2023-05-31
112.4018325805664,116.4565197896374,117.91478213670528,110.75684262553601,-3.48,IBM,石油巨獸與高股息個股,2023-04-30
116.56322479248047,114.61589448904871,116.90999649856441,108.22266322843193,1.7,IBM,石油巨獸與高股息個股,2023-03-31
114.9715805053711,118.13536264090135,122.16506275431628,114.58032047330337,-2.68,IBM,石油巨獸與高股息個股,2023-02-28
118.3461685180664,123.94155502146009,129.28220046401503,116.8089929360072,-4.51,IBM,石油巨獸與高股息個股,2023-01-31
123.75711822509766,131.7417003906767,134.57891111964844,120.51582387173205,-6.06,IBM,石油巨獸與高股息個股,2022-12-31
130.7930145263672,120.00731789788647,132.16334708292632,116.29205908920753,8.99,IBM,石油巨獸與高股息個股,2022-11-30
120.0420150756836,104.3043665256625,120.53682299344824,100.3026591586157,15.09,IBM,石油巨獸與高股息個股,2022-10-31
103.13249969482422,111.45705812293109,113.70529513140961,102.9588932170244,-7.47,IBM,石油巨獸與高股息個股,2022-09-30
111.50045776367188,112.0847801631803,120.95347074587198,111.45705283340298,-0.52,IBM,石油巨獸與高股息個股,2022-08-31
112.11907196044922,120.8715381729243,121.61734284162654,107.26705693307161,-7.24,IBM,石油巨獸與高股息個股,2022-07-31
121.0344009399414,119.73140879427655,124.06906495437235,113.88498889811629,1.09,IBM,石油巨獸與高股息個股,2022-06-30
119.01986694335938,112.64709609883529,119.86854401896821,107.84142180942385,5.66,IBM,石油巨獸與高股息個股,2022-05-31
111.97798919677734,109.81823082286991,120.16820969335512,105.79512075792341,1.97,IBM,石油巨獸與高股息個股,2022-04-30
110.12312316894531,103.89790073279434,112.71486741948166,102.22936731527356,5.99,IBM,石油巨獸與高股息個股,2022-03-31
103.76239013671875,111.94239204938287,116.17704372481853,100.6285776638451,-7.31,IBM,石油巨獸與高股息個股,2022-02-28
111.78340911865234,112.2018480967783,119.00573724336941,103.93336205630312,-0.37,IBM,石油巨獸與高股息個股,2022-01-31
111.85873413085938,98.9622242680525,112.97179949923687,97.54789731433034,13.03,IBM,石油巨獸與高股息個股,2021-12-31
97.99981689453125,98.73323500383968,103.05197427051327,95.87410702322836,-0.74,IBM,石油巨獸與高股息個股,2021-11-30
98.7727279663086,111.32657761794847,115.2743095408116,98.39371671077399,-11.28,IBM,石油巨獸與高股息個股,2021-10-31
109.69219970703125,110.52121984390392,110.9870565340271,104.8364525406343,-0.75,IBM,石油巨獸與高股息個股,2021-09-30
110.80545043945312,110.41070499377868,113.48992188071323,108.33414665043122,0.36,IBM,石油巨獸與高股息個股,2021-08-31
110.02825927734375,114.7116274713529,115.13313036702391,106.32055327544397,-4.08,IBM,石油巨獸與高股息個股,2021-07-31
114.42280578613281,113.18174011548871,119.30135404681361,111.65183035903888,1.1,IBM,石油巨獸與高股息個股,2021-06-30
112.19820404052734,111.01247965555473,115.82002661396818,109.99699622639304,1.07,IBM,石油巨獸與高股息個股,2021-05-31
109.52264404296875,103.25451537748863,114.81813387802919,100.645352110682,6.07,IBM,石油巨獸與高股息個股,2021-04-30
102.86853790283203,92.90279413551836,105.80963020847543,91.67544000138287,10.73,IBM,石油巨獸與高股息個股,2021-03-31
91.8066635131836,91.33496092061841,95.99055262049956,89.97900059450026,0.52,IBM,石油巨獸與高股息個股,2021-02-28
90.7331314086914,95.8674054182436,100.73505429011247,89.4000565857493,-5.36,IBM,石油巨獸與高股息個股,2021-01-31
95.89025115966797,94.38196477025323,97.26904863508263,92.72133188637237,1.6,IBM,石油巨獸與高股息個股,2020-12-31
94.09249877929688,84.58566507781296,95.45607069724831,83.4668379599427,11.24,IBM,石油巨獸與高股息個股,2020-11-30
83.84229278564453,91.87661096554336,101.74304657550442,79.53226859864827,-8.74,IBM,石油巨獸與高股息個股,2020-10-31
91.35850524902344,92.24453153514293,97.57572170534368,87.46146723791784,-0.96,IBM,石油巨獸與高股息個股,2020-09-30
92.5899429321289,91.53410213036989,97.96617563257035,90.53353036360357,1.15,IBM,石油巨獸與高股息個股,2020-08-31
91.11907196044922,89.14013904128723,97.96002591013436,85.38241902544519,2.22,IBM,石油巨獸與高股息個股,2020-07-31
89.5107192993164,92.37903909764563,100.70976253315887,85.88640176640371,-3.1,IBM,石油巨獸與高股息個股,2020-06-30
92.57176208496094,90.0960503552363,94.10593129509292,82.86987166921263,2.75,IBM,石油巨獸與高股息個股,2020-05-31
91.82936096191406,77.78729474460422,94.57195037909175,76.44159168497272,18.05,IBM,石油巨獸與高股息個股,2020-04-30
81.12960815429688,95.62514016115904,99.53788255875413,66.2318324927443,-15.16,IBM,石油巨獸與高股息個股,2020-03-31
95.18629455566406,104.40822234370465,114.90326853518245,92.41445035575146,-8.83,IBM,石油巨獸與高股息個股,2020-02-29
104.03184509277344,97.71305144462613,105.52285586255903,96.41021964088087,6.47,IBM,石油巨獸與高股息個股,2020-01-31
97.01819610595703,97.31497542288405,98.74086344157865,94.59348372014496,-0.3,IBM,石油巨獸與高股息個股,2019-12-31
97.31497955322266,96.21475902322335,100.70956534131582,95.92146617786376,1.14,IBM,石油巨獸與高股息個股,2019-11-30
95.66393280029297,104.14799174080038,105.4070111603843,93.63948880411269,-8.15,IBM,石油巨獸與高股息個股,2019-10-31
104.0263900756836,96.46515088754633,104.84904401540032,95.37781610562378,7.84,IBM,石油巨獸與高股息個股,2019-09-30
96.95157623291016,105.27542505051458,108.13881696394384,92.1587110912051,-7.91,IBM,石油巨獸與高股息個股,2019-08-31
104.80876159667969,98.7000989412928,107.42475867540692,98.36780970458503,6.19,IBM,石油巨獸與高股息個股,2019-07-31
97.49818420410156,89.8623409344112,99.08895334876699,89.83406187186755,8.5,IBM,石油巨獸與高股息個股,2019-06-30
89.78458404541016,98.20523451858375,99.08562368400753,89.68559603035258,-8.57,IBM,石油巨獸與高股息個股,2019-05-31
98.00959014892578,98.87600070541944,101.58702839024714,95.20770794624535,-0.88,IBM,石油巨獸與高股息個股,2019-04-30
98.58952331542969,97.33882296468195,99.30222904941502,93.33514347189889,1.28,IBM,石油巨獸與高股息個股,2019-03-31
96.51433563232422,93.2202260453938,98.16331458514139,91.85270929438224,3.53,IBM,石油巨獸與高股息個股,2019-02-28
92.84037017822266,77.36236940821196,93.52412327056467,77.14135660249985,20.01,IBM,石油巨獸與高股息個股,2019-01-31
78.50890350341797,86.79698341460282,87.43240219890431,73.16996809606756,-9.55,IBM,石油巨獸與高股息個股,2018-12-31
85.83004760742188,78.7695963843758,86.12012904366154,78.1148740396692,8.96,IBM,石油巨獸與高股息個股,2018-11-30
78.72185516357422,103.46436242179658,105.27163979044319,77.80798878304122,-23.91,IBM,石油巨獸與高股息個股,2018-10-31
103.12337493896484,99.55659947651755,104.58280913187039,98.75867450614169,3.58,IBM,石油巨獸與高股息個股,2018-09-30
99.89754486083984,97.66936211643915,100.88645834616725,96.02982703345232,2.28,IBM,石油巨獸與高股息個股,2018-08-31
97.7840347290039,93.29729796597373,101.56911603242013,93.24332546880558,4.81,IBM,石油巨獸與高股息個股,2018-07-31
94.25537109375,96.09733993484383,99.53153299775215,92.73732328257019,-1.92,IBM,石油巨獸與高股息個股,2018-06-30
95.34164428710938,96.52362607470874,98.64091519509942,93.35400059499486,-1.22,IBM,石油巨獸與高股息個股,2018-05-31
96.73050689697266,102.32241163674574,108.10113650191957,96.16329921480698,-5.46,IBM,石油巨獸與高股息個股,2018-04-30
102.38246154785156,103.78378317254537,108.17452685434945,99.11940545824828,-1.35,IBM,石油巨獸與高股息個股,2018-03-31
103.98396301269531,107.83351446550616,108.4546557616512,96.35681599144354,-3.57,IBM,石油巨獸與高股息個股,2018-02-28
108.1705093383789,102.09128816302626,113.08013461738568,101.45693205399834,5.95,IBM,石油巨獸與高股息個股,2018-01-31
101.37764739990234,102.02518800359599,104.30489923961707,100.10231978500369,-0.63,IBM,石油巨獸與高股息個股,2017-12-31
101.74107360839844,100.81925994218594,102.03182193315655,96.6134086175957,0.91,IBM,石油巨獸與高股息個股,2017-11-30
100.79310607910156,95.09460217672196,106.32148215629338,95.00301351661183,5.99,IBM,石油巨獸與高股息個股,2017-10-31
94.91796875,93.54404780613703,96.44890360332236,92.6673841054299,1.47,IBM,石油巨獸與高股息個股,2017-09-30
93.57675170898438,93.87378590326307,94.57775785187282,91.02519724437431,-0.32,IBM,石油巨獸與高股息個股,2017-08-31
93.6601333618164,99.42854538328044,101.01468792786311,92.99332439445435,-5.8,IBM,石油巨獸與高股息個股,2017-07-31
99.59037017822266,98.9235562277648,101.77211507224025,97.6287261400361,0.67,IBM,石油巨獸與高股息個股,2017-06-30
98.81349182128906,102.61480695375433,102.85203006786973,96.97487419892244,-3.7,IBM,石油巨獸與高股息個股,2017-05-31
102.76871490478516,111.44335330019513,113.05261587086336,102.32631755953524,-7.78,IBM,石油巨獸與高股息個股,2017-04-30
111.64849853515625,115.71333619748691,117.04050446145783,110.33418491122045,-3.51,IBM,石油巨獸與高股息個股,2017-03-31
115.29022979736328,111.31970959915249,117.1944065425819,109.97750963473955,3.57,IBM,石油巨獸與高股息個股,2017-02-28
111.01435852050781,106.23084088293062,114.02319191599278,105.17485678847456,4.5,IBM,石油巨獸與高股息個股,2017-01-31
105.58832550048828,103.01843458150869,108.10731274315116,100.6966215857351,2.49,IBM,石油巨獸與高股息個股,2016-12-31
103.19020080566406,96.76543494084187,104.74230948097274,95.61179796188404,6.64,IBM,石油巨獸與高股息個股,2016-11-30
96.88520050048828,99.64003834727639,99.93630451960615,93.16590822598516,-2.76,IBM,石油巨獸與高股息個股,2016-10-31
183.47500610351562,185.10000610351562,185.36000061035156,182.63999938964844,-0.88,QCOM,石油巨獸與高股息個股,2026-10-31
184.0399932861328,164.57430138371788,205.85000610351562,161.33195343835413,11.83,QCOM,石油巨獸與高股息個股,2026-09-30
169.5571746826172,145.40861503417887,170.45231202061046,142.11653452249445,16.61,QCOM,石油巨獸與高股息個股,2026-08-31
146.81097412109375,182.59621535103128,195.02855459018213,145.20969541002358,-19.6,QCOM,石油巨獸與高股息個股,2026-07-31
183.7897186279297,231.21300367642826,252.77556440901583,182.50670812030356,-20.51,QCOM,石油巨獸與高股息個股,2026-06-30
248.7425079345703,177.5047673273186,257.5617675961248,163.2948421942469,40.13,QCOM,石油巨獸與高股息個股,2026-05-31
177.95066833496094,126.83865940363646,185.19434211720355,120.88317556564452,40.3,QCOM,石油巨獸與高股息個股,2026-04-30
127.611572265625,135.70818253279995,139.82382645280808,124.63879139572472,-5.97,QCOM,石油巨獸與高股息個股,2026-03-31
140.16842651367188,148.64586923627638,151.27476368863807,130.68667264519198,-5.7,QCOM,石油巨獸與高股息個股,2026-02-28
149.25631713867188,171.12441547125573,181.61046139264948,147.42495987671705,-12.78,QCOM,石油巨獸與高股息個股,2026-01-31
168.41676330566406,162.52543126528843,180.6160134143344,162.12379169845204,3.62,QCOM,石油巨獸與高股息個股,2025-12-31
164.66094970703125,179.21779826392782,179.70759821269368,155.60945619790823,-8.12,QCOM,石油巨獸與高股息個股,2025-11-30
177.20962524414062,162.41768626566264,201.74861430463858,150.22166216417327,9.11,QCOM,石油巨獸與高股息個股,2025-10-31
162.9662628173828,153.72563472134172,170.88142591922076,150.58917097477007,6.01,QCOM,石油巨獸與高股息個股,2025-09-30
156.56011962890625,142.6603602029709,157.40755901272962,140.3712979776932,9.74,QCOM,石油巨獸與高股息個股,2025-08-31
142.9525604248047,154.11525339844746,159.7063541034883,141.80318061696073,-7.24,QCOM,石油巨獸與高股息個股,2025-07-31
155.12828063964844,140.20123206622736,157.9335542279082,139.89138800420997,10.65,QCOM,石油巨獸與高股息個股,2025-06-30
140.58853149414062,134.38210558718578,151.17141297149726,130.5866042302921,4.62,QCOM,石油巨獸與高股息個股,2025-05-31
143.7449951171875,147.55018191232165,150.52265409659068,116.96344810988754,-2.58,QCOM,石油巨獸與高股息個股,2025-04-30
148.73141479492188,153.11493469170625,156.68066632769577,143.18340120245065,-2.86,QCOM,石油巨獸與高股息個股,2025-03-31
151.36219787597656,162.63950377958506,170.45946143398777,147.73150410916668,-6.93,QCOM,石油巨獸與高股息個股,2025-02-28
166.53981018066406,149.2820325119709,170.25717440995905,147.14406524437638,11.56,QCOM,石油巨獸與高股息個股,2025-01-31
147.943359375,151.733766991968,158.37322907880053,143.9082050692463,-2.5,QCOM,石油巨獸與高股息個股,2024-12-31
151.87747192382812,156.23656908349497,174.45839220687347,146.5316497108275,-2.79,QCOM,石油巨獸與高股息個股,2024-11-30
155.93955993652344,162.674536227304,172.2836483270324,155.27851260443694,-4.14,QCOM,石油巨獸與高股息個股,2024-10-31
162.9140625,163.83018606735092,169.38077630531876,150.53622656263516,-0.56,QCOM,石油巨獸與高股息個股,2024-09-30
167.08029174804688,163.70628372270033,168.67199672092457,144.2914343724007,2.06,QCOM,石油巨獸與高股息個股,2024-08-31
172.46536254882812,190.117001885708,201.19211182293216,158.95026236830597,-9.28,QCOM,石油巨獸與高股息個股,2024-07-31
189.84059143066406,199.7338682448085,219.81589888785348,184.75098473652736,-4.95,QCOM,石油巨獸與高股息個股,2024-06-30
194.4822235107422,156.1562785226362,206.38901894933048,155.47283851953,24.54,QCOM,石油巨獸與高股息個股,2024-05-31
157.42823791503906,159.72535956787442,167.05333398883857,148.40113824095064,-1.44,QCOM,石油巨獸與高股息個股,2024-04-30
160.7030487060547,151.29629672087722,168.57208071099686,150.04333284632298,6.22,QCOM,石油巨獸與高股息個股,2024-03-31
149.77752685546875,133.04095703396655,150.35220308277218,131.52041204291666,12.58,QCOM,石油巨獸與高股息個股,2024-02-29
140.25631713867188,134.28758464665682,149.2000538746935,127.44050549951136,4.44,QCOM,石油巨獸與高股息個股,2024-01-31
136.59197998046875,121.88730284405801,138.72637141372223,120.91454513446264,12.06,QCOM,石油巨獸與高股息個股,2023-12-31
121.87786102294922,102.45113331180767,123.34170991487042,102.01005830469398,18.96,QCOM,石油巨獸與高股息個股,2023-11-30
102.2822265625,103.60544391659965,107.35927236680014,97.90902852056514,-1.28,QCOM,石油巨獸與高股息個股,2023-10-31
104.22480773925781,108.57925650889807,109.85554478191845,99.01639612458769,-4.01,QCOM,石油巨獸與高股息個股,2023-09-30
107.48126983642578,122.93052751421929,123.3685012770704,100.4169007178482,-12.57,QCOM,石油巨獸與高股息個股,2023-08-31
123.16351318359375,111.14255497122583,123.90900147728459,105.87757601998796,10.82,QCOM,石油巨獸與高股息個股,2023-07-31
110.92821502685547,106.75351146847358,116.85482216853131,104.59160968810873,3.91,QCOM,石油巨獸與高股息個股,2023-06-30
105.681884765625,108.46966988350293,108.81208158976715,93.9034093384555,-2.57,QCOM,石油巨獸與高股息個股,2023-05-31
108.09025573730469,117.52037398696399,118.05712517402829,103.78699476088563,-8.02,QCOM,石油巨獸與高股息個股,2023-04-30
118.06639099121094,114.54974069785693,118.63088615463936,104.70315522470624,3.07,QCOM,石油巨獸與高股息個股,2023-03-31
113.62431335449219,122.04057095690267,128.71841076591326,113.06322777866497,-6.9,QCOM,石油巨獸與高股息個股,2023-02-28
122.52811431884766,102.42100942296025,124.07335912098007,98.53940375871778,19.63,QCOM,石油巨獸與高股息個股,2023-01-31
101.12409210205078,116.55851671852446,117.9198338357115,98.25426929589257,-13.24,QCOM,石油巨獸與高股息個股,2022-12-31
116.3469467163086,109.44043727773175,117.10877346039584,93.16237537090555,6.31,QCOM,石油巨獸與高股息個股,2022-11-30
107.53935241699219,105.09901961575645,116.26791101716306,95.65756369713387,2.32,QCOM,石油巨獸與高股息個股,2022-10-31
103.26191711425781,118.79963356020568,122.67493711598217,103.2070733316028,-13.08,QCOM,石油巨獸與高股息個股,2022-09-30
120.89265441894531,131.1610663527606,138.9774751493676,120.00608891979508,-7.83,QCOM,石油巨獸與高股息個股,2022-08-31
131.84271240234375,114.29216826245957,142.38573666813207,109.39327918618923,15.36,QCOM,石油巨獸與高股息個股,2022-07-31
116.10084533691406,129.5613920830168,132.9242921909962,107.45737013797272,-10.39,QCOM,石油巨獸與高股息個股,2022-06-30
129.4887237548828,127.11993308452179,135.16660360451388,113.7931085606338,1.86,QCOM,石油巨獸與高股息個股,2022-05-31
126.29715728759766,137.37269177253106,139.35269617680854,118.13288733720796,-8.06,QCOM,石油巨獸與高股息個股,2022-04-30
138.16831970214844,153.92701570267113,154.71933069656293,125.71853315617619,-10.24,QCOM,石油巨獸與高股息個股,2022-03-31
154.85443115234375,158.86101285321544,172.96078668574842,140.2684164443822,-2.52,QCOM,石油巨獸與高股息個股,2022-02-28
158.24876403808594,164.6864195018669,174.29335840058513,141.7000210372937,-3.91,QCOM,石油巨獸與高股息個股,2022-01-31
164.65042114257812,162.8676626420867,173.4830203245262,154.1521194006151,1.09,QCOM,石油巨獸與高股息個股,2021-12-31
161.95831298828125,118.79574440474677,169.32248104631967,118.79574440474677,36.33,QCOM,石油巨獸與高股息個股,2021-11-30
119.33390045166016,116.42772236355607,120.04253037434131,109.58375242251033,2.5,QCOM,石油巨獸與高股息個股,2021-10-31
115.69216918945312,131.71220173578533,132.84240239349427,115.44101655167755,-12.16,QCOM,石油巨獸與高股息個股,2021-09-30
130.96768188476562,133.92294998333793,135.9585777332169,124.06622074786425,-2.21,QCOM,石油巨獸與高股息個股,2021-08-31
133.74440002441406,127.59285723692615,135.2800476091502,121.06634427656432,4.82,QCOM,石油巨獸與高股息個股,2021-07-31
127.61067199707031,120.00758141486203,128.2356564840425,117.33435373751266,6.34,QCOM,石油巨獸與高股息個股,2021-06-30
119.5101089477539,124.09368570385244,124.14698075282722,109.86332660743832,-3.69,QCOM,石油巨獸與高股息個股,2021-05-31
123.29420471191406,119.47459094228758,129.0680893283174,117.67137318821146,3.2,QCOM,石油巨獸與高股息個股,2021-04-30
117.77796936035156,121.56011622451476,123.8587189788744,109.25040361898704,-3.11,QCOM,石油巨獸與高股息個股,2021-03-31
120.4020004272461,139.12667652835427,148.15304514168503,118.85484115322534,-13.46,QCOM,石油巨獸與高股息個股,2021-02-28
138.1630401611328,135.2721258244283,148.4713424102699,130.0826169910985,2.14,QCOM,石油巨獸與高股息個股,2021-01-31
134.6797637939453,130.97602025969684,142.39772511802897,125.44120281496893,2.83,QCOM,石油巨獸與高股息個股,2020-12-31
129.54998779296875,109.59418421913576,134.97250508876982,107.7544135872313,18.21,QCOM,石油巨獸與高股息個股,2020-11-30
108.59066009521484,105.57132686028999,116.56595431343823,101.61009765821875,2.86,QCOM,石油巨獸與高股息個股,2020-10-31
103.59072875976562,106.01582204202938,109.09244173000636,95.33374255947464,-2.29,QCOM,石油巨獸與高股息個股,2020-09-30
104.28215789794922,94.0378262588655,105.99830346155495,91.70877087454488,10.89,QCOM,石油巨獸與高股息個股,2020-08-31
92.47053527832031,79.68699603257939,94.3442867025455,76.62244462595967,16.04,QCOM,石油巨獸與高股息個股,2020-07-31
79.86211395263672,69.41323750592798,80.67640515152537,68.8484770773418,15.05,QCOM,石油巨獸與高股息個股,2020-06-30
70.27339172363281,66.77190103814675,71.21175279864424,64.3738419341725,5.24,QCOM,石油巨獸與高股息個股,2020-05-31
68.35322570800781,56.47589823383573,70.26472199571478,56.084925562856455,21.03,QCOM,石油巨獸與高股息個股,2020-04-30
58.77837371826172,68.11547717859152,71.24453575616354,50.39387675927901,-13.71,QCOM,石油巨獸與高股息個股,2020-03-31
67.49482727050781,73.74434237968835,79.68357054495908,63.219287253073425,-8.47,QCOM,石油巨獸與高股息個股,2020-02-29
73.5374526977539,76.76135609670361,82.89882918573569,73.3047148483077,-4.2,QCOM,石油巨獸與高股息個股,2020-01-31
76.05451202392578,71.8340137215409,77.97679382117992,68.26711184758024,5.88,QCOM,石油巨獸與高股息個股,2019-12-31
71.46620178222656,69.78968254069058,80.49893506571684,69.49885967573887,2.4,QCOM,石油巨獸與高股息個股,2019-11-30
68.8060073852539,65.91486104761543,71.1069531282473,62.279527986012816,4.39,QCOM,石油巨獸與高股息個股,2019-10-31
65.2476577758789,65.14951364138321,68.47241061819899,63.392844639785835,0.15,QCOM,石油巨獸與高股息個股,2019-09-30
65.99816131591797,58.45382165687806,67.12686429812646,56.96024061859263,12.91,QCOM,石油巨獸與高股息個股,2019-08-31
62.08598327636719,68.45919737440943,68.53557768308318,61.746528836740076,-9.31,QCOM,石油巨獸與高股息個股,2019-07-31
64.55547332763672,56.41908058503577,64.86946968012722,55.737916178619294,14.42,QCOM,石油巨獸與高股息個股,2019-06-30
56.1920166015625,73.30526026536002,75.97107748918629,54.45967487644568,-23.35,QCOM,石油巨獸與高股息個股,2019-05-31
72.43067169189453,48.47212692836279,74.53305499499356,46.91637985322166,49.43,QCOM,石油巨獸與高股息個股,2019-04-30
47.95915222167969,44.88911752047496,49.10284027862684,44.273975586309604,6.84,QCOM,石油巨獸與高股息個股,2019-03-31
44.38203430175781,41.214873552522654,44.864187960534395,41.06524286387293,7.68,QCOM,石油巨獸與高股息個股,2019-02-28
41.16499328613281,46.71793280783734,48.355559171372825,40.81585397520821,-11.89,QCOM,石油巨獸與高股息個股,2019-01-31
47.30814743041992,49.76054063311047,49.76054063311047,44.48178848715982,-4.93,QCOM,石油巨獸與高股息個股,2018-12-31
47.91024398803711,51.9726762097617,52.910152654839514,44.02052615715474,-7.82,QCOM,石油巨獸與高股息個股,2018-11-30
51.71773910522461,59.58764903835122,60.780059656809165,50.311515869638086,-13.21,QCOM,石油巨獸與高股息個股,2018-10-31
59.23403549194336,56.52850387956513,62.909976566568304,56.5038343106887,4.79,QCOM,石油巨獸與高股息個股,2018-09-30
55.993961334228516,51.78891592180741,57.44454478027559,51.78891592180741,8.12,QCOM,石油巨獸與高股息個股,2018-08-31
52.22898864746094,45.147232926252464,52.693505853994,44.91904985797036,15.69,QCOM,石油巨獸與高股息個股,2018-07-31
45.73398208618164,47.54312871238357,51.055479913768345,44.894591642618664,-3.81,QCOM,石油巨獸與高股息個股,2018-06-30
47.36383819580078,40.93820373290109,48.56993549595212,39.76877774457466,15.7,QCOM,石油巨獸與高股息個股,2018-05-31
41.13983917236328,44.43844564246367,45.801437573924375,39.16390518066858,-7.42,QCOM,石油巨獸與高股息個股,2018-04-30
44.68845748901367,52.44705343788489,53.4229243872064,43.269016835414455,-14.79,QCOM,石油巨獸與高股息個股,2018-03-31
52.422855377197266,53.576014064125744,54.65552954526097,48.37834851230204,-2.15,QCOM,石油巨獸與高股息個股,2018-02-28
54.57556915283203,51.48095526352209,55.09534094816025,51.31303115767657,6.01,QCOM,石油巨獸與高股息個股,2018-01-31
51.19307327270508,52.13665245043838,52.87232767751714,51.01716275114737,-1.81,QCOM,石油巨獸與高股息個股,2017-12-31
53.048248291015625,40.81328010419143,54.935779927266374,40.05204314488672,29.98,QCOM,石油巨獸與高股息個股,2017-11-30
40.44852066040039,41.30490893921754,43.43002543279025,39.66349908886409,-2.07,QCOM,石油巨獸與高股息個股,2017-10-31
41.10667419433594,41.6538064971939,41.8441164858893,38.79125930398454,-1.31,QCOM,石油巨獸與高股息個股,2017-09-30
41.44764709472656,41.80136456474583,42.428791065602184,40.38969272165589,-0.85,QCOM,石油巨獸與高股息個股,2017-08-31
41.71510696411133,43.55028974409224,44.65611066068662,40.96220781139115,-4.21,QCOM,石油巨獸與高股息個股,2017-07-31
43.30716323852539,45.05608493647702,46.310893729095525,42.78170186885026,-3.88,QCOM,石油巨獸與高股息個股,2017-06-30
44.91490936279297,41.66552314949642,46.511642658169535,41.08308675750931,7.8,QCOM,石油巨獸與高股息個股,2017-05-31
41.73543930053711,44.4691460799007,44.67881124025881,39.64633565139092,-6.15,QCOM,石油巨獸與高股息個股,2017-04-30
44.531272888183594,44.21285075540164,45.8515131778189,43.49059515564526,0.72,QCOM,石油巨獸與高股息個股,2017-03-31
43.86337661743164,41.27192522539115,44.25169157134096,40.29476093163147,6.28,QCOM,石油巨獸與高股息個股,2017-02-28
41.1103515625,50.67429664690789,51.61297573094759,40.648698033261816,-18.87,QCOM,石油巨獸與高股息個股,2017-01-31
50.16646957397461,52.10541288608971,54.04436217658406,49.07387936156119,-3.72,QCOM,石油巨獸與高股息個股,2016-12-31
52.42087173461914,52.67824383251502,52.945451150786894,49.10529902890233,-0.49,QCOM,石油巨獸與高股息個股,2016-11-30
52.4644775390625,51.975878978372684,54.678490328307255,49.09003345710819,0.94,QCOM,石油巨獸與高股息個股,2016-10-31
108.25,108.04000091552734,108.43000030517578,106.91999816894531,0.19,CSCO,石油巨獸與高股息個股,2026-10-31
107.62999725341797,110.05000305175781,112.22000122070312,104.51000213623047,-2.2,CSCO,石油巨獸與高股息個股,2026-09-30
110.48999786376953,114.5999984741211,124.70999908447266,109.2300033569336,-3.59,CSCO,石油巨獸與高股息個股,2026-08-31
115.98999786376953,116.105656418323,121.61000061035156,107.52999877929688,-0.1,CSCO,石油巨獸與高股息個股,2026-07-31
117.02222442626953,119.35350357607003,129.88410380965527,112.4393657219936,-1.95,CSCO,石油巨獸與高股息個股,2026-06-30
119.97119140625,91.40804938930371,120.97742925252889,90.66084019248986,31.25,CSCO,石油巨獸與高股息個股,2026-05-31
91.15898132324219,77.290485695693,91.32834591239926,76.25473404598225,17.94,CSCO,石油巨獸與高股息個股,2026-04-30
76.88420867919922,78.0336595647268,82.3540065465525,74.51594703585307,-1.47,CSCO,石油巨獸與高股息個股,2026-03-31
78.73719787597656,77.40938994232417,87.38779192129651,72.7521475891036,1.72,CSCO,石油巨獸與高股息個股,2026-02-28
77.6075668334961,75.95276419258126,78.7570275065103,72.13778429799426,2.18,CSCO,石油巨獸與高股息個股,2026-01-31
75.92303466796875,75.56820948252822,79.65857209831351,74.56286264661553,0.47,CSCO,石油巨獸與高股息個股,2025-12-31
75.83433532714844,73.53781602043888,78.90949162851118,69.52630834517959,3.12,CSCO,石油巨獸與高股息個股,2025-11-30
72.05937194824219,66.52255348578011,72.4240575632776,65.84989658365583,8.32,CSCO,石油巨獸與高股息個股,2025-10-31
67.0320053100586,66.72829991598296,67.52185918333116,64.78846428244626,0.46,CSCO,石油巨獸與高股息個股,2025-09-30
67.68840789794922,66.14046019647942,71.07823283532431,64.4161739752737,2.34,CSCO,石油巨獸與高股息個股,2025-08-31
66.69890594482422,67.5662198219983,68.06070026599353,65.62122343247283,-1.28,CSCO,石油巨獸與高股息個股,2025-07-31
67.56621551513672,61.09006701430333,67.9557599137218,61.07058942281576,10.6,CSCO,石油巨獸與高股息個股,2025-06-30
61.3919677734375,56.26947430279629,64.03112355950067,56.17209005757731,9.1,CSCO,石油巨獸與高股息個股,2025-05-31
56.22078323364258,59.37892311587835,60.017406001411125,50.74770813801006,-5.32,CSCO,石油巨獸與高股息個股,2025-04-30
59.69816589355469,62.290793986114465,62.764817223807036,57.29901258492385,-4.16,CSCO,石油巨獸與高股息個股,2025-03-31
62.01992416381836,58.227719667376164,64.33200423440957,57.60858516167766,6.51,CSCO,石油巨獸與高股息個股,2025-02-28
58.624351501464844,56.949639606909,60.28827985741767,56.273572168362534,2.94,CSCO,石油巨獸與高股息個股,2025-01-31
56.88238525390625,56.93042861650694,57.87205829734251,55.02794009331409,-0.08,CSCO,石油巨獸與高股息個股,2024-12-31
56.891990661621094,52.596990950574714,57.526148486926,52.395209433429095,8.17,CSCO,石油巨獸與高股息個股,2024-11-30
52.62580871582031,50.6437644816219,54.826158631872595,49.8809143125094,3.91,CSCO,石油巨獸與高股息個股,2024-10-31
50.7486572265625,47.97379208366855,50.834478098213374,45.628013825826535,5.78,CSCO,石油巨獸與高股息個股,2024-09-30
48.19309997558594,46.36226349496253,48.65081485595702,42.4335796247889,3.95,CSCO,石油巨獸與高股息個股,2024-08-31
46.200164794921875,44.89061305352048,46.505304906426524,43.53017779315462,2.92,CSCO,石油巨獸與高股息個股,2024-07-31
44.918975830078125,44.17205908388397,45.24989026719311,42.49859344949474,1.69,CSCO,石油巨獸與高股息個股,2024-06-30
43.96406173706055,44.15315050561458,47.37717958319369,43.34950719570532,-0.43,CSCO,石油巨獸與高股息個股,2024-05-31
44.417884826660156,46.85257881133722,47.46227513377391,44.40843177645477,-5.2,CSCO,石油巨獸與高股息個股,2024-04-30
46.805686950683594,45.11764689952116,47.405882523692526,44.69563535786159,3.74,CSCO,石油巨獸與高股息個股,2024-03-31
45.361473083496094,47.1057883045953,47.462154081212,44.873817818268925,-3.7,CSCO,石油巨獸與高股息個股,2024-02-29
47.05889892578125,46.98402023271062,49.34712852419388,46.35554252313257,0.16,CSCO,石油巨獸與高股息個股,2024-01-31
47.011932373046875,44.92747355814597,47.114297922487694,44.28538912013576,4.64,CSCO,石油巨獸與高股息個股,2023-12-31
45.02054214477539,48.426389371461774,49.78501316286483,42.991911439694725,-7.03,CSCO,石油巨獸與高股息個股,2023-11-30
48.510135650634766,49.7421519977688,50.79931517210384,47.54235631192677,-2.48,CSCO,石油巨獸與高股息個股,2023-10-31
49.66823959350586,53.02195171756465,53.761061690950775,48.53184905269854,-6.33,CSCO,石油巨獸與高股息個股,2023-09-30
52.98499298095703,48.568812184534494,53.151293158115934,48.26392939832097,9.09,CSCO,石油巨獸與高股息個股,2023-08-31
48.07915115356445,47.09378989384163,49.78834361061432,46.24985389258343,2.09,CSCO,石油巨獸與高股息個股,2023-07-31
47.44221878051758,45.626684468509424,48.056570096304995,45.058194182590135,3.98,CSCO,石油巨獸與高股息個股,2023-06-30
45.544166564941406,43.279340665079026,46.29605075115067,41.77556792831456,5.23,CSCO,石油巨獸與高股息個股,2023-05-31
43.3251838684082,47.37975218095299,47.946539863714676,42.151512965882105,-8.56,CSCO,石油巨獸與高股息個股,2023-04-30
47.57996368408203,44.08519109132414,47.64367032171401,43.70295120567412,7.93,CSCO,石油巨獸與高股息個股,2023-03-31
44.06698226928711,44.039684577661845,47.08852287569791,42.25589783732166,0.06,CSCO,石油巨獸與高股息個股,2023-02-28
44.29450225830078,43.212080371988655,44.98618761160618,41.564218149664185,2.5,CSCO,石油巨獸與高股息個股,2023-01-31
43.01343536376953,45.03590101611296,45.78528501901295,42.15569178142142,-4.49,CSCO,石油巨獸與高股息個股,2022-12-31
44.89143371582031,41.15348796101883,44.990751595688764,39.17617312387441,9.08,CSCO,石油巨獸與高股息個股,2022-11-30
41.01805877685547,36.38238013916861,41.27086615445416,34.85135979569678,12.74,CSCO,石油巨獸與高股息個股,2022-10-31
35.78302001953125,39.87122821194506,41.80351273664922,35.747236180503386,-10.25,CSCO,石油巨獸與高股息個股,2022-09-30
40.005409240722656,40.30957767747421,44.728786763208824,39.84439858456701,-0.75,CSCO,石油巨獸與高股息個股,2022-08-31
40.586891174316406,37.6980522166058,41.03418315288909,36.5165728396357,7.66,CSCO,石油巨獸與高股息個股,2022-07-31
37.804439544677734,40.38444130454836,40.86319957889173,37.40547080919193,-6.39,CSCO,石油巨獸與高股息個股,2022-06-30
39.941131591796875,43.74462783277046,45.80153197369795,36.36815943593076,-8.69,CSCO,石油巨獸與高股息個股,2022-05-31
43.42546081542969,49.46136262371861,49.478974336845496,43.327934738681236,-12.2,CSCO,石油巨獸與高股息個股,2022-04-30
49.1003303527832,48.897803461312186,50.19223244086063,47.26875460838286,0.41,CSCO,石油巨獸與高股息個股,2022-03-31
49.1091423034668,48.82736290609411,50.7998263732093,46.40580111337042,0.58,CSCO,石油巨獸與高股息個股,2022-02-28
49.021080017089844,55.06310987918327,55.45704041662789,47.06622517384958,-10.97,CSCO,石油巨獸與高股息個股,2022-01-31
55.47454071044922,48.61135620805297,56.27992523216211,48.0861132728656,14.12,CSCO,石油巨獸與高股息個股,2021-12-31
48.00731658935547,48.908989275131816,51.325120092984015,44.7157982490434,-1.84,CSCO,石油巨獸與高股息個股,2021-11-30
48.99653244018555,47.476496346606275,49.65307940435009,46.379065740988366,3.2,CSCO,石油巨獸與高股息個股,2021-10-31
47.32867431640625,51.31982818358684,51.928507599421415,47.31128326098886,-7.78,CSCO,石油巨獸與高股息個股,2021-09-30
51.3198356628418,48.34602700239857,52.40674919800171,47.4678116021766,6.15,CSCO,石油巨獸與高股息個股,2021-08-31
48.14604187011719,45.809333585846176,48.38950644978822,45.51135527113434,5.1,CSCO,石油巨獸與高股息個股,2021-07-31
45.76616287231445,45.7316284860945,47.79542178398739,44.799034226608995,0.08,CSCO,石油巨獸與高股息個股,2021-06-30
45.679813385009766,44.22047344930175,46.75056930304689,43.261979040843215,3.3,CSCO,石油巨獸與高股息個股,2021-05-31
43.96141815185547,44.36868985182639,45.92160344498071,43.529661932216726,-0.92,CSCO,石油巨獸與高股息個股,2021-04-30
44.33440017700195,38.77008952065384,45.388954143926206,37.85270754308343,14.35,CSCO,石油巨獸與高股息個股,2021-03-31
38.470001220703125,38.512884601401694,42.3024394450605,38.28997084890985,-0.11,CSCO,石油巨獸與高股息個股,2021-02-28
38.22137451171875,37.9898802586226,39.833225940542725,37.16680659450443,0.61,CSCO,石油巨獸與高股息個股,2021-01-31
38.05847930908203,36.5786568898969,38.755856022069544,36.5786568898969,4.05,CSCO,石油巨獸與高股息個股,2020-12-31
36.58717346191406,30.778459463641113,36.61268649143758,30.33621537362498,18.87,CSCO,石油巨獸與高股息個股,2020-11-30
30.53182601928711,33.2533280039709,34.537529051457476,30.004533682577602,-8.18,CSCO,石油巨獸與高股息個股,2020-10-31
33.19379806518555,35.39323439867735,35.97468248723169,31.685367873050023,-6.21,CSCO,石油巨獸與高股息個股,2020-09-30
35.57862091064453,39.72469994982098,40.82862156798407,34.92974484873937,-10.44,CSCO,石油巨獸與高股息個股,2020-08-31
39.69097900390625,38.91254364210577,40.196599712770706,38.08986644690569,2.0,CSCO,石油巨獸與高股息個股,2020-07-31
38.99614334106445,39.422559373106466,40.375732845177815,36.48781904112604,-1.08,CSCO,石油巨獸與高股息個股,2020-06-30
39.982757568359375,34.882494218137424,39.982757568359375,33.854087436940446,14.62,CSCO,石油巨獸與高股息個股,2020-05-31
35.43431854248047,31.614561446320447,36.47946296241204,31.329026981765594,12.08,CSCO,石油巨獸與高股息個股,2020-04-30
32.558773040771484,33.254504307052784,34.70395270512505,26.835521652590547,-2.09,CSCO,石油巨獸與高股息個股,2020-03-31
33.072288513183594,38.431105320696155,41.64475082886916,31.76364148066089,-13.94,CSCO,石油巨獸與高股息個股,2020-02-29
38.0749626159668,39.806021046660064,41.03183673658288,37.967288357165735,-4.35,CSCO,石油巨獸與高股息個股,2020-01-31
39.43330764770508,37.20511155343772,39.77040702667124,35.684012107199536,5.99,CSCO,石油巨獸與高股息個股,2019-12-31
37.25444412231445,38.52065308483044,40.271955799192355,36.53912104948681,-3.29,CSCO,石油巨獸與高股息個股,2019-11-30
39.06330490112305,40.5159640506696,40.695488858706675,37.45176208514914,-3.59,CSCO,石油巨獸與高股息個股,2019-10-31
40.32012176513672,38.051550055450946,41.046395745318115,37.700656258293314,5.96,CSCO,石油巨獸與高股息個股,2019-09-30
38.19843673706055,45.56720415731068,46.424036705115405,37.53744721283784,-16.17,CSCO,石油巨獸與高股息個股,2019-08-31
45.20814895629883,44.81109582985125,47.542000796923105,43.975855594497915,0.89,CSCO,石油巨獸與高股息個股,2019-07-31
44.381317138671875,42.20807527538125,47.15465155944201,41.753965391546224,5.15,CSCO,石油巨獸與高股息個股,2019-06-30
42.191856384277344,45.41118866182511,46.08424880611166,41.405274015803336,-7.09,CSCO,石油巨獸與高股息個股,2019-05-31
45.37063980102539,43.90064465356255,46.65187754452892,43.82812143860796,3.35,CSCO,石油巨獸與高股息個股,2019-04-30
43.505802154541016,41.90222517577028,43.699186104836855,40.701564738689044,3.83,CSCO,石油巨獸與高股息個股,2019-03-31
41.716896057128906,38.17132533080633,41.86999926152007,37.30910328701333,9.29,CSCO,石油巨獸與高股息個股,2019-02-28
38.10685729980469,33.80796811907992,38.179380516240094,33.00606004440096,12.72,CSCO,石油巨獸與高股息個股,2019-01-31
34.6475715637207,38.637672274165965,39.29336731371288,32.184744951302946,-10.33,CSCO,石油巨獸與高股息個股,2018-12-31
38.2778434753418,36.51867909269448,38.73362350463867,35.24728414344525,4.82,CSCO,石油巨獸與高股息個股,2018-11-30
36.58264923095703,38.918294053607305,39.29159953421245,34.335710506947215,-6.0,CSCO,石油巨獸與高股息個股,2018-10-31
38.64030838012695,37.996963574187056,38.965948415764835,36.88501423943029,1.69,CSCO,石油巨獸與高股息個股,2018-09-30
37.941375732421875,33.35059844168177,37.989031889564025,32.72313555709628,13.77,CSCO,石油巨獸與高股息個股,2018-08-31
33.588871002197266,33.54189122419259,34.81201193303524,32.51664011843895,0.14,CSCO,石油巨獸與高股息個股,2018-07-31
33.912296295166016,33.81773591108027,35.31514097516808,32.95080615840195,0.28,CSCO,石油巨獸與高股息個股,2018-06-30
33.660099029541016,34.60584452243904,36.54458537683672,33.510375126132956,-2.73,CSCO,石油巨獸與高股息個股,2018-05-31
34.90533447265625,33.243127341921316,35.732829554054355,31.674071196765656,5.0,CSCO,石油巨獸與高股息個股,2018-04-30
33.532405853271484,34.93185975287105,36.08895975652454,32.50821908650361,-4.01,CSCO,石油巨獸與高股息個股,2018-03-31
35.01004409790039,32.125119024872035,35.877868380536846,29.201096721968366,8.98,CSCO,石油巨獸與高股息個股,2018-02-28
32.476932525634766,30.009272567848193,33.60276702034872,29.823025822293783,8.22,CSCO,石油巨獸與高股息個股,2018-01-31
29.722135543823242,28.783132829098957,30.257593899798,28.50375980823951,3.26,CSCO,石油巨獸與高股息個股,2017-12-31
28.94610595703125,26.610233530982587,29.51260347417846,26.12909415857923,8.78,CSCO,石油巨獸與高股息個股,2017-11-30
26.501596450805664,25.859079425352522,26.951697250141468,25.741075550365185,2.48,CSCO,石油巨獸與高股息個股,2017-10-31
25.874473571777344,24.78963544748811,26.236074982557206,24.204895938364558,4.38,CSCO,石油巨獸與高股息個股,2017-09-30
24.781940460205078,24.304919070147132,24.98198098351331,23.358572210302057,1.96,CSCO,石油巨獸與高股息個股,2017-08-31
24.19720458984375,23.698816239076244,24.81271140721598,23.597078908257828,2.1,CSCO,石油巨獸與高股息個股,2017-07-31
23.858888626098633,24.02659488401772,24.77360411845297,23.69881204304757,-0.7,CSCO,石油巨獸與高股息個股,2017-06-30
24.034210205078125,26.000858782210187,26.374359833383302,23.149987848690277,-7.56,CSCO,石油巨獸與高股息個股,2017-05-31
25.970355987548828,25.466476370139564,26.000858187214128,24.712629318237305,1.98,CSCO,石油巨獸與高股息個股,2017-04-30
25.542049407958984,25.90477536447374,26.093694783822585,25.42869452944653,-1.4,CSCO,石油巨獸與高股息個股,2017-03-31
25.82920265197754,23.312784905334173,25.935001832059918,22.987841485566424,10.79,CSCO,石油巨獸與高股息個股,2017-02-28
23.21454620361328,22.754671569945188,23.46392178517802,22.519320572451296,2.02,CSCO,石油巨獸與高股息個股,2017-01-31
22.64227867126465,22.357567376374917,23.279147385608745,21.8181161344367,1.27,CSCO,石油巨獸與高股息個股,2016-12-31
22.34258460998535,23.11431205897524,23.89352969282041,22.14029079251037,-3.34,CSCO,石油巨獸與高股息個股,2016-11-30
22.9869384765625,23.45896648840703,23.73618704086126,22.37255746455418,-2.01,CSCO,石油巨獸與高股息個股,2016-10-31
78.7394027709961,79.3499984741211,80.30000305175781,78.0,-0.77,WFC,石油巨獸與高股息個股,2026-10-31
80.05000305175781,86.44000244140625,91.98999786376953,79.81999969482422,-7.39,WFC,石油巨獸與高股息個股,2026-09-30
86.38999938964844,87.06017234807983,89.65527044923459,83.4800033569336,-0.77,WFC,石油巨獸與高股息個股,2026-08-31
85.95650482177734,82.35717718073035,89.27744353051642,82.27763203006873,4.37,WFC,石油巨獸與高股息個股,2026-07-31
82.16825866699219,76.31188388707824,86.58291114614224,76.06331097539395,7.67,WFC,石油巨獸與高股息個股,2026-06-30
77.09737396240234,81.3155879883247,81.72093374956226,72.36453901391667,-5.19,WFC,石油巨獸與高股息個股,2026-05-31
81.29582214355469,80.26763750494624,85.71503189197131,77.79603647730845,1.28,WFC,石油巨獸與高股息個股,2026-04-30
78.70558166503906,78.2508121663405,83.08526003683355,73.18897425400442,0.58,WFC,石油巨獸與高股息個股,2026-03-31
80.52467346191406,88.69978442823653,94.00971418302238,79.53603409446161,-9.22,WFC,石油巨獸與高股息個股,2026-02-28
89.02444458007812,91.78892788597163,96.17669288055332,84.63666582481983,-3.01,WFC,石油巨獸與高股息個股,2026-01-31
91.69054412841797,84.43991230699488,94.29761849607698,83.79059796280427,8.59,WFC,石油巨獸與高股息個股,2025-12-31
84.45957946777344,85.28032355142858,87.20439666190244,79.73732768736582,-0.96,WFC,石油巨獸與高股息個股,2025-11-30
85.11395263671875,81.32653931743508,85.60328510987432,75.96349334716797,4.66,WFC,石油巨獸與高股息個股,2025-10-31
82.03116607666016,79.96620030639187,84.81057221843673,76.88342596023114,2.58,WFC,石油巨獸與高股息個股,2025-09-30
80.42617797851562,77.04735980728982,81.43418850812313,74.09934630574817,4.39,WFC,石油巨獸與高股息個股,2025-08-31
78.44839477539062,77.88409281160565,82.53476298838446,75.61712586374448,0.72,WFC,石油巨獸與高股息個股,2025-07-31
77.95220184326172,72.25075032679425,78.90568189992482,69.98378724639444,7.89,WFC,石油巨獸與高股息個股,2025-06-30
72.75667572021484,68.46981288444786,74.50797730720868,68.15049175751604,6.26,WFC,石油巨獸與高股息個股,2025-05-31
68.71170806884766,68.54721718269344,70.12445933740845,56.5291966754298,0.24,WFC,石油巨獸與高股息個股,2025-04-30
69.46647644042969,76.30765330823849,76.42377209991163,63.399392971612635,-8.97,WFC,石油巨獸與高股息個股,2025-03-31
75.78512573242188,74.36326920098877,78.6686811809235,72.50484602392183,1.91,WFC,石油巨獸與高股息個股,2025-02-28
75.87498474121094,67.86382333383968,76.34679411934407,66.76613245917024,11.8,WFC,石油巨獸與高股息個股,2025-01-31
67.63273620605469,74.09365012067815,74.09365012067815,66.06323094713706,-8.72,WFC,石油巨獸與高股息個股,2024-12-31
73.34261322021484,62.43929505569361,75.229858866321,60.3618159260183,17.46,WFC,石油巨獸與高股息個股,2024-11-30
62.15208435058594,53.612393145087424,63.5689852735827,52.09018602890807,15.93,WFC,石油巨獸與高股息個股,2024-10-31
54.08150863647461,56.120688707641236,56.48448743351928,48.078829076470896,-3.63,WFC,石油巨獸與高股息個股,2024-09-30
55.977088928222656,56.303272057960726,56.37928226698178,47.647817268371455,-0.58,WFC,石油巨獸與高股息個股,2024-08-31
56.37928771972656,56.635817812521225,58.12748081666158,52.82589218051859,-0.45,WFC,石油巨獸與高股息個股,2024-07-31
56.426795959472656,57.196379423896985,57.196379423896985,53.519475920665606,-1.35,WFC,石油巨獸與高股息個股,2024-06-30
56.93035125732422,56.28374402849524,59.42912801332652,55.505185083722935,1.15,WFC,石油巨獸與高股息個股,2024-05-31
56.03812026977539,54.6777960173505,58.34313382895143,52.27832220834909,2.49,WFC,石油巨獸與高股息個股,2024-04-30
54.75336456298828,52.33499886310965,55.20680650831434,51.70205845894046,4.62,WFC,石油巨獸與高股息個股,2024-03-31
52.51448440551758,47.063711624327446,52.618399234102725,44.82483356215769,11.58,WFC,石油巨獸與高股息個股,2024-02-29
47.07316207885742,46.01311702860097,48.25514902281731,43.26453286770683,2.3,WFC,石油巨獸與高股息個股,2024-01-31
46.1725959777832,41.75420205317848,47.62662904389656,41.63225346206955,10.58,WFC,石油巨獸與高股息個股,2023-12-31
41.829254150390625,37.15468932907336,41.979347764620776,36.522427050261186,12.58,WFC,石油巨獸與高股息個股,2023-11-30
36.97802734375,37.84274070786106,39.39549144948921,35.69490414925205,-2.29,WFC,石油巨獸與高股息個股,2023-10-31
37.99150085449219,38.63306187968045,40.669320187935455,37.470815469768404,-1.66,WFC,石油巨獸與高股息個股,2023-09-30
38.391319274902344,42.44796586706923,42.58635447569337,37.90781979272427,-9.56,WFC,石油巨獸與高股息個股,2023-08-31
42.58634948730469,39.56028871554655,43.58273907655449,38.81299059539802,7.65,WFC,石油巨獸與高股息個股,2023-07-31
39.375770568847656,37.09699179801402,39.9846825406298,36.608024854064844,6.14,WFC,石油巨獸與高股息個股,2023-06-30
36.727970123291016,37.06536384396827,38.8591220248202,33.5819600926658,-0.91,WFC,石油巨獸與高股息個股,2023-05-31
36.38795471191406,34.34656690035815,38.82297435684611,33.20229212044043,5.94,WFC,石油巨獸與高股息個股,2023-04-30
34.21841049194336,42.567039422297285,43.18953089163405,32.26856466722688,-19.61,WFC,石油巨獸與高股息個股,2023-03-31
42.814205169677734,42.44277355786324,44.709119726429975,41.82555408229782,0.88,WFC,石油巨獸與高股息個股,2023-02-28
42.6337890625,37.84920412692633,42.6428871844531,36.80314647353634,12.64,WFC,石油巨獸與高股息個股,2023-01-31
37.55812454223633,43.597985264435614,43.82538973442749,36.402913807946625,-13.85,WFC,石油巨獸與高股息個股,2022-12-31
43.616172790527344,42.098858009492275,43.989118654124425,41.30574468459894,3.6,WFC,石油巨獸與高股息個股,2022-11-30
41.56562423706055,37.31777781134104,42.04463552869678,35.92592684854617,11.38,WFC,石油巨獸與高股息個股,2022-10-31
36.35071563720703,39.459765576832694,41.70119235358197,35.5553693068965,-7.88,WFC,石油巨獸與高股息個股,2022-09-30
39.504966735839844,38.992572461317174,41.863869021362,38.43848573110081,1.31,WFC,石油巨獸與高股息個股,2022-08-31
39.37855529785156,34.75582157866436,39.80941212431843,33.5978833061018,13.3,WFC,石油巨獸與高股息個股,2022-07-31
35.15974044799805,41.254574572242,41.35331322483422,32.7990139206443,-14.77,WFC,石油巨獸與高股息個股,2022-06-30
41.08403778076172,39.16444548380259,41.532847452706925,36.56900310500677,4.9,WFC,石油巨獸與高股息個股,2022-05-31
38.950191497802734,43.967381694652865,44.8065594274621,38.84306039889822,-11.41,WFC,石油巨獸與高股息個股,2022-04-30
43.262115478515625,46.8152143320883,48.386442079381176,40.860648126918996,-7.59,WFC,石油巨獸與高股息個股,2022-03-31
47.64546203613281,48.63230973288541,53.83214425827044,45.24399689703939,-2.03,WFC,石油巨獸與高股息個股,2022-02-28
47.81465530395508,43.48645445707082,52.32061102840362,43.47756507552684,9.95,WFC,石油巨獸與高股息個股,2022-01-31
42.64214324951172,43.273156620046336,45.166186213780726,41.10460791831841,-1.46,WFC,石油巨獸與高股息個股,2021-12-31
42.46438980102539,45.64762090812301,46.54180449757405,42.055566424503546,-6.97,WFC,石油巨獸與高股息個股,2021-11-30
45.293487548828125,41.21210584465304,45.7184455893787,39.689349367650806,9.9,WFC,石油巨獸與高股息個股,2021-10-31
41.088165283203125,40.45958289192309,43.32804559748052,38.308230657058616,1.55,WFC,石油巨獸與高股息個股,2021-09-30
40.45957565307617,40.58394828467405,45.51481053679216,39.76416486112918,-0.31,WFC,石油巨獸與高股息個股,2021-08-31
40.49580383300781,40.0903106703045,41.297962657789384,36.996280583383374,1.01,WFC,石油巨獸與高股息個股,2021-07-31
39.92282485961914,41.57123005374759,41.835663838957124,36.55552443880086,-3.97,WFC,石油巨獸與高股息個股,2021-06-30
41.183372497558594,39.97666178175801,42.42627488596594,39.29058751829825,3.02,WFC,石油巨獸與高股息個股,2021-05-31
39.62482833862305,34.2682196909596,40.803469683392045,34.23303590776293,15.63,WFC,石油巨獸與高股息個股,2021-04-30
34.3649787902832,32.64100879249628,36.53752817673137,31.963737565228364,5.28,WFC,石油巨獸與高股息個股,2021-03-31
31.81421661376953,26.426740941892465,34.02193017407599,26.023413905228967,20.39,WFC,石油巨獸與高股息個股,2021-02-28
26.198780059814453,26.58456757925146,30.775676322495816,25.777911759748665,-1.45,WFC,石油巨獸與高股息個股,2021-01-31
26.46181869506836,24.681914666022603,26.73362561246127,24.418873386781943,7.21,WFC,石油巨獸與高股息個股,2020-12-31
23.98047637939453,18.939601099857665,25.190456350953614,18.477018743699496,26.62,WFC,石油巨獸與高股息個股,2020-11-30
18.721403121948242,20.571722129407533,22.46567808697114,18.119171959312652,-8.99,WFC,石油巨獸與高股息個股,2020-10-31
20.519351959228516,20.964475098254855,22.692605718752198,19.690196985359755,-2.12,WFC,石油巨獸與高股息個股,2020-09-30
21.077939987182617,21.078479403462406,22.814797387767413,20.528080238373036,-0.0,WFC,石油巨獸與高股息個股,2020-08-31
21.08717155456543,22.364917929725575,23.338435007758285,20.27879578791833,-5.71,WFC,石油巨獸與高股息個股,2020-07-31
22.251914978027344,23.129827390586286,29.457713021001272,21.878152083936794,-3.8,WFC,石油巨獸與高股息個股,2020-06-30
23.008129119873047,24.27931589301869,24.659644788220188,19.122738854349766,-5.24,WFC,石油巨獸與高股息個股,2020-05-31
24.747865676879883,23.018497769646373,28.88812020095518,22.072885548925957,7.51,WFC,石油巨獸與高股息個股,2020-04-30
24.44969940185547,34.91109525052262,36.54675953185824,21.391355729312636,-29.97,WFC,石油巨獸與高股息個股,2020-03-31
34.80036163330078,39.81918081932063,41.31743835046065,33.863266256914315,-12.6,WFC,石油巨獸與高股息個股,2020-02-29
39.56631088256836,45.39082757478829,45.55098297499326,39.397722333159145,-12.83,WFC,石油巨獸與高股息個股,2020-01-31
45.34868621826172,45.778568179526715,45.98930720631461,43.97473443354293,-0.94,WFC,石油巨獸與高股息個股,2019-12-31
45.905006408691406,43.524492932468945,46.149451765092536,43.34080903875262,5.47,WFC,石油巨獸與高股息個股,2019-11-30
43.107017517089844,42.2887953211649,43.71651379574019,39.5084959274754,1.93,WFC,石油巨獸與高股息個股,2019-10-31
42.113468170166016,38.665239801880745,42.92333992785582,37.97225299812222,8.92,WFC,石油巨獸與高股息個股,2019-09-30
38.88230895996094,39.96858721368313,40.158480971005076,36.18553163527636,-2.72,WFC,石油巨獸與高股息個股,2019-08-31
39.96859359741211,39.5310089738383,40.926326583217815,37.26879024292615,1.11,WFC,石油巨獸與高股息個股,2019-07-31
39.06865692138672,36.52573769304226,39.38239596313862,36.49271185912272,6.96,WFC,石油巨獸與高股息個股,2019-06-30
36.6330680847168,39.51231960922108,39.94571119225783,36.50922592788682,-7.29,WFC,石油巨獸與高股息個股,2019-05-31
39.58591842651367,39.60227064303637,40.6244182417007,37.337185881477325,-0.04,WFC,石油巨獸與高股息個股,2019-04-30
39.5123176574707,41.074174290779254,42.864983186411145,39.08710194143275,-3.8,WFC,石油巨獸與高股息個股,2019-03-31
40.796142578125,40.06838041805369,41.074171617825066,38.481994777363575,1.82,WFC,石油巨獸與高股息個股,2019-02-28
39.99478530883789,36.89639873693297,40.9563764341195,36.79915453404405,8.4,WFC,石油巨獸與高股息個股,2019-01-31
37.34211349487305,44.39237726697004,44.60307666782733,34.862357602840795,-15.88,WFC,石油巨獸與高股息個股,2018-12-31
43.9871940612793,42.95088137056961,44.20599588145942,41.12608173323533,2.41,WFC,石油巨獸與高股息個股,2018-11-30
42.790103912353516,42.396214183534966,44.220994774950306,40.20967198706814,0.93,WFC,石油巨獸與高股息個股,2018-10-31
42.25151443481445,46.98631572404181,47.58922024661713,42.130932405318205,-10.08,WFC,石油巨獸與高股息個股,2018-09-30
47.010440826416016,46.253949333041746,47.85449659538182,45.55167390852476,1.64,WFC,石油巨獸與高股息個股,2018-08-31
45.719261169433594,44.051368704786505,47.2993668868783,42.7984591951523,3.79,WFC,石油巨獸與高股息個股,2018-07-31
44.24290466308594,43.54063286533539,45.58359902053563,42.311661851229616,1.61,WFC,石油巨獸與高股息個股,2018-06-30
43.08576202392578,40.997472867806934,44.83345031738281,40.548013992478644,5.09,WFC,石油巨獸與高股息個股,2018-05-31
41.15589141845703,41.48062442559572,42.740026083724764,39.80936848769101,-0.78,WFC,石油巨獸與高股息個股,2018-04-30
41.51232147216797,46.13801445910676,46.684540924615135,40.14995673335193,-10.03,WFC,石油巨獸與高股息個股,2018-03-31
46.26472091674805,51.77752716841511,52.347811491020785,43.34199607458077,-10.65,WFC,石油巨獸與高股息個股,2018-02-28
51.79336929321289,48.06121791338749,52.210670476346266,47.79351114439963,7.77,WFC,石油巨獸與高股息個股,2018-01-31
47.769893646240234,44.541655001633046,49.006076697146845,43.65192337711492,7.25,WFC,石油巨獸與高股息個股,2017-12-31
44.46293258666992,44.0371366087775,45.140073517004055,41.896090986863044,0.97,WFC,石油巨獸與高股息個股,2017-11-30
43.89640808105469,43.130119843873146,44.19353458868872,41.31610238389305,1.78,WFC,石油巨獸與高股息個股,2017-10-31
43.122314453125,39.92431869279607,43.18486566838421,38.524689223605655,8.01,WFC,石油巨獸與高股息個股,2017-09-30
39.932125091552734,42.09715552200787,42.22135870321497,39.77574256694282,-5.14,WFC,石油巨獸與高股息個股,2017-08-31
41.87205505371094,43.3236746592581,43.82048750027197,41.282073418252786,-3.35,WFC,石油巨獸與高股息個股,2017-07-31
43.01316452026367,40.00122565332427,43.93692634418816,39.63638046140723,7.53,WFC,石油巨獸與高股息個股,2017-06-30
39.698482513427734,41.703652107416076,43.16065373224029,39.45784049532223,-4.81,WFC,石油巨獸與高股息個股,2017-05-31
41.50321578979492,42.937023017976685,43.322448818938994,39.51438972214545,-3.34,WFC,石油巨獸與高股息個股,2017-04-30
42.906185150146484,45.56564556595391,46.2440048343241,41.8115692687562,-5.84,WFC,石油巨獸與高股息個股,2017-03-31
44.61750030517578,43.58455921781851,45.48857569242613,42.52846542927269,2.37,WFC,石油巨獸與高股息個股,2017-02-28
43.12974548339844,42.6244015222962,43.8954100242257,40.840405368840095,1.19,WFC,石油巨獸與高股息個股,2017-01-31
42.19563674926758,40.679632380819896,44.423709519948304,40.62603626196102,3.73,WFC,石油巨獸與高股息個股,2016-12-31
40.518836975097656,35.02055219643564,41.39166814438739,34.06430867379674,15.7,WFC,石油巨獸與高股息個股,2016-11-30
34.937034606933594,33.501890025418106,35.544496165014706,33.069056715246155,4.28,WFC,石油巨獸與高股息個股,2016-10-31
404.67010498046875,387.25,405.6300048828125,384.94000244140625,4.5,VLO,石油巨獸與高股息個股,2026-10-31
387.6099853515625,363.9200134277344,419.0400085449219,356.2300109863281,6.51,VLO,石油巨獸與高股息個股,2026-09-30
358.9200134277344,311.94000244140625,362.7900085449219,291.4599914550781,15.06,VLO,石油巨獸與高股息個股,2026-08-31
312.8999938964844,262.0273846096864,319.0071503205242,259.74619190033764,19.41,VLO,石油巨獸與高股息個股,2026-07-31
259.4373779296875,247.54333853742708,271.1222237438124,231.82408488505084,4.8,VLO,石油巨獸與高股息個股,2026-06-30
243.8775177001953,248.25651027446835,261.49225191209877,225.30468945798793,-1.76,VLO,石油巨獸與高股息個股,2026-05-31
250.41786193847656,240.67200178168758,252.37100738630224,212.872045088759,4.05,VLO,石油巨獸與高股息個股,2026-04-30
244.96493530273438,213.14964475694484,256.21777693639183,205.71384637175936,14.93,VLO,石油巨獸與高股息個股,2026-03-31
202.88824462890625,175.47250870795324,205.00000786170017,173.9254030049197,15.62,VLO,石油巨獸與高股息個股,2026-02-28
178.7834930419922,160.86868730013856,191.66283880025068,159.71575578662066,11.14,VLO,石油巨獸與高股息個股,2026-01-31
160.41539001464844,174.73344746760654,179.39444693659917,157.56755766527098,-8.19,VLO,石油巨獸與高股息個股,2025-12-31
174.18161010742188,166.96989625238285,181.76619681595113,161.6232639028622,4.32,VLO,石油巨獸與高股息個股,2025-11-30
166.03964233398438,166.48027170619065,172.56136288235587,152.06589837494732,-0.26,VLO,石油巨獸與高股息個股,2025-10-31
166.72509765625,149.17714921168695,174.72546710223816,148.10978312105735,11.76,VLO,石油巨獸與高股息個股,2025-09-30
148.85398864746094,132.35385007059824,150.06824935578518,128.06477423920714,12.47,VLO,石油巨獸與高股息個股,2025-08-31
134.45919799804688,130.98933489676207,150.6678452120107,130.3968421348242,2.65,VLO,石油巨獸與高股息個股,2025-07-31
130.5619659423828,127.44409726089287,138.82771450249115,121.50945474487537,2.45,VLO,石油巨獸與高股息個股,2025-06-30
125.26838684082031,112.31034908210044,131.6788562120028,110.08552590375777,11.54,VLO,石油巨獸與高股息個股,2025-05-31
111.80952453613281,127.20033938062434,129.07842103548793,95.34966509196113,-12.1,VLO,石油巨獸與高股息個股,2025-04-30
127.20030975341797,126.90173712056827,132.39158096299292,115.24789479718173,0.24,VLO,石油巨獸與高股息個股,2025-03-31
125.90972137451172,128.79907700406397,138.81564724780588,122.95292600839065,-2.24,VLO,石油巨獸與高股息個股,2025-02-28
128.09603881835938,117.79160804770227,138.58448343645338,116.14843779525468,8.75,VLO,石油巨獸與高股息個股,2025-01-31
117.11331176757812,132.40809316329322,135.7516966738143,111.62019117483347,-11.55,VLO,石油巨獸與高股息個股,2024-12-31
132.8666229248047,123.34184055404286,137.18451231915057,121.0473749018197,7.72,VLO,石油巨獸與高股息個股,2024-11-30
123.02896881103516,126.41377457624948,138.54981491462783,120.48798555994202,-2.68,VLO,石油巨獸與高股息個股,2024-10-31
128.02560424804688,137.0138621161905,137.118156691184,123.60731283619644,-6.56,VLO,石油巨獸與高股息個股,2024-09-30
139.1186981201172,152.7527795655873,155.13257371964994,131.99825745468547,-8.93,VLO,石油巨獸與高股息個股,2024-08-31
152.3166046142578,149.14257837492377,158.02423660243718,135.19371132586076,2.13,VLO,石油巨獸與高股息個股,2024-07-31
147.64505004882812,147.9181491862108,148.05005480288392,138.68799472409725,-0.18,VLO,石油巨獸與高股息個股,2024-06-30
148.00291442871094,149.9883176494909,156.08702495229002,141.84321823651925,-1.32,VLO,石油巨獸與高股息個股,2024-05-31
149.53933715820312,159.11764879236162,172.8490325735183,149.4083844055291,-6.02,VLO,石油巨獸與高股息個股,2024-04-30
159.66015625,133.24500968431775,161.3157885766222,133.01118655767797,19.82,VLO,石油巨獸與高股息個股,2024-03-31
132.3189697265625,130.56045477598317,137.55711808863217,125.17266646494772,1.35,VLO,石油巨獸與高股息個股,2024-02-29
129.92440795898438,121.27666417003688,133.301133751939,115.13112625151255,7.13,VLO,石油巨獸與高股息個股,2024-01-31
120.68253326416016,116.04090195889749,126.93016695373322,111.59420845486015,4.0,VLO,石油巨獸與高股息個股,2023-12-31
116.37509155273438,117.74036733921886,121.0278080961037,110.39192172857243,-1.16,VLO,石油巨獸與高股息個股,2023-11-30
116.94841003417969,130.49419824953287,130.94540761905873,111.58904852379668,-10.38,VLO,石油巨獸與高股息個股,2023-10-31
130.4941864013672,121.55267897520979,140.15391692020518,121.35929353071481,7.36,VLO,石油巨獸與高股息個股,2023-09-30
119.61888122558594,117.41978644496253,128.2841227196169,112.86902493443073,1.87,VLO,石油巨獸與高股息個股,2023-08-31
117.76696014404297,108.0923566193803,120.13307593670923,102.46483181934106,8.95,VLO,石油巨獸與高股息個股,2023-07-31
107.1605453491211,97.91529517869758,107.48028981955923,96.52668798003452,9.44,VLO,石油巨獸與高股息個股,2023-06-30
97.78739929199219,103.58936151532592,105.37908721889318,94.30217401666997,-5.6,VLO,石油巨獸與高股息個股,2023-05-31
103.79756927490234,128.4638555767737,128.77161516676057,101.51648496968531,-19.2,VLO,石油巨獸與高股息個股,2023-04-30
126.36380767822266,119.93700641583418,128.79875292117364,109.39158999941137,5.36,VLO,石油巨獸與高股息個股,2023-03-31
119.23999786376953,126.59818956968434,127.9281496291915,113.28056838284898,-5.81,VLO,石油巨獸與高股息個股,2023-02-28
125.8343734741211,113.00198496772857,135.14408565403488,105.77706305697544,11.36,VLO,石油巨獸與高股息個股,2023-01-31
113.99948120117188,121.17048710071387,122.0511487130137,102.8744962252846,-5.92,VLO,石油巨獸與高股息個股,2022-12-31
120.07418060302734,113.33044081467848,127.74838358614974,110.78719137890519,5.95,VLO,石油巨獸與高股息個股,2022-11-30
112.03651428222656,98.16022557629069,117.7297773358169,95.91145751984976,14.14,VLO,石油巨獸與高股息個股,2022-10-31
95.3492660522461,102.88975789584637,103.7731929990627,87.21089325687578,-7.33,VLO,石油巨獸與高股息個股,2022-09-30
104.51386260986328,96.45076133141467,111.89371871537978,91.6459502131102,8.36,VLO,石油巨獸與高股息個股,2022-08-31
97.9900131225586,95.35382291740805,102.2627578630396,85.74678721605554,2.76,VLO,石油巨獸與高股息個股,2022-07-31
94.01803588867188,115.29327844956637,129.8718962518885,90.67414328605975,-18.45,VLO,石油巨獸與高股息個股,2022-06-30
114.64749908447266,97.82793479240877,120.08794188085288,97.40675808029059,17.19,VLO,石油巨獸與高股息個股,2022-05-31
97.81918334960938,89.43064034809464,101.84670022211854,84.8590857226049,9.38,VLO,石油巨獸與高股息個股,2022-04-30
89.09723663330078,74.23307280192088,90.45729481413261,69.88965092892225,20.02,VLO,石油巨獸與高股息個股,2022-03-31
73.27664184570312,71.68349919807078,82.2793495966414,71.16298616929025,2.22,VLO,石油巨獸與高股息個股,2022-02-28
71.97846221923828,65.75832029970047,75.11020221682797,65.0989972904867,9.46,VLO,石油巨獸與高股息個股,2022-01-31
65.15972137451172,59.850460773049384,65.61950798757502,56.501828068787134,8.87,VLO,石油巨獸與高股息個股,2021-12-31
58.072059631347656,66.80747059907891,67.7497433901234,56.99632508823566,-13.08,VLO,石油巨獸與高股息個股,2021-11-30
66.24209594726562,60.72549242961132,71.2276021118628,60.639832158268455,9.08,VLO,石油巨獸與高股息個股,2021-10-31
60.451393127441406,56.622312369107355,62.472996895672935,52.99026445359975,6.76,VLO,石油巨獸與高股息個股,2021-09-30
56.80219650268555,56.8315749929396,58.43602730672532,50.41184580858802,-0.05,VLO,石油巨獸與高股息個股,2021-08-31
56.552886962890625,67.13387362051208,67.37031893703049,51.30885078995395,-15.76,VLO,石油巨獸與高股息個股,2021-07-31
65.93476104736328,68.84810101014564,71.7361256599496,64.09386038840043,-4.23,VLO,石油巨獸與高股息個股,2021-06-30
67.8938980102539,62.9768205121464,69.32945343698677,62.83505747389228,7.81,VLO,石油巨獸與高股息個股,2021-05-31
61.6759033203125,60.15820569075107,64.17764119413035,56.230481189576885,2.52,VLO,石油巨獸與高股息個股,2021-04-30
59.7078742980957,65.46186185461748,70.3735857660307,57.581419993615384,-8.79,VLO,石油巨獸與高股息個股,2021-03-31
64.19432067871094,46.762334971277866,66.26242482357934,45.03769790674587,37.28,VLO,石油巨獸與高股息個股,2021-02-28
46.34349822998047,46.8362522480766,50.90969327787883,44.98842531814813,-1.05,VLO,石油巨獸與高股息個股,2021-01-31
46.45847702026367,45.0869739922179,50.6468791186249,42.62320898235686,3.04,VLO,石油巨獸與高股息個股,2020-12-31
44.158958435058594,31.74755351460587,49.20968748004256,30.56155440573248,39.09,VLO,石油巨獸與高股息個股,2020-11-30
31.15052032470703,33.57899429505688,36.2172320635452,28.592966053716022,-7.23,VLO,石油巨獸與高股息個股,2020-10-31
34.95054626464844,42.179458420129336,43.954431173009695,34.635893447532005,-17.14,VLO,石油巨獸與高股息個股,2020-09-30
42.4295768737793,44.55951187022242,45.32597336385107,40.928926806830646,-4.78,VLO,石油巨獸與高股息個股,2020-08-31
44.575660705566406,46.93009278814883,47.802103426527786,39.533845866699984,-5.02,VLO,石油巨獸與高股息個股,2020-07-31
46.62884521484375,52.97868300844271,61.128039420798515,44.123799993505784,-11.99,VLO,石油巨獸與高股息個股,2020-06-30
52.828067779541016,47.476157931267856,56.51429331033453,44.24270960848232,11.27,VLO,石油巨獸與高股息個股,2020-05-31
49.44294738769531,32.842303786832105,52.24484352989958,30.96135181774015,50.55,VLO,石油巨獸與高股息個股,2020-04-30
35.40224838256836,52.2682649620279,53.89164267197692,24.194651134393133,-32.27,VLO,石油巨獸與高股息個股,2020-03-31
51.70631790161133,65.02962744997878,67.73722614673216,48.70930252603479,-20.49,VLO,石油巨獸與高股息個股,2020-02-29
65.037353515625,72.99826094003902,75.62102834253342,64.27366186682683,-10.91,VLO,石油巨獸與高股息個股,2020-01-31
72.24229431152344,73.9316647093066,74.98849489884003,70.92318026339088,-2.29,VLO,石油巨獸與高股息個股,2019-12-31
73.66168975830078,74.77175745299863,77.97514825279555,73.1062434469835,-1.48,VLO,石油巨獸與高股息個股,2019-11-30
74.14482879638672,65.47495856095509,77.5546732316245,62.15688390724526,13.24,VLO,石油巨獸與高股息個股,2019-10-31
65.16915893554688,56.499297148528576,65.75020892673194,55.99469982437864,15.35,VLO,石油巨獸與高股息個股,2019-09-30
57.55436706542969,64.43183091112768,65.42995317440032,54.28213670016533,-10.67,VLO,石油巨獸與高股息個股,2019-08-31
64.4620590209961,65.66437135248387,65.9668339255438,60.295654292358314,-1.83,VLO,石油巨獸與高股息個股,2019-07-31
64.73429107666016,53.46758922808294,64.85527261712309,53.42978503149384,21.07,VLO,石油巨獸與高股息個股,2019-06-30
53.233192443847656,68.02681939655406,68.66992267693522,52.507285982171446,-21.75,VLO,石油巨獸與高股息個股,2019-05-31
67.7950210571289,64.21306554133244,69.32048225123457,62.09678527330257,5.58,VLO,石油巨獸與高股息個股,2019-04-30
63.43534851074219,61.40882806226131,65.76847254872433,58.73920820991955,3.3,VLO,石油巨獸與高股息個股,2019-03-31
60.990055084228516,65.09520483706822,65.25054498956078,60.75305956210846,-6.31,VLO,石油巨獸與高股息個股,2019-02-28
64.96205139160156,54.60600766516644,65.36149989248862,53.9624410156436,18.97,VLO,石油巨獸與高股息個股,2019-01-31
55.45669174194336,60.84923186066463,61.973601247480424,50.900023037192035,-8.86,VLO,石油巨獸與高股息個股,2018-12-31
59.10349655151367,67.45685197868444,69.398427014201,56.40353358316992,-12.38,VLO,石油巨獸與高股息個股,2018-11-30
66.73883056640625,83.95656533805072,88.4478301220809,60.54778830280561,-20.51,VLO,石油巨獸與高股息個股,2018-10-31
83.34111785888672,86.71873701587575,88.8141716180671,79.2015409339959,-3.89,VLO,石油巨獸與高股息個股,2018-09-30
86.36705780029297,84.84416092321999,89.69337244022037,81.04053815454034,1.79,VLO,石油巨獸與高股息個股,2018-08-31
86.11017608642578,79.96205466265192,86.39393541510519,75.48738685479306,7.69,VLO,石油巨獸與高股息個股,2018-07-31
80.63871765136719,88.8240899727786,92.38926033120306,78.34680762776459,-9.22,VLO,石油巨獸與高股息個股,2018-06-30
88.18379974365234,79.6702595262512,90.78129269827444,78.59363044919704,10.69,VLO,石油巨獸與高股息個股,2018-05-31
80.15435028076172,66.65682201711998,81.88128481354518,64.85040407627662,20.25,VLO,石油巨獸與高股息個股,2018-04-30
67.03252410888672,65.41398245829271,69.66269389694233,64.72033234993904,2.47,VLO,石油巨獸與高股息個股,2018-03-31
65.33450317382812,69.03813316706453,69.36034304620429,59.35761695299009,-5.36,VLO,石油巨獸與高股息個股,2018-02-28
68.71591186523438,66.00939000466897,71.56563241706759,65.66570058117082,4.1,VLO,石油巨獸與高股息個股,2018-01-31
65.80889129638672,61.12615403736981,66.71822725221574,59.085508535599395,7.66,VLO,石油巨獸與高股息個股,2017-12-31
61.305145263671875,56.31459865215055,61.47698716310406,56.13710685037037,8.86,VLO,石油巨獸與高股息個股,2017-11-30
56.00930404663086,54.47577933636313,56.18679582150715,53.84390266592505,2.82,VLO,石油巨獸與高股息個股,2017-10-31
54.61777114868164,48.35586103348068,55.21414093376734,47.73819267956939,12.95,VLO,石油巨獸與高股息個股,2017-09-30
48.348758697509766,48.73329710824974,49.54862312274359,45.594078187125966,-0.79,VLO,石油巨獸與高股息個股,2017-08-31
48.46626281738281,47.65111742812225,48.79653978249689,46.34406918465663,1.71,VLO,石油巨獸與高股息個股,2017-07-31
47.4051628112793,43.12562782427792,48.05868481164614,42.91481381629008,9.92,VLO,石油巨獸與高股息個股,2017-06-30
43.195884704589844,45.06994460983707,46.69696372959055,42.64778933364365,-4.16,VLO,石油巨獸與高股息個股,2017-05-31
44.923927307128906,46.300637549848354,47.065476950966335,43.98526390933684,-2.97,VLO,石油巨獸與高股息個股,2017-04-30
46.092044830322266,47.635638855044796,48.560396138566794,45.48713277316766,-3.24,VLO,石油巨獸與高股息個股,2017-03-31
47.24626922607422,45.77899248849216,48.261425567108155,44.46472084082762,3.21,VLO,石油巨獸與高股息個股,2017-02-28
45.249168395996094,47.85703739153906,49.13001283748429,44.34775958478421,-5.45,VLO,石油巨獸與高股息個股,2017-01-31
47.01068115234375,42.31786688779685,48.063466312278386,41.56784280056283,11.09,VLO,石油巨獸與高股息個股,2016-12-31
42.359153747558594,41.154923642548745,45.53127037129325,39.13022677323592,2.93,VLO,石油巨獸與高股息個股,2016-11-30
40.38457489013672,36.15797351280593,41.14810001429063,35.79666470012549,11.69,VLO,石油巨獸與高股息個股,2016-10-31
498.7445068359375,497.25,499.75,495.9599914550781,0.3,BRK-B,石油巨獸與高股息個股,2026-10-31
497.95001220703125,506.0,523.739990234375,497.95001220703125,-1.59,BRK-B,石油巨獸與高股息個股,2026-09-30
504.0299987792969,514.9299926757812,537.739990234375,495.67999267578125,-2.12,BRK-B,石油巨獸與高股息個股,2026-08-31
511.5400085449219,501.8299865722656,513.4400024414062,486.05999755859375,1.93,BRK-B,石油巨獸與高股息個股,2026-07-31
500.3900146484375,473.04998779296875,500.5799865722656,467.9599914550781,5.78,BRK-B,石油巨獸與高股息個股,2026-06-30
474.4800109863281,475.0799865722656,489.4200134277344,464.3399963378906,-0.13,BRK-B,石油巨獸與高股息個股,2026-05-31
473.6000061035156,478.9800109863281,487.95001220703125,464.010009765625,-1.12,BRK-B,石油巨獸與高股息個股,2026-04-30
479.20001220703125,495.2300109863281,500.8599853515625,467.2099914550781,-3.24,BRK-B,石油巨獸與高股息個股,2026-03-31
504.95001220703125,481.29998779296875,512.1300048828125,478.54998779296875,4.91,BRK-B,石油巨獸與高股息個股,2026-02-28
480.5299987792969,500.9599914550781,504.0799865722656,471.9100036621094,-4.08,BRK-B,石油巨獸與高股息個股,2026-01-31
502.6499938964844,513.6500244140625,514.489990234375,488.9200134277344,-2.14,BRK-B,石油巨獸與高股息個股,2025-12-31
513.8099975585938,479.510009765625,516.8499755859375,473.1499938964844,7.15,BRK-B,石油巨獸與高股息個股,2025-11-30
477.5400085449219,502.5,504.9700012207031,473.7200012207031,-4.97,BRK-B,石油巨獸與高股息個股,2025-10-31
502.739990234375,504.239990234375,507.6600036621094,486.2699890136719,-0.3,BRK-B,石油巨獸與高股息個股,2025-09-30
502.9800109863281,473.4700012207031,506.7200012207031,455.19000244140625,6.23,BRK-B,石油巨獸與高股息個股,2025-08-31
471.8800048828125,485.7799987792969,491.0899963378906,467.6499938964844,-2.86,BRK-B,石油巨獸與高股息個股,2025-07-31
485.7699890136719,501.70001220703125,503.2300109863281,481.7200012207031,-3.18,BRK-B,石油巨獸與高股息個股,2025-06-30
503.9599914550781,531.0,542.0700073242188,500.19000244140625,-5.09,BRK-B,石油巨獸與高股息個股,2025-05-31
533.25,531.8800048828125,539.0,462.1000061035156,0.26,BRK-B,石油巨獸與高股息個股,2025-04-30
532.5800170898438,516.219970703125,537.6300048828125,488.75,3.17,BRK-B,石油巨獸與高股息個股,2025-03-31
513.8300170898438,461.29998779296875,515.3699951171875,454.6000061035156,11.39,BRK-B,石油巨獸與高股息個股,2025-02-28
468.6700134277344,455.9599914550781,474.92999267578125,440.1000061035156,2.79,BRK-B,石油巨獸與高股息個股,2025-01-31
453.2799987792969,484.79998779296875,485.0899963378906,446.0899963378906,-6.5,BRK-B,石油巨獸與高股息個股,2024-12-31
483.0199890136719,451.489990234375,491.6700134277344,437.8999938964844,6.98,BRK-B,石油巨獸與高股息個股,2024-11-30
450.9200134277344,459.1099853515625,467.8399963378906,450.57000732421875,-1.78,BRK-B,石油巨獸與高股息個股,2024-10-31
460.260009765625,475.0,484.82000732421875,445.25,-3.1,BRK-B,石油巨獸與高股息個股,2024-09-30
475.9200134277344,439.6700134277344,476.95001220703125,406.1099853515625,8.24,BRK-B,石油巨獸與高股息個股,2024-08-31
438.5,408.0899963378906,449.25,403.82000732421875,7.45,BRK-B,石油巨獸與高股息個股,2024-07-31
406.79998779296875,414.8900146484375,417.0,403.3299865722656,-1.95,BRK-B,石油巨獸與高股息個股,2024-06-30
414.3999938964844,396.6099853515625,417.3299865722656,396.3500061035156,4.49,BRK-B,石油巨獸與高股息個股,2024-05-31
396.7300109863281,421.489990234375,424.5199890136719,395.6600036621094,-5.87,BRK-B,石油巨獸與高股息個股,2024-04-30
420.5199890136719,409.4800109863281,421.44000244140625,398.7799987792969,2.7,BRK-B,石油巨獸與高股息個股,2024-03-31
409.3999938964844,384.0,430.0,381.4800109863281,6.61,BRK-B,石油巨獸與高股息個股,2024-02-29
383.739990234375,356.32000732421875,387.9200134277344,355.94000244140625,7.7,BRK-B,石油巨獸與高股息個股,2024-01-31
356.6600036621094,359.94000244140625,364.04998779296875,350.8500061035156,-0.91,BRK-B,石油巨獸與高股息個股,2023-12-31
360.0,341.2099914550781,363.19000244140625,340.5799865722656,5.51,BRK-B,石油巨獸與高股息個股,2023-11-30
341.3299865722656,349.6400146484375,350.0,330.5799865722656,-2.38,BRK-B,石油巨獸與高股息個股,2023-10-31
350.29998779296875,362.0,373.3399963378906,348.54998779296875,-3.23,BRK-B,石油巨獸與高股息個股,2023-09-30
360.20001220703125,352.0299987792969,364.6300048828125,349.3900146484375,2.32,BRK-B,石油巨獸與高股息個股,2023-08-31
351.9599914550781,340.75,352.3299865722656,338.4100036621094,3.29,BRK-B,石油巨獸與高股息個股,2023-07-31
341.0,321.4200134277344,342.5,319.5299987792969,6.09,BRK-B,石油巨獸與高股息個股,2023-06-30
321.0799865722656,329.1600036621094,333.94000244140625,317.4100036621094,-2.45,BRK-B,石油巨獸與高股息個股,2023-05-31
328.54998779296875,309.25,328.80999755859375,307.07000732421875,6.24,BRK-B,石油巨獸與高股息個股,2023-04-30
308.7699890136719,304.0199890136719,317.2900085449219,292.4200134277344,1.56,BRK-B,石油巨獸與高股息個股,2023-03-31
305.17999267578125,309.6300048828125,314.1499938964844,300.010009765625,-1.44,BRK-B,石油巨獸與高股息個股,2023-02-28
311.5199890136719,310.07000732421875,321.32000732421875,303.8599853515625,0.47,BRK-B,石油巨獸與高股息個股,2023-01-31
308.8999938964844,319.0,319.55999755859375,297.0,-3.17,BRK-B,石油巨獸與高股息個股,2022-12-31
318.6000061035156,298.45001220703125,319.1199951171875,282.3800048828125,6.75,BRK-B,石油巨獸與高股息個股,2022-11-30
295.0899963378906,269.5199890136719,299.9800109863281,259.8500061035156,9.49,BRK-B,石油巨獸與高股息個股,2022-10-31
267.0199890136719,279.95001220703125,289.239990234375,261.54998779296875,-4.62,BRK-B,石油巨獸與高股息個股,2022-09-30
280.79998779296875,299.70001220703125,308.1499938964844,280.44000244140625,-6.31,BRK-B,石油巨獸與高股息個股,2022-08-31
300.6000061035156,272.5,302.3999938964844,271.20001220703125,10.31,BRK-B,石油巨獸與高股息個股,2022-07-31
273.0199890136719,316.0,316.7900085449219,263.67999267578125,-13.6,BRK-B,石油巨獸與高股息個股,2022-06-30
315.9800109863281,324.1099853515625,327.2799987792969,298.1099853515625,-2.51,BRK-B,石油巨獸與高股息個股,2022-05-31
322.8299865722656,353.6499938964844,354.5799865722656,320.5,-8.71,BRK-B,石油巨獸與高股息個股,2022-04-30
352.9100036621094,320.260009765625,362.1000061035156,313.5899963378906,10.19,BRK-B,石油巨獸與高股息個股,2022-03-31
321.45001220703125,312.6400146484375,325.6300048828125,299.510009765625,2.82,BRK-B,石油巨獸與高股息個股,2022-02-28
313.0199890136719,300.1000061035156,324.3999938964844,294.80999755859375,4.31,BRK-B,石油巨獸與高股息個股,2022-01-31
299.0,279.5400085449219,301.6499938964844,274.7900085449219,6.96,BRK-B,石油巨獸與高股息個股,2021-12-31
276.69000244140625,288.04998779296875,295.6499938964844,275.8900146484375,-3.94,BRK-B,石油巨獸與高股息個股,2021-11-30
287.010009765625,273.0199890136719,292.2200012207031,272.2200012207031,5.12,BRK-B,石油巨獸與高股息個股,2021-10-31
272.94000244140625,286.5899963378906,287.1400146484375,271.3599853515625,-4.76,BRK-B,石油巨獸與高股息個股,2021-09-30
285.7699890136719,279.30999755859375,291.82000732421875,276.7699890136719,2.31,BRK-B,石油巨獸與高股息個股,2021-08-31
278.2900085449219,278.20001220703125,282.2200012207031,270.7300109863281,0.03,BRK-B,石油巨獸與高股息個股,2021-07-31
277.9200134277344,291.5199890136719,293.2699890136719,272.4599914550781,-4.67,BRK-B,石油巨獸與高股息個股,2021-06-30
289.44000244140625,278.54998779296875,295.0799865722656,276.7799987792969,3.91,BRK-B,石油巨獸與高股息個股,2021-05-31
274.95001220703125,255.74000549316406,277.7900085449219,254.8000030517578,7.51,BRK-B,石油巨獸與高股息個股,2021-04-30
255.47000122070312,246.86000061035156,267.5,243.22999572753906,3.49,BRK-B,石油巨獸與高股息個股,2021-03-31
240.50999450683594,229.97000122070312,250.55999755859375,228.0399932861328,4.58,BRK-B,石油巨獸與高股息個股,2021-02-28
227.8699951171875,231.72999572753906,236.24000549316406,226.10000610351562,-1.67,BRK-B,石油巨獸與高股息個股,2021-01-31
231.8699951171875,230.22999572753906,232.27999877929688,221.25999450683594,0.71,BRK-B,石油巨獸與高股息個股,2020-12-31
228.91000366210938,204.83999633789062,234.99000549316406,203.05999755859375,11.75,BRK-B,石油巨獸與高股息個股,2020-11-30
201.89999389648438,214.3000030517578,217.42999267578125,197.80999755859375,-5.79,BRK-B,石油巨獸與高股息個股,2020-10-31
212.94000244140625,216.9199981689453,223.24000549316406,206.5800018310547,-1.83,BRK-B,石油巨獸與高股息個股,2020-09-30
218.0399932861328,197.27999877929688,219.4499969482422,196.0,10.52,BRK-B,石油巨獸與高股息個股,2020-08-31
195.77999877929688,178.41000366210938,196.6699981689453,177.33999633789062,9.74,BRK-B,石油巨獸與高股息個股,2020-07-31
178.50999450683594,185.52999877929688,203.3300018310547,174.6300048828125,-3.78,BRK-B,石油巨獸與高股息個股,2020-06-30
185.5800018310547,185.2100067138672,187.27999877929688,167.0399932861328,0.2,BRK-B,石油巨獸與高股息個股,2020-05-31
187.36000061035156,176.17999267578125,197.22999572753906,174.19000244140625,6.35,BRK-B,石油巨獸與高股息個股,2020-04-30
182.8300018310547,207.25,218.8000030517578,159.5,-11.78,BRK-B,石油巨獸與高股息個股,2020-03-31
206.33999633789062,225.47999572753906,230.0800018310547,199.67999267578125,-8.49,BRK-B,石油巨獸與高股息個股,2020-02-29
224.42999267578125,227.50999450683594,231.61000061035156,221.11000061035156,-1.35,BRK-B,石油巨獸與高股息個股,2020-01-31
226.5,220.60000610351562,228.22999572753906,216.39999389648438,2.67,BRK-B,石油巨獸與高股息個股,2019-12-31
220.3000030517578,213.5500030517578,223.3699951171875,213.39999389648438,3.16,BRK-B,石油巨獸與高股息個股,2019-11-30
212.5800018310547,208.94000244140625,213.7100067138672,201.3300018310547,1.74,BRK-B,石油巨獸與高股息個股,2019-10-31
208.02000427246094,201.19000244140625,214.5800018310547,200.19000244140625,3.39,BRK-B,石油巨獸與高股息個股,2019-09-30
203.41000366210938,205.6300048828125,206.97999572753906,195.39999389648438,-1.08,BRK-B,石油巨獸與高股息個股,2019-08-31
205.42999267578125,214.25,216.5800018310547,204.36000061035156,-4.12,BRK-B,石油巨獸與高股息個股,2019-07-31
213.1699981689453,197.6199951171875,213.3300018310547,196.88999938964844,7.87,BRK-B,石油巨獸與高股息個股,2019-06-30
197.4199981689453,217.22000122070312,219.16000366210938,197.0800018310547,-9.12,BRK-B,石油巨獸與高股息個股,2019-05-31
216.7100067138672,202.16000366210938,217.32000732421875,202.0,7.2,BRK-B,石油巨獸與高股息個股,2019-04-30
200.88999938964844,203.14999389648438,207.75,197.02999877929688,-1.11,BRK-B,石油巨獸與高股息個股,2019-03-31
201.3000030517578,206.52000427246094,209.39999389648438,198.2100067138672,-2.53,BRK-B,石油巨獸與高股息個股,2019-02-28
205.5399932861328,201.72999572753906,208.00999450683594,191.0399932861328,1.89,BRK-B,石油巨獸與高股息個股,2019-01-31
204.17999267578125,221.97999572753906,223.58999633789062,186.10000610351562,-8.02,BRK-B,石油巨獸與高股息個股,2018-12-31
218.24000549316406,205.60000610351562,223.52000427246094,203.38999938964844,6.15,BRK-B,石油巨獸與高股息個股,2018-11-30
205.27999877929688,215.9199981689453,224.07000732421875,197.2899932861328,-4.93,BRK-B,石油巨獸與高股息個股,2018-10-31
214.11000061035156,209.2100067138672,223.0,208.0399932861328,2.34,BRK-B,石油巨獸與高股息個股,2018-09-30
208.72000122070312,198.8000030517578,211.32000732421875,196.77000427246094,4.99,BRK-B,石油巨獸與高股息個股,2018-08-31
197.8699951171875,186.08999633789062,201.39999389648438,185.72000122070312,6.33,BRK-B,石油巨獸與高股息個股,2018-07-31
186.64999389648438,192.89999389648438,196.74000549316406,184.75,-3.24,BRK-B,石油巨獸與高股息個股,2018-06-30
191.52999877929688,193.75999450683594,202.41000366210938,188.6199951171875,-1.15,BRK-B,石油巨獸與高股息個股,2018-05-31
193.72999572753906,199.00999450683594,202.77000427246094,192.02000427246094,-2.65,BRK-B,石油巨獸與高股息個股,2018-04-30
199.47999572753906,206.82000732421875,213.36000061035156,191.8699951171875,-3.55,BRK-B,石油巨獸與高股息個股,2018-03-31
207.1999969482422,214.49000549316406,217.5,189.3000030517578,-3.4,BRK-B,石油巨獸與高股息個股,2018-02-28
214.3800048828125,198.8699951171875,217.6199951171875,195.9600067138672,7.8,BRK-B,石油巨獸與高股息個股,2018-01-31
198.22000122070312,193.58999633789062,200.5,189.72000122070312,2.39,BRK-B,石油巨獸與高股息個股,2017-12-31
193.00999450683594,188.10000610351562,193.80999755859375,180.44000244140625,2.61,BRK-B,石油巨獸與高股息個股,2017-11-30
186.94000244140625,183.4499969482422,190.67999267578125,182.92999267578125,1.9,BRK-B,石油巨獸與高股息個股,2017-10-31
183.32000732421875,181.60000610351562,184.0,172.61000061035156,0.95,BRK-B,石油巨獸與高股息個股,2017-09-30
181.16000366210938,175.92999267578125,181.8699951171875,174.80999755859375,2.97,BRK-B,石油巨獸與高股息個股,2017-08-31
174.97000122070312,170.39999389648438,175.60000610351562,168.0,2.68,BRK-B,石油巨獸與高股息個股,2017-07-31
169.3699951171875,165.8000030517578,171.9499969482422,164.75,2.15,BRK-B,石油巨獸與高股息個股,2017-06-30
165.27999877929688,165.8000030517578,168.0399932861328,160.92999267578125,-0.31,BRK-B,石油巨獸與高股息個股,2017-05-31
165.2100067138672,166.72000122070312,168.9499969482422,162.27999877929688,-0.91,BRK-B,石油巨獸與高股息個股,2017-04-30
166.67999267578125,173.6999969482422,177.86000061035156,165.8000030517578,-4.04,BRK-B,石油巨獸與高股息個股,2017-03-31
171.4199981689453,164.75,172.1999969482422,162.14999389648438,4.05,BRK-B,石油巨獸與高股息個股,2017-02-28
164.13999938964844,164.33999633789062,165.3000030517578,158.61000061035156,-0.12,BRK-B,石油巨獸與高股息個股,2017-01-31
162.97999572753906,157.5800018310547,167.25,157.50999450683594,3.43,BRK-B,石油巨獸與高股息個股,2016-12-31
157.44000244140625,144.67999267578125,159.08999633789062,142.35000610351562,8.82,BRK-B,石油巨獸與高股息個股,2016-11-30
144.3000030517578,144.27000427246094,145.7100067138672,141.9199981689453,0.02,BRK-B,石油巨獸與高股息個股,2016-10-31
